55.2377 -145.203
55.2377 -145.203
54.0177 -145.203
54.9735 -145.203
55.2377 -145.203
55.2377 -145.203
55.246 -145.203
53.9297 -145.203
55.2377 -145.203
55.2377 -145.203
55.2377 -145.203
55.2377 -145.203
55.2377 -145.203
55.2377 -145.203
55.2377 -145.203
55.2377 -145.203
55.2377 -145.203
55.2377 -145.203
55.2377 -145.203
55.2377 -145.203
55.2377 -145.203
55.6553 -145.203
54.7428 -145.203
55.2377 -145.203
55.2377 -145.203
55.2315 -145.203
55.2377 -145.203
53.3764 -145.203
55.2377 -145.203
55.2377 -145.203
55.2377 -145.203
55.2377 -145.203
55.2377 -145.203
55.2377 -145.203
55.2377 -145.203
55.2377 -145.203
54.2629 -145.203
55.1058 -145.203
55.2377 -145.203
55.2377 -145.203
54.0136 -145.203
52.1997 -145.203
53.971 -145.203
55.2377 -145.203
55.2377 -145.203
55.2377 -145.203
55.2377 -145.203
55.2377 -145.203
55.2377 -145.203
55.2377 -145.203
55.2377 -145.203
55.2377 -145.203
55.2377 -145.203
55.2377 -145.203
55.2377 -145.203
55.2377 -145.203
55.2377 -145.203
55.2377 -145.203
55.2377 -145.203
55.278 -145.203
49.7753 -145.203
50.9932 -145.203
55.2377 -145.203
55.2377 -145.203
55.2377 -145.203
55.2377 -145.203
55.2377 -145.203
55.2377 -145.203
55.2377 -145.203
55.2377 -145.203
55.2377 -145.203
55.2377 -145.203
55.2377 -145.203
55.2377 -145.203
55.2377 -145.203
55.2377 -145.203
55.2377 -145.203
55.2377 -145.203
55.2377 -145.203
55.2377 -145.203
55.2377 -145.203
55.2377 -145.203
55.2377 -145.203
55.2377 -145.203
55.2377 -145.203
55.0851 -145.203
55.3433 -145.203
55.2377 -145.203
55.2377 -145.203
55.2377 -145.203
55.2377 -145.203
55.2377 -145.203
53.1431 -145.203
53.4816 -145.203
55.2377 -145.203
55.2377 -145.203
55.0446 -145.203
55.471 -145.203
55.2377 -145.203
55.2377 -145.203
55.2377 -145.203
55.2377 -145.203
55.2377 -145.203
55.2377 -145.203
55.2377 -145.203
55.2377 -145.203
55.2377 -145.203
55.2377 -145.203
55.2377 -145.203
55.2377 -145.203
55.2377 -145.203
55.2377 -145.203
55.2377 -145.203
55.2377 -145.203
55.2377 -145.203
55.2377 -145.203
55.2377 -145.203
55.2377 -145.203
55.2377 -145.203
55.2377 -145.203
55.2377 -145.203
55.2377 -145.203
55.2377 -145.203
55.2377 -145.203
55.2377 -145.203
55.2377 -145.203
53.8615 -145.203
55.1117 -145.203
55.2377 -145.203
55.2377 -145.203
55.2377 -145.203
55.2377 -145.203
55.2377 -145.203
55.2377 -145.203
55.2377 -145.203
55.2377 -145.203
55.2377 -145.203
55.2377 -145.203
54.2639 -145.203
55.0446 -145.203
55.2377 -145.203
55.2377 -145.203
55.2377 -145.203
55.2377 -145.203
55.2377 -145.203
55.2377 -145.203
55.2377 -145.203
55.2377 -145.203
55.2377 -145.203
53.8658 -145.203
54.2643 -145.203
55.2377 -145.203
55.2377 -145.203
55.2377 -145.203
55.2377 -145.203
55.2377 -145.203
55.2377 -145.203
55.2377 -145.203
55.2377 -145.203
55.2377 -145.203
55.2377 -145.203
55.2377 -145.203
55.2377 -145.203
55.2377 -145.203
55.2377 -145.203
55.2377 -145.203
55.2377 -145.203
55.2377 -145.203
55.2377 -145.203
55.2377 -145.203
55.2377 -145.203
55.2377 -145.203
55.2377 -145.203
55.2377 -145.203
55.2377 -145.203
55.2377 -145.203
55.2377 -145.203
54.0636 -145.203
55.5074 -145.203
55.2377 -145.203
55.2377 -145.203
55.2377 -145.203
55.2377 -145.203
55.2377 -145.203
55.2377 -145.203
55.2377 -145.203
55.2377 -145.203
55.2377 -145.203
55.2377 -145.203
55.2377 -145.203
55.2377 -145.203
55.2377 -145.203
55.2377 -145.203
55.2377 -145.203
55.2377 -145.203
54.5875 -145.203
54.7055 -145.203
55.2377 -145.203
55.2377 -145.203
55.2377 -145.203
55.2377 -145.203
55.2377 -145.203
55.2377 -145.203
55.2377 -145.203
55.2377 -145.203
54.2529 -145.203
55.5295 -145.203
55.2377 -145.203
55.2377 -145.203
55.2377 -145.203
55.2377 -145.203
55.2377 -145.203
55.2377 -145.203
55.2377 -145.203
55.2377 -145.203
55.2377 -145.203
55.2377 -145.203
55.2377 -145.203
55.2377 -145.203
54.3619 -145.203
55.1148 -145.203
55.2377 -145.203
52.892 -145.203
53.8218 -145.203
55.2377 -145.203
55.2377 -145.203
53.2954 -145.203
55.4648 -145.203
55.2377 -145.203
55.2377 -145.203
55.2377 -145.203
55.2377 -145.203
55.2377 -145.203
55.2377 -145.203
55.2377 -145.203
55.2377 -145.203
55.1084 -145.203
54.9105 -145.203
55.2377 -145.203
55.2377 -145.203
55.2377 -145.203
55.2377 -145.203
55.2377 -145.203
55.2377 -145.203
55.2377 -145.203
55.2377 -145.203
55.2377 -145.203
55.2377 -145.203
55.2377 -145.203
55.2377 -145.203
55.2377 -145.203
53.1431 -145.203
52.6505 -145.203
53.6832 -145.203
53.3755 -145.203
55.2377 -145.203
55.2377 -145.203
55.2377 -145.203
55.2377 -145.203
55.2377 -145.203
55.2377 -145.203
55.2377 -145.203
55.2377 -145.203
55.2377 -145.203
55.2377 -145.203
55.2377 -145.203
55.2377 -145.203
55.2377 -145.203
55.2377 -145.203
55.2377 -145.203
55.2377 -145.203
55.2377 -145.203
55.2377 -145.203
55.2377 -145.203
54.2784 -145.203
55.5065 -145.203
55.2377 -145.203
55.2377 -145.203
55.2377 -145.203
55.2377 -145.203
55.2377 -145.203
55.2377 -145.203
55.2377 -145.203
55.2377 -145.203
55.2377 -145.203
55.2377 -145.203
55.2377 -145.203
55.2377 -145.203
52.6587 -145.203
53.5277 -145.203
55.5543 -145.203
55.5589 -145.203
55.2377 -145.203
55.2377 -145.203
55.2377 -145.203
55.2377 -145.203
52.892 -145.203
54.3962 -145.203
55.2377 -145.203
55.2377 -145.203
55.2377 -145.203
55.2377 -145.203
55.2377 -145.203
55.2377 -145.203
55.2377 -145.203
55.2377 -145.203
53.7335 -145.203
53.9261 -145.203
55.2377 -145.203
55.2377 -145.203
55.2377 -145.203
55.2377 -145.203
55.3635 -145.203
54.1562 -145.203
55.2377 -145.203
55.2377 -145.203
55.2377 -145.203
55.2377 -145.203
55.2377 -145.203
55.2377 -145.203
55.2377 -145.203
55.2377 -145.203
55.2377 -145.203
55.2377 -145.203
52.892 -145.203
55.471 -145.203
55.2377 -145.203
55.2377 -145.203
55.2377 -145.203
55.2377 -145.203
55.2377 -145.203
55.2377 -145.203
55.2377 -145.203
55.2377 -145.203
55.2377 -145.203
55.2377 -145.203
55.2377 -145.203
55.2377 -145.203
55.2377 -145.203
55.2377 -145.203
54.1561 -145.203
53.9979 -145.203
55.2377 -145.203
55.9325 -145.203
54.1596 -145.203
55.2377 -145.203
55.2377 -145.203
55.2377 -145.203
55.2377 -145.203
55.2377 -145.203
55.2377 -145.203
55.2377 -145.203
55.2377 -145.203
55.2377 -145.203
54.9638 -145.203
52.8325 -145.203
55.2377 -145.203
55.2377 -145.203
55.2377 -145.203
55.2377 -145.203
55.4404 -145.203
52.5298 -145.203
55.6298 -145.203
55.2377 -145.203
55.2377 -145.203
55.2377 -145.203
55.2377 -145.203
55.2377 -145.203
54.0104 -145.203
52.7474 -145.203
55.2377 -145.203
55.2377 -145.203
46.312 -145.203
45.512 -145.203
55.2377 -145.203
55.2377 -145.203
54.2572 -145.203
54.7204 -145.203
55.2377 -145.203
55.2377 -145.203
55.2377 -145.203
55.2377 -145.203
55.2377 -145.203
55.2377 -145.203
55.2377 -145.203
55.2377 -145.203
55.2377 -145.203
55.2377 -145.203
55.2377 -145.203
55.2377 -145.203
55.2377 -145.203
55.2377 -145.203
55.2377 -145.203
55.2377 -145.203
55.2377 -145.203
55.2377 -145.203
55.2377 -145.203
55.2377 -145.203
55.2377 -145.203
55.2377 -145.203
55.2377 -145.203
55.2377 -145.203
55.2377 -145.203
55.2377 -145.203
55.2377 -145.203
55.2315 -145.203
55.2377 -145.203
55.2377 -145.203
55.2377 -145.203
55.2377 -145.203
55.2377 -145.203
55.2377 -145.203
55.2377 -145.203
55.2377 -145.203
55.2377 -145.203
55.2377 -145.203
55.2377 -145.203
55.2377 -145.203
55.2377 -145.203
54.4542 -145.203
54.8315 -145.203
55.2377 -145.203
53.097 -145.203
55.2377 -145.203
55.2377 -145.203
55.2377 -145.203
55.2377 -145.203
55.2377 -145.203
55.2377 -145.203
54.0135 -145.203
54.395 -145.203
55.2377 -145.203
55.4044 -145.203
55.2377 -145.203
55.2377 -145.203
55.2377 -145.203
55.2377 -145.203
55.2377 -145.203
52.8534 -145.203
53.2007 -145.203
54.9566 -145.203
55.6299 -145.203
55.2377 -145.203
55.0804 -145.203
53.3959 -145.203
55.2377 -145.203
55.2377 -145.203
53.7335 -145.203
52.7474 -145.203
55.2377 -145.203
55.2377 -145.203
55.2377 -145.203
55.2377 -145.203
55.2377 -145.203
55.2377 -145.203
54.3046 -145.203
52.892 -145.203
55.2377 -145.203
55.2377 -145.203
54.7943 -145.203
55.2377 -145.203
55.2377 -145.203
55.2377 -145.203
55.2377 -145.203
55.2377 -145.203
55.2377 -145.203
55.2377 -145.203
55.2377 -145.203
55.2377 -145.203
55.2377 -145.203
55.2377 -145.203
55.2377 -145.203
55.2377 -145.203
55.2377 -145.203
55.2377 -145.203
55.2377 -145.203
55.2377 -145.203
55.2377 -145.203
55.2377 -145.203
55.2377 -145.203
55.2377 -145.203
55.2377 -145.203
55.2377 -145.203
55.2377 -145.203
55.2377 -145.203
55.2377 -145.203
55.2377 -145.203
55.2377 -145.203
55.2377 -145.203
55.2377 -145.203
55.2377 -145.203
55.2377 -145.203
55.2377 -145.203
55.2377 -145.203
55.2377 -145.203
55.2377 -145.203
55.2377 -145.203
55.2377 -145.203
55.2377 -145.203
53.8658 -145.203
55.2377 -145.203
55.2377 -145.203
55.2377 -145.203
55.2377 -145.203
55.2377 -145.203
55.2377 -145.203
55.2377 -145.203
55.2377 -145.203
55.2377 -145.203
55.2377 -145.203
55.2377 -145.203
55.2377 -145.203
55.2377 -145.203
55.2377 -145.203
55.2377 -145.203
55.2377 -145.203
55.2377 -145.203
55.2377 -145.203
55.2377 -145.203
55.2377 -145.203
55.2377 -145.203
55.2377 -145.203
55.2377 -145.203
54.2777 -145.203
55.1622 -145.203
55.2377 -145.203
55.2377 -145.203
55.2377 -145.203
55.2377 -145.203
54.1628 -145.203
54.1595 -145.203
55.2377 -145.203
55.2377 -145.203
55.2377 -145.203
55.2377 -145.203
55.2377 -145.203
55.2377 -145.203
55.2377 -145.203
55.2377 -145.203
55.2377 -145.203
55.2377 -145.203
55.2377 -145.203
55.2377 -145.203
55.2377 -145.203
55.2377 -145.203
55.2377 -145.203
54.7971 -145.203
54.6866 -145.203
54.0032 -145.203
54.2176 -145.203
55.2377 -145.203
55.2377 -145.203
55.2377 -145.203
55.2377 -145.203
55.2377 -145.203
55.2377 -145.203
55.2377 -145.203
55.2377 -145.203
55.2377 -145.203
55.2377 -145.203
55.2377 -145.203
55.2377 -145.203
55.2377 -145.203
55.2377 -145.203
55.2377 -145.203
55.2377 -145.203
55.2377 -145.203
55.2377 -145.203
55.2377 -145.203
55.1736 -145.203
55.197 -145.203
55.2377 -145.203
55.2377 -145.203
55.3421 -145.203
54.8061 -145.203
53.3436 -145.203
55.2377 -145.203
55.2377 -145.203
55.2377 -145.203
55.2377 -145.203
55.2377 -145.203
55.2377 -145.203
55.2377 -145.203
55.2377 -145.203
55.2377 -145.203
55.2377 -145.203
55.2377 -145.203
55.2377 -145.203
55.2377 -145.203
55.2377 -145.203
55.2377 -145.203
55.2377 -145.203
55.2377 -145.203
55.2377 -145.203
53.5683 -145.203
55.2377 -145.203
55.2377 -145.203
55.2377 -145.203
55.2377 -145.203
55.2377 -145.203
55.2377 -145.203
53.7699 -145.203
53.7647 -145.203
55.2377 -145.203
55.2377 -145.203
55.2377 -145.203
55.2377 -145.203
55.2377 -145.203
55.2377 -145.203
55.2377 -145.203
55.2377 -145.203
55.2377 -145.203
55.2377 -145.203
55.2377 -145.203
55.2377 -145.203
55.2377 -145.203
55.2377 -145.203
55.2377 -145.203
55.2377 -145.203
55.2377 -145.203
55.2377 -145.203
55.2377 -145.203
55.2377 -145.203
55.2377 -145.203
55.2372 -145.203
52.7876 -145.203
55.2377 -145.203
55.2377 -145.203
55.2377 -145.203
55.2377 -145.203
55.2377 -145.203
55.2377 -145.203
55.2377 -145.203
55.2377 -145.203
55.2377 -145.203
55.2377 -145.203
55.2377 -145.203
55.2377 -145.203
55.2377 -145.203
55.2377 -145.203
55.2377 -145.203
55.2377 -145.203
55.2377 -145.203
55.2377 -145.203
55.2377 -145.203
55.2377 -145.203
53.6376 -145.203
54.9979 -145.203
55.136 -145.203
54.0135 -145.203
55.2377 -145.203
55.2377 -145.203
55.2377 -145.203
55.2377 -145.203
55.2377 -145.203
55.2377 -145.203
55.2377 -145.203
55.2377 -145.203
55.2377 -145.203
55.2377 -145.203
55.2377 -145.203
55.2377 -145.203
55.2377 -145.203
55.2377 -145.203
55.2377 -145.203
55.2377 -145.203
55.2377 -145.203
55.2377 -145.203
55.2377 -145.203
55.2377 -145.203
55.2377 -145.203
55.2377 -145.203
55.2377 -145.203
55.2377 -145.203
55.2377 -145.203
55.2377 -145.203
55.2377 -145.203
55.2377 -145.203
55.2377 -145.203
55.2377 -145.203
55.2377 -145.203
55.2377 -145.203
55.2377 -145.203
55.2377 -145.203
55.2377 -145.203
55.2377 -145.203
55.2377 -145.203
55.2377 -145.203
55.2377 -145.203
55.2377 -145.203
55.2377 -145.203
55.2377 -145.203
55.2377 -145.203
55.2377 -145.203
55.2377 -145.203
52.8517 -145.203
53.8654 -145.203
55.2377 -145.203
55.2377 -145.203
55.2377 -145.203
55.2377 -145.203
55.2377 -145.203
55.2377 -145.203
55.2377 -145.203
55.2377 -145.203
55.2377 -145.203
55.2377 -145.203
55.2377 -145.203
55.2377 -145.203
55.2377 -145.203
55.2377 -145.203
55.2377 -145.203
55.2377 -145.203
55.2377 -145.203
55.2377 -145.203
55.2377 -145.203
55.2377 -145.203
55.2377 -145.203
55.2377 -145.203
55.2377 -145.203
55.2377 -145.203
55.2377 -145.203
55.2377 -145.203
55.2377 -145.203
55.2377 -145.203
55.2377 -145.203
55.2377 -145.203
55.2377 -145.203
55.2377 -145.203
55.2377 -145.203
55.2377 -145.203
55.3421 -145.203
53.6642 -145.203
55.2377 -145.203
55.2377 -145.203
55.2377 -145.203
55.2377 -145.203
55.2377 -145.203
55.2377 -145.203
55.2377 -145.203
55.2377 -145.203
55.2377 -145.203
55.2377 -145.203
55.2377 -145.203
55.2377 -145.203
55.2377 -145.203
55.2377 -145.203
55.2377 -145.203
55.2377 -145.203
55.2377 -145.203
55.2377 -145.203
55.2377 -145.203
55.2377 -145.203
55.2377 -145.203
55.2377 -145.203
55.2377 -145.203
55.2377 -145.203
55.2377 -145.203
55.2377 -145.203
55.2377 -145.203
55.2377 -145.203
55.2377 -145.203
55.2377 -145.203
55.2377 -145.203
55.2377 -145.203
55.2377 -145.203
55.2377 -145.203
55.2377 -145.203
55.2377 -145.203
55.2377 -145.203
55.2377 -145.203
55.2377 -145.203
54.8179 -145.203
53.5054 -145.203
55.2377 -145.203
55.2377 -145.203
55.2377 -145.203
55.2377 -145.203
55.2377 -145.203
55.2377 -145.203
55.2377 -145.203
55.2377 -145.203
55.2377 -145.203
55.2377 -145.203
55.2377 -145.203
55.2377 -145.203
55.2377 -145.203
55.2377 -145.203
55.2377 -145.203
55.2377 -145.203
55.2377 -145.203
55.2377 -145.203
55.2377 -145.203
55.2377 -145.203
54.6508 -145.203
54.2777 -145.203
55.2377 -145.203
55.2377 -145.203
55.2377 -145.203
55.2377 -145.203
55.2377 -145.203
55.2377 -145.203
55.2377 -145.203
55.2377 -145.203
53.9297 -145.203
55.1664 -145.203
55.2377 -145.203
55.2377 -145.203
53.7887 -145.203
55.2315 -145.203
55.2377 -145.203
55.2375 -145.203
54.2777 -145.203
55.2377 -145.203
55.2377 -145.203
55.2377 -145.203
55.2377 -145.203
55.2377 -145.203
55.2377 -145.203
55.2377 -145.203
55.2377 -145.203
53.6377 -145.203
55.2315 -145.203
55.2377 -145.203
55.2377 -145.203
54.7746 -145.203
55.5754 -145.203
53.6793 -145.203
55.2377 -145.203
55.2377 -145.203
55.2377 -145.203
55.2377 -145.203
55.2377 -145.203
55.2377 -145.203
55.2377 -145.203
55.2377 -145.203
55.2377 -145.203
55.2377 -145.203
55.2377 -145.203
55.2377 -145.203
55.2377 -145.203
55.2377 -145.203
55.2377 -145.203
55.2377 -145.203
55.2377 -145.203
55.2377 -145.203
55.2377 -145.203
55.2377 -145.203
55.2377 -145.203
55.2377 -145.203
55.2377 -145.203
55.2377 -145.203
55.2377 -145.203
55.2377 -145.203
55.2377 -145.203
55.2377 -145.203
55.2377 -145.203
55.2377 -145.203
55.2377 -145.203
55.2377 -145.203
55.2377 -145.203
55.2377 -145.203
55.2377 -145.203
55.2377 -145.203
55.2377 -145.203
55.2377 -145.203
54.1301 -145.203
55.422 -145.203
55.2377 -145.203
54.5699 -145.203
54.4542 -145.203
55.2377 -145.203
55.2377 -145.203
55.2377 -145.203
55.2377 -145.203
55.2377 -145.203
55.2377 -145.203
55.2377 -145.203
55.2377 -145.203
55.2377 -145.203
55.6675 -145.203
55.4231 -145.203
55.2377 -145.203
54.0081 -145.203
54.2588 -145.203
55.2377 -145.203
55.2377 -145.203
55.2377 -145.203
55.2377 -145.203
55.2377 -145.203
55.2377 -145.203
55.2377 -145.203
55.2377 -145.203
52.2165 -145.203
54.1394 -145.203
55.2377 -145.203
55.2377 -145.203
55.2377 -145.203
55.2377 -145.203
55.2377 -145.203
55.2377 -145.203
55.2377 -145.203
55.2377 -145.203
55.2377 -145.203
55.2377 -145.203
52.892 -145.203
54.1595 -145.203
55.2377 -145.203
55.2377 -145.203
55.2377 -145.203
55.2377 -145.203
55.2377 -145.203
55.2377 -145.203
55.2377 -145.203
55.2377 -145.203
55.2377 -145.203
55.2377 -145.203
55.2377 -145.203
55.2377 -145.203
55.2377 -145.203
55.2377 -145.203
55.2377 -145.203
54.9892 -145.203
54.8102 -145.203
53.8812 -145.203
53.4961 -145.203
53.8816 -145.203
55.2377 -145.203
55.2377 -145.203
55.2377 -145.203
55.2377 -145.203
55.2377 -145.203
55.2377 -145.203
55.2377 -145.203
55.2377 -145.203
55.2377 -145.203
55.2377 -145.203
55.2377 -145.203
55.2377 -145.203
55.2377 -145.203
55.2377 -145.203
55.2377 -145.203
53.4272 -145.203
55.2377 -145.203
55.2377 -145.203
55.2377 -145.203
55.2377 -145.203
55.2377 -145.203
55.2377 -145.203
55.2377 -145.203
55.2377 -145.203
55.2377 -145.203
55.2377 -145.203
51.1356 -145.203
54.322 -145.203
55.2377 -145.203
55.2377 -145.203
55.2377 -145.203
55.2377 -145.203
55.2377 -145.203
55.2377 -145.203
54.3314 -145.203
54.2148 -145.203
55.3699 -145.203
53.7917 -145.203
53.1031 -145.203
55.2377 -145.203
55.2377 -145.203
55.2377 -145.203
55.2377 -145.203
55.2377 -145.203
55.2377 -145.203
55.2377 -145.203
55.2377 -145.203
55.149 -145.203
54.6423 -145.203
55.2377 -145.203
55.2377 -145.203
55.0064 -145.203
54.075 -145.203
55.2377 -145.203
55.496 -145.203
53.7917 -145.203
55.2377 -145.203
55.2377 -145.203
55.2377 -145.203
55.2377 -145.203
55.2377 -145.203
55.2377 -145.203
53.7815 -145.203
54.031 -145.203
52.6587 -145.203
52.892 -145.203
53.5276 -145.203
53.0851 -145.203
55.2377 -145.203
55.2377 -145.203
55.2377 -145.203
55.2377 -145.203
54.0178 -145.203
55.117 -145.203
55.2377 -145.203
55.2377 -145.203
55.2377 -145.203
55.2377 -145.203
55.2377 -145.203
55.2377 -145.203
55.2377 -145.203
55.2377 -145.203
55.2377 -145.203
55.2377 -145.203
55.2377 -145.203
55.2377 -145.203
55.2377 -145.203
55.2377 -145.203
53.6438 -145.203
54.9482 -145.203
55.2377 -145.203
55.2377 -145.203
55.2377 -145.203
55.2377 -145.203
55.2377 -145.203
55.2377 -145.203
55.2377 -145.203
55.2377 -145.203
55.2377 -145.203
55.2377 -145.203
55.2377 -145.203
55.2377 -145.203
55.2377 -145.203
55.2377 -145.203
55.2377 -145.203
55.2377 -145.203
55.2377 -145.203
55.2377 -145.203
55.2377 -145.203
55.2377 -145.203
55.2377 -145.203
55.2377 -145.203
55.2377 -145.203
53.6503 -145.203
55.1674 -145.203
55.2377 -145.203
55.2377 -145.203
55.2377 -145.203
53.0683 -145.203
53.6792 -145.203
52.892 -145.203
55.1736 -145.203
53.7083 -145.203
50.9878 -145.203
54.6168 -145.203
55.2377 -145.203
55.2377 -145.203
55.2377 -145.203
55.2377 -145.203
53.2782 -145.203
55.5012 -145.203
53.9428 -145.203
55.2377 -145.203
55.2377 -145.203
55.2377 -145.203
55.0045 -145.203
54.717 -145.203
55.2377 -145.203
55.2377 -145.203
55.2377 -145.203
55.2377 -145.203
53.4994 -145.203
53.191 -145.203
55.2377 -145.203
55.2377 -145.203
55.2377 -145.203
55.2377 -145.203
54.5379 -145.203
52.892 -145.203
55.2377 -145.203
55.2377 -145.203
55.2377 -145.203
55.2377 -145.203
55.2377 -145.203
55.2377 -145.203
55.2377 -145.203
55.2377 -145.203
55.2377 -145.203
55.2377 -145.203
55.2377 -145.203
55.2377 -145.203
55.2377 -145.203
55.2377 -145.203
55.2377 -145.203
55.2377 -145.203
55.2377 -145.203
55.2377 -145.203
55.2377 -145.203
55.2377 -145.203
55.2377 -145.203
55.2377 -145.203
55.2377 -145.203
55.2377 -145.203
53.9297 -145.203
55.0407 -145.203
55.2377 -145.203
55.2377 -145.203
55.2377 -145.203
55.2377 -145.203
55.2377 -145.203
55.2377 -145.203
55.2377 -145.203
55.2377 -145.203
54.2621 -145.203
52.63 -145.203
52.7876 -145.203
54.0135 -145.203
54.3942 -145.203
55.2377 -145.203
55.2377 -145.203
55.2377 -145.203
55.2377 -145.203
53.7611 -145.203
55.761 -145.203
55.2377 -145.203
55.2377 -145.203
55.2377 -145.203
55.2377 -145.203
55.2377 -145.203
55.2377 -145.203
54.546 -145.203
55.2377 -145.203
55.2377 -145.203
55.2377 -145.203
55.2377 -145.203
55.2377 -145.203
55.2377 -145.203
55.2377 -145.203
55.2377 -145.203
55.2377 -145.203
55.2377 -145.203
55.2377 -145.203
55.2377 -145.203
55.2377 -145.203
55.2377 -145.203
55.2377 -145.203
55.2377 -145.203
55.2377 -145.203
55.2377 -145.203
55.2377 -145.203
55.2377 -145.203
55.2377 -145.203
55.2377 -145.203
55.2377 -145.203
55.2377 -145.203
55.2377 -145.203
55.2377 -145.203
55.2377 -145.203
55.2377 -145.203
55.2377 -145.203
55.2377 -145.203
55.2377 -145.203
55.2377 -145.203
55.2377 -145.203
55.2377 -145.203
55.2377 -145.203
55.2377 -145.203
55.2377 -145.203
55.2377 -145.203
55.2377 -145.203
55.2377 -145.203
55.2377 -145.203
55.2377 -145.203
55.2377 -145.203
55.2377 -145.203
55.2377 -145.203
55.2377 -145.203
54.0918 -145.203
54.0135 -145.203
54.857 -145.203
55.2377 -145.203
55.2377 -145.203
55.2377 -145.203
53.7917 -145.203
54.7055 -145.203
55.2377 -145.203
55.2377 -145.203
55.2377 -145.203
54.3042 -145.203
55.5429 -145.203
55.2377 -145.203
55.2377 -145.203
55.2377 -145.203
55.2377 -145.203
55.2377 -145.203
55.2377 -145.203
55.2377 -145.203
55.2377 -145.203
55.2377 -145.203
55.2377 -145.203
55.2377 -145.203
55.2377 -145.203
55.2377 -145.203
55.2377 -145.203
55.2377 -145.203
55.2377 -145.203
55.2377 -145.203
55.2377 -145.203
55.2377 -145.203
55.2377 -145.203
55.2377 -145.203
55.2377 -145.203
55.2377 -145.203
52.7876 -145.203
54.0958 -145.203
55.2377 -145.203
55.2377 -145.203
55.2377 -145.203
55.3654 -145.203
55.4167 -145.203
55.2377 -145.203
55.2377 -145.203
55.2377 -145.203
55.2377 -145.203
55.2377 -145.203
55.2377 -145.203
54.3463 -145.203
55.5537 -145.203
55.2377 -145.203
55.2377 -145.203
55.2377 -145.203
55.2377 -145.203
55.2377 -145.203
55.2377 -145.203
55.2377 -145.203
55.2377 -145.203
55.2377 -145.203
55.2377 -145.203
55.2377 -145.203
55.2377 -145.203
55.2377 -145.203
55.2377 -145.203
55.2377 -145.203
55.2377 -145.203
55.2377 -145.203
55.2377 -145.203
55.2377 -145.203
55.2377 -145.203
55.2377 -145.203
55.2377 -145.203
55.2377 -145.203
55.2377 -145.203
55.2377 -145.203
55.2377 -145.203
55.2377 -145.203
54.3925 -145.203
53.9978 -145.203
55.2377 -145.203
55.2377 -145.203
55.2377 -145.203
55.2377 -145.203
55.2377 -145.203
55.2377 -145.203
55.2377 -145.203
55.2377 -145.203
55.2377 -145.203
55.2377 -145.203
55.2377 -145.203
55.2377 -145.203
55.2377 -145.203
55.2377 -145.203
55.2377 -145.203
55.2377 -145.203
55.2377 -145.203
55.2377 -145.203
55.2377 -145.203
55.2377 -145.203
55.6689 -145.203
55.6689 -145.203
55.2377 -145.203
55.2377 -145.203
55.2377 -145.203
53.6862 -145.203
55.2377 -145.203
54.0595 -145.203
54.3282 -145.203
55.2377 -145.203
55.2377 -145.203
55.2377 -145.203
55.2377 -145.203
55.2377 -145.203
55.2377 -145.203
55.2377 -145.203
55.2377 -145.203
55.2377 -145.203
55.2377 -145.203
55.2377 -145.203
55.2377 -145.203
55.2377 -145.203
55.4711 -145.203
55.2377 -145.203
55.2377 -145.203
55.2377 -145.203
55.2377 -145.203
55.2377 -145.203
55.2377 -145.203
53.7917 -145.203
52.8951 -145.203
54.2574 -145.203
55.2377 -145.203
55.2377 -145.203
55.2377 -145.203
55.2377 -145.203
55.2377 -145.203
55.2377 -145.203
55.2377 -145.203
55.2377 -145.203
55.2377 -145.203
55.2377 -145.203
55.2377 -145.203
55.2377 -145.203
54.5856 -145.203
55.2377 -145.203
55.2377 -145.203
55.2377 -145.203
55.2377 -145.203
55.2377 -145.203
55.2377 -145.203
55.2377 -145.203
55.2377 -145.203
54.7359 -145.203
55.255 -145.203
53.7305 -145.203
55.0851 -145.203
55.2377 -145.203
55.2377 -145.203
55.2377 -145.203
55.2377 -145.203
55.2377 -145.203
55.2377 -145.203
55.2377 -145.203
55.2377 -145.203
55.2377 -145.203
55.2377 -145.203
55.2377 -145.203
55.2377 -145.203
55.2377 -145.203
55.2377 -145.203
55.2377 -145.203
55.2377 -145.203
55.2377 -145.203
55.2377 -145.203
55.2377 -145.203
55.2377 -145.203
55.2377 -145.203
55.2377 -145.203
55.2377 -145.203
55.2377 -145.203
55.2377 -145.203
55.2377 -145.203
55.2377 -145.203
53.5334 -145.203
53.2344 -145.203
55.2377 -145.203
55.2377 -145.203
55.2377 -145.203
55.2377 -145.203
55.2377 -145.203
55.2377 -145.203
55.2377 -145.203
55.2377 -145.203
55.2377 -145.203
55.2377 -145.203
55.2377 -145.203
55.2377 -145.203
55.2377 -145.203
55.2377 -145.203
55.2377 -145.203
55.2377 -145.203
55.2377 -145.203
55.2377 -145.203
55.2377 -145.203
52.4906 -145.203
54.5618 -145.203
55.2377 -145.203
53.4189 -145.203
53.3764 -145.203
55.2377 -145.203
55.2377 -145.203
55.2377 -145.203
55.2377 -145.203
55.2377 -145.203
54.3209 -145.203
53.7917 -145.203
55.2377 -145.203
55.2377 -145.203
55.2377 -145.203
55.2377 -145.203
55.2377 -145.203
55.2377 -145.203
55.2377 -145.203
55.2377 -145.203
55.2377 -145.203
55.2377 -145.203
55.2377 -145.203
55.2377 -145.203
55.2377 -145.203
55.2377 -145.203
55.2377 -145.203
55.2377 -145.203
55.2377 -145.203
55.2377 -145.203
55.2377 -145.203
55.2377 -145.203
55.2377 -145.203
55.2377 -145.203
55.2377 -145.203
55.2377 -145.203
55.2377 -145.203
55.2377 -145.203
55.2377 -145.203
55.2377 -145.203
55.2377 -145.203
55.2377 -145.203
55.2377 -145.203
55.2377 -145.203
55.2377 -145.203
55.2377 -145.203
55.2377 -145.203
53.9297 -145.203
54.4457 -145.203
55.2377 -145.203
55.2377 -145.203
55.2377 -145.203
55.2377 -145.203
55.2377 -145.203
54.098 -145.203
53.8203 -145.203
55.2377 -145.203
55.2377 -145.203
55.2377 -145.203
55.2377 -145.203
55.2377 -145.203
55.2377 -145.203
55.2377 -145.203
55.2377 -145.203
53.7917 -145.203
54.4377 -145.203
53.7917 -145.203
50.1213 -145.203
55.1896 -145.203
55.2377 -145.203
55.2377 -145.203
55.2377 -145.203
55.2377 -145.203
55.2377 -145.203
55.2377 -145.203
54.3903 -145.203
55.8364 -145.203
55.2377 -145.203
55.2377 -145.203
55.2377 -145.203
55.2377 -145.203
55.2377 -145.203
55.2377 -145.203
55.2377 -145.203
55.2377 -145.203
55.2377 -145.203
55.2377 -145.203
55.2377 -145.203
55.2377 -145.203
55.2377 -145.203
55.2377 -145.203
55.2377 -145.203
55.2377 -145.203
55.2377 -145.203
55.2377 -145.203
55.2377 -145.203
55.2377 -145.203
55.2377 -145.203
55.2377 -145.203
55.2377 -145.203
55.2377 -145.203
55.2377 -145.203
55.2377 -145.203
55.2377 -145.203
55.2377 -145.203
55.2377 -145.203
55.2377 -145.203
55.2377 -145.203
55.2377 -145.203
55.2377 -145.203
55.2377 -145.203
55.2377 -145.203
55.2377 -145.203
55.2377 -145.203
55.2377 -145.203
55.2377 -145.203
55.2377 -145.203
55.2377 -145.203
55.2377 -145.203
55.2377 -145.203
55.2377 -145.203
55.2377 -145.203
55.2377 -145.203
55.2377 -145.203
55.2377 -145.203
55.2377 -145.203
55.2377 -145.203
55.2377 -145.203
55.2377 -145.203
55.2377 -145.203
53.5886 -145.203
55.5508 -145.203
55.2377 -145.203
55.2377 -145.203
55.2377 -145.203
55.2377 -145.203
55.2377 -145.203
55.2377 -145.203
55.2377 -145.203
54.5602 -145.203
55.4403 -145.203
55.2377 -145.203
55.2377 -145.203
55.2377 -145.203
55.2377 -145.203
55.4673 -145.203
54.4776 -145.203
55.2377 -145.203
55.2377 -145.203
55.2377 -145.203
55.2377 -145.203
55.2377 -145.203
55.2377 -145.203
55.2377 -145.203
53.954 -145.203
55.1151 -145.203
54.4962 -145.203
55.2377 -145.203
55.2377 -145.203
55.2377 -145.203
55.2377 -145.203
55.2377 -145.203
55.2377 -145.203
55.2377 -145.203
55.2377 -145.203
55.2377 -145.203
55.2377 -145.203
55.2377 -145.203
55.2377 -145.203
55.2377 -145.203
55.2377 -145.203
55.2377 -145.203
55.2377 -145.203
55.2377 -145.203
55.2377 -145.203
55.2377 -145.203
55.2377 -145.203
55.2377 -145.203
55.2377 -145.203
55.2377 -145.203
55.2377 -145.203
55.2377 -145.203
55.2377 -145.203
55.2377 -145.203
55.2377 -145.203
55.2377 -145.203
55.2377 -145.203
55.2377 -145.203
55.2377 -145.203
55.2377 -145.203
53.9903 -145.203
53.761 -145.203
55.2377 -145.203
55.2377 -145.203
55.2377 -145.203
55.2377 -145.203
55.2377 -145.203
55.2377 -145.203
55.2377 -145.203
55.2377 -145.203
55.2377 -145.203
55.2377 -145.203
55.2377 -145.203
52.7156 -145.203
54.494 -145.203
55.2377 -145.203
55.2377 -145.203
52.892 -145.203
52.6832 -145.203
55.2377 -145.203
55.2377 -145.203
55.2377 -145.203
55.2377 -145.203
55.2377 -145.203
55.2377 -145.203
55.2377 -145.203
55.2377 -145.203
55.2377 -145.203
55.2377 -145.203
55.2377 -145.203
55.2377 -145.203
55.2377 -145.203
55.2377 -145.203
55.2377 -145.203
55.2377 -145.203
55.2377 -145.203
55.3359 -145.203
55.1194 -145.203
55.2377 -145.203
55.2377 -145.203
55.2377 -145.203
55.2377 -145.203
55.2377 -145.203
55.2377 -145.203
55.2377 -145.203
55.2377 -145.203
55.2377 -145.203
55.2377 -145.203
55.2377 -145.203
55.2377 -145.203
55.2377 -145.203
55.2377 -145.203
55.2377 -145.203
55.2377 -145.203
55.2377 -145.203
55.2377 -145.203
55.2377 -145.203
53.3764 -145.203
53.6312 -145.203
55.2377 -145.203
55.2377 -145.203
55.2377 -145.203
55.2377 -145.203
55.2377 -145.203
55.2377 -145.203
55.2377 -145.203
55.2377 -145.203
55.2377 -145.203
55.2377 -145.203
55.2377 -145.203
55.2377 -145.203
55.2377 -145.203
55.2377 -145.203
55.2377 -145.203
55.2377 -145.203
55.2377 -145.203
55.2377 -145.203
55.2377 -145.203
55.2377 -145.203
55.2377 -145.203
55.2377 -145.203
55.2377 -145.203
55.2377 -145.203
55.2377 -145.203
55.2377 -145.203
55.2377 -145.203
55.2377 -145.203
55.2377 -145.203
55.2377 -145.203
46.0775 -145.203
55.2377 -145.203
55.2377 -145.203
55.2377 -145.203
55.2377 -145.203
55.2377 -145.203
55.2377 -145.203
55.2377 -145.203
55.2377 -145.203
55.2377 -145.203
55.2377 -145.203
55.2377 -145.203
55.2377 -145.203
55.2377 -145.203
55.2377 -145.203
55.2377 -145.203
55.2377 -145.203
55.2377 -145.203
55.2377 -145.203
55.2377 -145.203
54.8377 -145.203
54.6646 -145.203
55.4711 -145.203
55.2377 -145.203
55.2377 -145.203
54.6775 -145.203
53.9915 -145.203
55.2377 -145.203
55.2377 -145.203
53.1911 -145.203
53.3764 -145.203
54.0646 -145.203
55.2377 -145.203
53.6595 -145.203
54.4542 -145.203
55.2377 -145.203
55.2377 -145.203
55.2387 -145.203
42.6124 -145.203
53.3763 -145.203
55.2377 -145.203
55.2377 -145.203
55.2377 -145.203
55.2377 -145.203
55.2377 -145.203
55.2377 -145.203
55.2377 -145.203
55.2377 -145.203
55.2377 -145.203
55.2377 -145.203
55.2377 -145.203
53.9262 -145.203
53.3551 -145.203
55.2377 -145.203
55.2377 -145.203
55.2377 -145.203
55.2377 -145.203
55.2377 -145.203
55.2377 -145.203
55.2377 -145.203
54.8593 -145.203
54.2031 -145.203
55.2377 -145.203
55.2315 -145.203
54.9544 -145.203
55.2377 -145.203
55.2377 -145.203
55.2377 -145.203
55.2377 -145.203
55.2377 -145.203
55.2377 -145.203
55.2377 -145.203
55.2377 -145.203
55.2377 -145.203
55.2377 -145.203
55.2377 -145.203
55.2377 -145.203
55.2377 -145.203
55.2377 -145.203
55.2377 -145.203
55.2377 -145.203
55.2377 -145.203
55.2379 -145.203
53.5662 -145.203
53.1431 -145.203
52.4497 -145.203
55.5169 -145.203
55.2377 -145.203
55.2377 -145.203
55.2377 -145.203
55.2377 -145.203
55.2377 -145.203
55.2377 -145.203
55.2377 -145.203
55.2377 -145.203
55.2377 -145.203
55.2377 -145.203
55.2377 -145.203
55.2377 -145.203
55.2377 -145.203
55.2377 -145.203
55.2377 -145.203
55.2377 -145.203
55.2377 -145.203
55.2377 -145.203
53.0448 -145.203
53.2721 -145.203
55.2377 -145.203
55.2377 -145.203
55.2377 -145.203
55.2377 -145.203
55.2377 -145.203
55.2377 -145.203
55.2377 -145.203
55.2377 -145.203
55.2377 -145.203
55.2377 -145.203
55.2377 -145.203
55.2377 -145.203
55.2377 -145.203
55.2377 -145.203
55.2377 -145.203
55.2377 -145.203
55.2377 -145.203
55.2377 -145.203
55.2377 -145.203
55.2377 -145.203
55.2377 -145.203
55.2377 -145.203
55.2377 -145.203
55.2377 -145.203
55.3416 -145.203
55.2377 -145.203
53.8989 -145.203
55.2126 -145.203
55.2377 -145.203
55.2377 -145.203
54.9544 -145.203
45.531 -145.203
55.2377 -145.203
55.2377 -145.203
52.892 -145.203
52.4906 -145.203
55.2377 -145.203
55.2377 -145.203
55.2377 -145.203
55.2377 -145.203
55.2377 -145.203
55.2377 -145.203
55.2377 -145.203
55.2377 -145.203
55.2377 -145.203
55.2377 -145.203
54.3239 -145.203
54.6743 -145.203
55.2377 -145.203
55.2377 -145.203
55.2112 -145.203
52.0212 -145.203
55.0804 -145.203
55.2377 -145.203
55.2377 -145.203
55.2377 -145.203
55.2377 -145.203
55.2377 -145.203
55.2377 -145.203
55.2377 -145.203
55.2377 -145.203
55.2377 -145.203
55.2377 -145.203
55.2377 -145.203
55.2377 -145.203
55.2377 -145.203
55.2377 -145.203
55.2377 -145.203
55.2377 -145.203
55.2377 -145.203
55.2377 -145.203
55.2377 -145.203
55.2377 -145.203
54.7055 -145.203
54.2054 -145.203
55.2377 -145.203
55.2377 -145.203
55.2377 -145.203
54.53 -145.203
50.1092 -145.203
53.8053 -145.203
55.2377 -145.203
55.2377 -145.203
55.2377 -145.203
55.2377 -145.203
55.2377 -145.203
55.2377 -145.203
55.2377 -145.203
55.2377 -145.203
53.4021 -145.203
51.6417 -145.203
53.3764 -145.203
55.2377 -145.203
55.2377 -145.203
55.2377 -145.203
55.2377 -145.203
55.2377 -145.203
55.2377 -145.203
55.2377 -145.203
55.2377 -145.203
55.2315 -145.203
54.7217 -145.203
55.2377 -145.203
55.2377 -145.203
55.2377 -145.203
55.2377 -145.203
53.4685 -145.203
52.8857 -145.203
54.0135 -145.203
55.2377 -145.203
55.2377 -145.203
55.2377 -145.203
55.2377 -145.203
55.2377 -145.203
55.2377 -145.203
55.2377 -145.203
55.2377 -145.203
55.2377 -145.203
55.2377 -145.203
55.2377 -145.203
53.6595 -145.203
55.5429 -145.203
55.2377 -145.203
55.2377 -145.203
55.2377 -145.203
55.2377 -145.203
55.2377 -145.203
55.2377 -145.203
55.2377 -145.203
55.2377 -145.203
55.2377 -145.203
55.2377 -145.203
55.2377 -145.203
55.2377 -145.203
55.2377 -145.203
55.2377 -145.203
55.2377 -145.203
55.2377 -145.203
55.2377 -145.203
54.6053 -145.203
55.2377 -145.203
55.2377 -145.203
53.7815 -145.203
55.2377 -145.203
55.2377 -145.203
55.2377 -145.203
55.2377 -145.203
55.2377 -145.203
55.2377 -145.203
55.2377 -145.203
55.2377 -145.203
55.2377 -145.203
55.2377 -145.203
55.2377 -145.203
55.2377 -145.203
55.2377 -145.203
54.1454 -145.203
54.7732 -145.203
55.2377 -145.203
55.2377 -145.203
55.2377 -145.203
55.2377 -145.203
55.2377 -145.203
55.2377 -145.203
55.2377 -145.203
55.2377 -145.203
55.2377 -145.203
55.2377 -145.203
55.2377 -145.203
55.2377 -145.203
55.2377 -145.203
55.2377 -145.203
55.2377 -145.203
55.2377 -145.203
55.2377 -145.203
55.2377 -145.203
55.2377 -145.203
55.2377 -145.203
55.2377 -145.203
55.2377 -145.203
55.2377 -145.203
55.2377 -145.203
55.2377 -145.203
55.2377 -145.203
55.2377 -145.203
55.2377 -145.203
55.2377 -145.203
55.2377 -145.203
55.2377 -145.203
55.2377 -145.203
55.2377 -145.203
55.2377 -145.203
55.2377 -145.203
55.2377 -145.203
55.2377 -145.203
55.2377 -145.203
55.2377 -145.203
55.0866 -145.203
50.7681 -145.203
43.7919 -145.203
55.2377 -145.203
55.2377 -145.203
55.2377 -145.203
55.2377 -145.203
55.2377 -145.203
55.2377 -145.203
55.2377 -145.203
55.2377 -145.203
55.2377 -145.203
55.2377 -145.203
55.2377 -145.203
55.2377 -145.203
55.2377 -145.203
55.2376 -145.203
54.5464 -145.203
55.1439 -145.203
53.3764 -145.203
53.6289 -145.203
55.2377 -145.203
55.2377 -145.203
55.2377 -145.203
55.2377 -145.203
55.2377 -145.203
55.2377 -145.203
55.2377 -145.203
55.2377 -145.203
55.2377 -145.203
55.2377 -145.203
55.2377 -145.203
55.2377 -145.203
55.2377 -145.203
55.2376 -145.203
55.2377 -145.203
55.2377 -145.203
55.2377 -145.203
55.2377 -145.203
55.2377 -145.203
55.2377 -145.203
55.2377 -145.203
44.1653 -145.203
45.2497 -145.203
55.2377 -145.203
55.2377 -145.203
55.2377 -145.203
55.2377 -145.203
55.2377 -145.203
55.2377 -145.203
55.2377 -145.203
55.2377 -145.203
55.2377 -145.203
55.2377 -145.203
55.2377 -145.203
55.2377 -145.203
55.2377 -145.203
55.2377 -145.203
55.2377 -145.203
55.2377 -145.203
55.2377 -145.203
55.2377 -145.203
55.2377 -145.203
55.2377 -145.203
53.0214 -145.203
52.8517 -145.203
55.2377 -145.203
55.2377 -145.203
55.2377 -145.203
55.2377 -145.203
55.2377 -145.203
55.2377 -145.203
55.2377 -145.203
55.2377 -145.203
55.2377 -145.203
55.2377 -145.203
55.2377 -145.203
55.2377 -145.203
55.2377 -145.203
55.2377 -145.203
55.2377 -145.203
55.2377 -145.203
55.2377 -145.203
55.0819 -145.203
55.6565 -145.203
55.2377 -145.203
54.3116 -145.203
54.1449 -145.203
55.2377 -145.203
55.2377 -145.203
55.2377 -145.203
55.2377 -145.203
55.2377 -145.203
55.2377 -145.203
55.2377 -145.203
55.2377 -145.203
55.2377 -145.203
55.2377 -145.203
55.0011 -145.203
52.5164 -145.203
55.3848 -145.203
55.2377 -145.203
55.2377 -145.203
55.2377 -145.203
55.2377 -145.203
55.2377 -145.203
55.2377 -145.203
45.5121 -145.203
55.6299 -145.203
55.0134 -145.203
54.9199 -145.203
55.2377 -145.203
55.2377 -145.203
55.2377 -145.203
54.7178 -145.203
54.3585 -145.203
55.2377 -145.203
55.2377 -145.203
55.2377 -145.203
55.2377 -145.203
55.2377 -145.203
55.2377 -145.203
55.2377 -145.203
55.2377 -145.203
55.2377 -145.203
55.2377 -145.203
53.6657 -145.203
53.7917 -145.203
55.2377 -145.203
55.2377 -145.203
55.2377 -145.203
55.2377 -145.203
55.2377 -145.203
53.9266 -145.203
52.6587 -145.203
55.7044 -145.203
53.8262 -145.203
55.2377 -145.203
55.2377 -145.203
55.2377 -145.203
55.2377 -145.203
55.2377 -145.203
55.2377 -145.203
55.2377 -145.203
55.2377 -145.203
55.2377 -145.203
55.0854 -145.203
53.9185 -145.203
55.2377 -145.203
55.2377 -145.203
55.2377 -145.203
55.2377 -145.203
55.344 -145.203
55.2377 -145.203
55.2553 -145.203
53.7917 -145.203
55.2377 -145.203
54.2106 -145.203
55.2315 -145.203
55.2377 -145.203
55.7681 -145.203
55.2377 -145.203
55.2377 -145.203
55.2377 -145.203
55.2377 -145.203
55.2377 -145.203
55.2377 -145.203
55.2377 -145.203
55.2377 -145.203
55.2377 -145.203
55.2377 -145.203
55.2377 -145.203
55.2377 -145.203
55.2377 -145.203
55.2377 -145.203
55.2377 -145.203
55.2377 -145.203
54.6021 -145.203
55.6335 -145.203
55.2377 -145.203
55.2377 -145.203
55.2377 -145.203
55.2377 -145.203
55.2376 -145.203
54.4094 -145.203
55.2377 -145.203
55.2377 -145.203
55.2377 -145.203
55.2377 -145.203
55.2377 -145.203
55.2377 -145.203
55.2377 -145.203
55.2377 -145.203
55.2377 -145.203
55.2377 -145.203
55.2377 -145.203
55.2377 -145.203
55.2377 -145.203
55.2377 -145.203
55.2377 -145.203
55.2377 -145.203
55.2377 -145.203
55.2377 -145.203
55.2377 -145.203
55.2377 -145.203
55.2377 -145.203
55.2377 -145.203
55.2377 -145.203
55.2377 -145.203
54.4222 -145.203
55.6751 -145.203
55.2377 -145.203
55.2377 -145.203
55.2377 -145.203
55.2377 -145.203
55.2377 -145.203
55.2377 -145.203
55.2376 -145.203
54.2779 -145.203
55.2377 -145.203
55.2377 -145.203
55.2377 -145.203
55.2377 -145.203
54.8354 -145.203
52.595 -145.203
55.2377 -145.203
55.2377 -145.203
55.2377 -145.203
55.2377 -145.203
55.2377 -145.203
55.1173 -145.203
55.2377 -145.203
55.2377 -145.203
54.6762 -145.203
53.248 -145.203
55.2377 -145.203
55.2377 -145.203
54.2643 -145.203
52.7876 -145.203
55.2377 -145.203
55.4951 -145.203
55.2553 -145.203
55.2377 -145.203
55.2377 -145.203
55.2377 -145.203
55.2377 -145.203
55.2377 -145.203
55.2377 -145.203
55.2377 -145.203
55.2377 -145.203
55.2377 -145.203
55.2377 -145.203
55.2377 -145.203
55.2377 -145.203
55.2377 -145.203
55.2377 -145.203
55.2377 -145.203
55.2377 -145.203
55.2377 -145.203
55.2377 -145.203
55.2377 -145.203
55.2377 -145.203
55.2377 -145.203
55.2377 -145.203
55.2377 -145.203
55.2377 -145.203
55.2377 -145.203
55.2377 -145.203
55.2377 -145.203
55.2377 -145.203
55.2377 -145.203
55.0866 -145.203
55.2377 -145.203
54.0939 -145.203
54.5043 -145.203
55.2377 -145.203
55.2377 -145.203
55.2377 -145.203
55.2377 -145.203
55.2377 -145.203
55.2377 -145.203
55.2377 -145.203
55.2377 -145.203
55.2377 -145.203
55.2377 -145.203
55.2377 -145.203
55.2377 -145.203
55.2377 -145.203
55.2377 -145.203
55.2377 -145.203
55.2377 -145.203
55.2377 -145.203
54.0196 -145.203
54.6683 -145.203
55.2377 -145.203
55.2377 -145.203
55.2377 -145.203
55.2377 -145.203
55.2377 -145.203
55.2377 -145.203
55.2377 -145.203
55.2377 -145.203
55.2377 -145.203
55.2377 -145.203
55.2377 -145.203
55.3421 -145.203
55.4706 -145.203
55.2377 -145.203
55.2377 -145.203
54.2505 -145.203
54.2765 -145.203
55.2377 -145.203
55.2377 -145.203
55.2377 -145.203
55.2377 -145.203
55.2377 -145.203
55.2377 -145.203
55.2377 -145.203
54.9885 -145.203
53.2782 -145.203
55.2377 -145.203
55.2377 -145.203
55.2377 -145.203
55.2377 -145.203
55.2377 -145.203
55.2377 -145.203
55.2377 -145.203
55.2377 -145.203
55.2377 -145.203
55.2377 -145.203
55.2377 -145.203
55.2377 -145.203
55.2377 -145.203
55.2377 -145.203
55.2377 -145.203
55.2377 -145.203
55.2377 -145.203
55.2377 -145.203
55.2377 -145.203
55.2377 -145.203
55.2377 -145.203
55.2377 -145.203
55.2377 -145.203
55.2377 -145.203
55.2377 -145.203
55.2377 -145.203
55.2377 -145.203
55.2377 -145.203
55.2377 -145.203
55.2377 -145.203
55.2377 -145.203
53.3381 -145.203
54.6538 -145.203
55.2377 -145.203
55.2377 -145.203
55.2377 -145.203
55.2377 -145.203
54.6743 -145.203
55.2315 -145.203
55.2377 -145.203
55.2377 -145.203
55.2377 -145.203
55.2377 -145.203
55.2377 -145.203
55.2377 -145.203
55.2377 -145.203
55.2377 -145.203
55.2377 -145.203
55.2377 -145.203
55.2377 -145.203
55.2377 -145.203
55.2377 -145.203
55.2377 -145.203
55.2377 -145.203
55.2377 -145.203
54.4241 -145.203
53.7543 -145.203
55.2377 -145.203
55.2377 -145.203
55.2377 -145.203
55.2377 -145.203
55.2377 -145.203
55.2377 -145.203
55.2377 -145.203
55.2377 -145.203
51.7405 -145.203
50.4347 -145.203
55.3657 -145.203
55.2377 -145.203
55.2377 -145.203
55.2377 -145.203
55.2377 -145.203
53.7917 -145.203
52.8997 -145.203
55.6294 -145.203
55.2377 -145.203
55.2377 -145.203
55.2377 -145.203
54.6804 -145.203
54.1992 -145.203
55.2377 -145.203
55.2377 -145.203
55.2377 -145.203
55.2377 -145.203
54.0585 -145.203
54.1148 -145.203
55.2377 -145.203
55.2377 -145.203
55.2377 -145.203
55.2377 -145.203
55.2377 -145.203
55.2377 -145.203
55.3857 -145.203
55.0249 -145.203
55.2377 -145.203
55.2377 -145.203
54.4812 -145.203
53.9428 -145.203
55.2377 -145.203
55.2377 -145.203
55.2377 -145.203
55.2377 -145.203
55.2377 -145.203
55.2377 -145.203
55.2377 -145.203
55.2377 -145.203
55.2377 -145.203
55.2377 -145.203
55.2377 -145.203
55.2377 -145.203
55.2377 -145.203
55.0866 -145.203
55.3699 -145.203
55.2377 -145.203
55.2377 -145.203
55.2377 -145.203
55.2377 -145.203
55.2377 -145.203
55.2377 -145.203
55.2377 -145.203
55.2377 -145.203
55.2377 -145.203
55.496 -145.203
54.2918 -145.203
55.2377 -145.203
55.2377 -145.203
55.2377 -145.203
55.2377 -145.203
54.0135 -145.203
55.2333 -145.203
55.2377 -145.203
55.2377 -145.203
55.2377 -145.203
55.2377 -145.203
53.8924 -145.203
55.1907 -145.203
55.2377 -145.203
52.0876 -145.203
53.5884 -145.203
55.2377 -145.203
55.2377 -145.203
55.2377 -145.203
55.471 -145.203
54.3687 -145.203
55.2377 -145.203
55.2377 -145.203
53.3865 -145.203
53.529 -145.203
54.8719 -145.203
54.2254 -145.203
55.2377 -145.203
55.2377 -145.203
55.2377 -145.203
55.2377 -145.203
55.2377 -145.203
55.2377 -145.203
55.2377 -145.203
55.2377 -145.203
55.2377 -145.203
55.2377 -145.203
55.2377 -145.203
55.2377 -145.203
55.2377 -145.203
55.2377 -145.203
55.2377 -145.203
53.8106 -145.203
54.475 -145.203
55.2377 -145.203
55.2377 -145.203
55.2377 -145.203
54.8859 -145.203
54.1756 -145.203
55.2377 -145.203
55.2377 -145.203
55.2377 -145.203
55.2377 -145.203
55.2377 -145.203
55.2377 -145.203
55.2377 -145.203
55.2377 -145.203
55.2377 -145.203
55.2377 -145.203
55.2377 -145.203
55.2377 -145.203
55.2377 -145.203
55.2377 -145.203
55.2377 -145.203
55.2377 -145.203
55.2377 -145.203
55.2377 -145.203
55.2377 -145.203
55.2377 -145.203
55.2377 -145.203
55.2377 -145.203
55.2377 -145.203
55.2377 -145.203
55.2377 -145.203
55.2377 -145.203
55.2377 -145.203
55.2377 -145.203
55.2377 -145.203
55.2377 -145.203
55.2377 -145.203
55.2377 -145.203
54.7844 -145.203
54.3943 -145.203
55.2377 -145.203
55.2377 -145.203
55.2377 -145.203
55.2377 -145.203
55.2377 -145.203
55.2377 -145.203
55.2377 -145.203
55.2377 -145.203
55.2377 -145.203
55.2377 -145.203
55.2377 -145.203
55.2377 -145.203
55.2377 -145.203
55.2377 -145.203
55.2377 -145.203
55.2377 -145.203
55.2377 -145.203
55.2673 -145.203
54.2418 -145.203
54.0135 -145.203
55.2377 -145.203
55.2377 -145.203
55.2377 -145.203
55.2377 -145.203
55.2377 -145.203
55.2377 -145.203
55.2377 -145.203
55.2377 -145.203
55.2377 -145.203
55.2377 -145.203
55.2377 -145.203
55.2377 -145.203
55.2377 -145.203
55.2377 -145.203
55.2377 -145.203
55.2377 -145.203
55.2377 -145.203
53.3764 -145.203
53.051 -145.203
55.2377 -145.203
55.2377 -145.203
55.2377 -145.203
55.2377 -145.203
55.2377 -145.203
55.2377 -145.203
55.2377 -145.203
55.2377 -145.203
55.2377 -145.203
55.2377 -145.203
55.2377 -145.203
55.2377 -145.203
55.2377 -145.203
55.2377 -145.203
55.2377 -145.203
55.2377 -145.203
55.2377 -145.203
55.2377 -145.203
55.2377 -145.203
55.2377 -145.203
55.2377 -145.203
55.2377 -145.203
55.2377 -145.203
55.2377 -145.203
55.2377 -145.203
55.2377 -145.203
55.2377 -145.203
55.2377 -145.203
55.2377 -145.203
55.2377 -145.203
55.2377 -145.203
55.2377 -145.203
55.2377 -145.203
55.2377 -145.203
55.2377 -145.203
55.2377 -145.203
51.6456 -145.203
50.9964 -145.203
55.2377 -145.203
55.2377 -145.203
55.2377 -145.203
55.2377 -145.203
55.2377 -145.203
55.2377 -145.203
54.8273 -145.203
55.344 -145.203
55.2377 -145.203
55.2377 -145.203
55.2377 -145.203
55.2377 -145.203
55.2377 -145.203
55.2377 -145.203
55.2377 -145.203
55.2377 -145.203
55.2377 -145.203
55.2377 -145.203
55.2377 -145.203
55.2377 -145.203
55.2377 -145.203
55.2377 -145.203
55.2377 -145.203
52.4499 -145.203
54.0992 -145.203
55.2377 -145.203
55.2377 -145.203
55.2377 -145.203
55.2377 -145.203
55.2377 -145.203
55.2377 -145.203
55.2377 -145.203
55.2377 -145.203
55.2377 -145.203
55.2377 -145.203
55.2377 -145.203
55.2377 -145.203
55.2377 -145.203
55.2377 -145.203
55.2377 -145.203
55.2377 -145.203
53.1493 -145.203
55.191 -145.203
55.2377 -145.203
55.2377 -145.203
55.2491 -145.203
55.365 -145.203
55.2377 -145.203
55.2377 -145.203
55.2377 -145.203
55.2377 -145.203
55.2377 -145.203
55.2377 -145.203
55.2377 -145.203
55.2377 -145.203
55.2377 -145.203
53.9297 -145.203
53.5326 -145.203
55.2377 -145.203
55.2377 -145.203
55.2377 -145.203
55.2377 -145.203
55.2377 -145.203
55.2377 -145.203
55.2377 -145.203
55.2377 -145.203
55.2377 -145.203
55.2377 -145.203
55.2377 -145.203
55.2377 -145.203
55.2377 -145.203
55.005 -145.203
55.1212 -145.203
55.2377 -145.203
55.2377 -145.203
55.2377 -145.203
55.2377 -145.203
55.2377 -145.203
54.3928 -145.203
49.4824 -145.203
54.0682 -145.203
55.2377 -145.203
55.2377 -145.203
55.2377 -145.203
55.2377 -145.203
55.2377 -145.203
55.2377 -145.203
55.2377 -145.203
55.2377 -145.203
55.2377 -145.203
55.4979 -145.203
54.7307 -145.203
55.2377 -145.203
55.2377 -145.203
55.2377 -145.203
55.2377 -145.203
55.2377 -145.203
55.2377 -145.203
55.2377 -145.203
55.2377 -145.203
55.2377 -145.203
55.2377 -145.203
55.2377 -145.203
55.2377 -145.203
55.2377 -145.203
55.2377 -145.203
55.2377 -145.203
55.2377 -145.203
55.2377 -145.203
55.2377 -145.203
55.2377 -145.203
55.2377 -145.203
55.2377 -145.203
55.2377 -145.203
55.2377 -145.203
55.2377 -145.203
55.2377 -145.203
55.2377 -145.203
55.2377 -145.203
55.2377 -145.203
55.2377 -145.203
55.2377 -145.203
55.2377 -145.203
55.2377 -145.203
55.2377 -145.203
55.2377 -145.203
55.2377 -145.203
55.2377 -145.203
55.2377 -145.203
55.2377 -145.203
55.2377 -145.203
55.2377 -145.203
55.2377 -145.203
55.2377 -145.203
55.2377 -145.203
55.2377 -145.203
55.2377 -145.203
55.2377 -145.203
55.2377 -145.203
55.2377 -145.203
55.2377 -145.203
55.2377 -145.203
55.2377 -145.203
55.2377 -145.203
55.2377 -145.203
55.2377 -145.203
55.2377 -145.203
55.2377 -145.203
55.2377 -145.203
55.2377 -145.203
55.2377 -145.203
55.2377 -145.203
55.2377 -145.203
55.2377 -145.203
55.2377 -145.203
54.86 -145.203
54.1454 -145.203
55.2377 -145.203
55.2377 -145.203
55.2377 -145.203
55.2377 -145.203
55.2377 -145.203
55.2377 -145.203
55.2377 -145.203
55.2377 -145.203
55.2377 -145.203
55.2377 -145.203
55.2377 -145.203
55.2377 -145.203
55.2377 -145.203
55.2377 -145.203
55.2377 -145.203
55.2377 -145.203
55.2377 -145.203
55.2377 -145.203
55.2377 -145.203
55.2377 -145.203
55.2377 -145.203
55.2377 -145.203
55.2377 -145.203
55.2377 -145.203
55.3794 -145.203
54.7645 -145.203
55.0701 -145.203
55.9386 -145.203
54.6702 -145.203
54.3046 -145.203
55.2377 -145.203
55.2377 -145.203
55.2377 -145.203
55.2377 -145.203
55.2377 -145.203
52.1786 -145.203
55.2377 -145.203
55.2377 -145.203
55.2377 -145.203
55.2377 -145.203
54.6052 -145.203
55.2335 -145.203
52.8283 -145.203
52.7876 -145.203
55.2377 -145.203
55.2377 -145.203
55.2377 -145.203
55.2377 -145.203
55.2377 -145.203
55.2377 -145.203
55.2377 -145.203
54.6751 -145.203
54.8453 -145.203
55.2377 -145.203
55.2377 -145.203
55.2377 -145.203
55.2377 -145.203
55.2377 -145.203
55.2377 -145.203
55.2377 -145.203
55.2377 -145.203
55.2377 -145.203
55.2377 -145.203
55.2377 -145.203
55.2377 -145.203
55.2377 -145.203
55.2377 -145.203
55.2377 -145.203
55.2377 -145.203
55.2377 -145.203
55.2377 -145.203
55.2377 -145.203
55.2377 -145.203
55.2377 -145.203
55.2377 -145.203
53.7917 -145.203
54.2919 -145.203
55.2377 -145.203
55.2377 -145.203
55.2377 -145.203
54.5855 -145.203
54.9544 -145.203
55.2377 -145.203
54.8835 -145.203
53.9202 -145.203
55.2377 -145.203
55.2377 -145.203
55.2377 -145.203
55.2377 -145.203
55.2377 -145.203
55.2377 -145.203
55.2377 -145.203
55.2377 -145.203
55.2377 -145.203
55.2377 -145.203
55.2377 -145.203
55.2377 -145.203
55.2377 -145.203
55.2377 -145.203
55.2377 -145.203
55.2377 -145.203
55.2377 -145.203
55.2377 -145.203
55.2377 -145.203
55.2377 -145.203
55.2377 -145.203
55.2377 -145.203
55.2377 -145.203
55.2377 -145.203
55.2377 -145.203
54.2804 -145.203
54.7594 -145.203
55.2377 -145.203
55.2377 -145.203
55.2377 -145.203
54.6085 -145.203
55.2377 -145.203
55.2377 -145.203
55.2377 -145.203
54.3942 -145.203
54.0932 -145.203
55.2377 -145.203
53.7708 -145.203
54.8408 -145.203
55.2377 -145.203
55.6335 -145.203
55.8005 -145.203
54.699 -145.203
55.2377 -145.203
55.2377 -145.203
55.2377 -145.203
55.2377 -145.203
55.2377 -145.203
55.2377 -145.203
55.2377 -145.203
55.2377 -145.203
55.2377 -145.203
55.2377 -145.203
55.2377 -145.203
55.2377 -145.203
55.2377 -145.203
55.2377 -145.203
55.2377 -145.203
55.2377 -145.203
54.6347 -145.203
54.9306 -145.203
55.2377 -145.203
55.2377 -145.203
55.2377 -145.203
55.2377 -145.203
55.149 -145.203
53.7972 -145.203
55.2377 -145.203
55.2377 -145.203
55.2377 -145.203
55.2377 -145.203
55.2377 -145.203
55.2377 -145.203
55.2377 -145.203
55.2377 -145.203
55.2377 -145.203
55.2377 -145.203
53.8289 -145.203
54.6668 -145.203
55.2377 -145.203
55.2377 -145.203
55.2377 -145.203
55.2377 -145.203
55.2377 -145.203
55.2377 -145.203
55.2377 -145.203
55.2377 -145.203
55.2377 -145.203
54.7857 -145.203
54.1114 -145.203
55.2377 -145.203
55.2377 -145.203
55.2377 -145.203
55.2377 -145.203
55.2377 -145.203
55.2377 -145.203
55.2377 -145.203
55.2377 -145.203
55.2377 -145.203
55.2377 -145.203
55.2377 -145.203
55.2377 -145.203
55.2377 -145.203
55.2377 -145.203
55.2377 -145.203
55.2377 -145.203
55.2377 -145.203
55.2377 -145.203
55.2377 -145.203
55.2377 -145.203
55.2377 -145.203
55.2377 -145.203
55.2377 -145.203
55.2377 -145.203
55.2377 -145.203
55.2377 -145.203
55.2377 -145.203
55.2377 -145.203
55.2377 -145.203
55.2377 -145.203
55.2377 -145.203
55.2377 -145.203
55.2377 -145.203
55.2377 -145.203
53.7917 -145.203
55.3875 -145.203
55.2377 -145.203
55.2377 -145.203
55.2377 -145.203
55.2377 -145.203
55.2377 -145.203
55.2377 -145.203
55.2377 -145.203
55.2377 -145.203
55.2377 -145.203
54.4527 -145.203
54.0135 -145.203
55.2314 -145.203
53.7086 -145.203
54.8505 -145.203
55.2377 -145.203
55.2377 -145.203
55.2377 -145.203
55.2377 -145.203
55.2377 -145.203
55.2377 -145.203
55.2377 -145.203
55.2377 -145.203
55.2377 -145.203
55.2377 -145.203
55.2377 -145.203
54.8513 -145.203
55.3494 -145.203
55.2377 -145.203
55.2377 -145.203
55.2377 -145.203
55.2377 -145.203
55.2377 -145.203
55.2377 -145.203
55.2377 -145.203
55.2377 -145.203
53.3764 -145.203
53.3764 -145.203
55.2377 -145.203
55.2377 -145.203
55.2377 -145.203
55.2377 -145.203
55.2377 -145.203
55.2377 -145.203
55.2377 -145.203
54.4369 -145.203
53.8654 -145.203
55.2377 -145.203
55.2377 -145.203
55.2377 -145.203
55.2377 -145.203
55.2377 -145.203
55.2377 -145.203
55.2377 -145.203
54.3239 -145.203
54.9544 -145.203
55.2377 -145.203
52.7474 -145.203
52.892 -145.203
55.2377 -145.203
55.2377 -145.203
53.1431 -145.203
53.5819 -145.203
55.2377 -145.203
55.2377 -145.203
55.2377 -145.203
55.2377 -145.203
55.2377 -145.203
55.2377 -145.203
55.2377 -145.203
55.2377 -145.203
55.2377 -145.203
54.3116 -145.203
54.4377 -145.203
55.2377 -145.203
55.2377 -145.203
55.2377 -145.203
55.2377 -145.203
55.2377 -145.203
53.4244 -145.203
54.7239 -145.203
55.2377 -145.203
55.2377 -145.203
55.2377 -145.203
55.2377 -145.203
55.2377 -145.203
55.2377 -145.203
55.2377 -145.203
55.2377 -145.203
55.2377 -145.203
55.2377 -145.203
55.2377 -145.203
55.2377 -145.203
55.2377 -145.203
55.2377 -145.203
55.2377 -145.203
55.2377 -145.203
55.2377 -145.203
55.2377 -145.203
55.2377 -145.203
55.2377 -145.203
55.2377 -145.203
55.2377 -145.203
55.2377 -145.203
55.2377 -145.203
55.2377 -145.203
55.2377 -145.203
55.2377 -145.203
55.2377 -145.203
54.3699 -145.203
54.5917 -145.203
55.2377 -145.203
55.2377 -145.203
55.2377 -145.203
55.2377 -145.203
55.2377 -145.203
55.2377 -145.203
55.2377 -145.203
55.2377 -145.203
55.2377 -145.203
55.2377 -145.203
55.2377 -145.203
55.2377 -145.203
55.2377 -145.203
55.3144 -145.203
54.655 -145.203
55.2377 -145.203
55.2377 -145.203
55.2377 -145.203
55.2377 -145.203
55.2377 -145.203
55.2377 -145.203
55.2377 -145.203
55.2377 -145.203
55.2377 -145.203
54.3828 -145.203
54.0135 -145.203
55.2377 -145.203
55.2377 -145.203
55.2377 -145.203
55.2377 -145.203
55.2377 -145.203
55.2377 -145.203
55.2377 -145.203
55.2377 -145.203
55.2377 -145.203
55.2377 -145.203
55.2377 -145.203
55.0866 -145.203
55.2377 -145.203
55.0804 -145.203
55.2315 -145.203
55.2377 -145.203
55.2377 -145.203
55.2377 -145.203
55.2377 -145.203
55.2377 -145.203
55.2377 -145.203
55.2377 -145.203
55.2377 -145.203
55.2377 -145.203
55.2377 -145.203
55.2377 -145.203
55.2377 -145.203
55.2377 -145.203
55.2377 -145.203
53.998 -145.203
55.6294 -145.203
55.2377 -145.203
55.2377 -145.203
55.2377 -145.203
55.2377 -145.203
55.2377 -145.203
55.2377 -145.203
55.2377 -145.203
55.2377 -145.203
55.2377 -145.203
55.2377 -145.203
55.2377 -145.203
55.2377 -145.203
55.2377 -145.203
55.2377 -145.203
55.2377 -145.203
55.2377 -145.203
55.2377 -145.203
55.2377 -145.203
55.2377 -145.203
55.2377 -145.203
55.2377 -145.203
55.2377 -145.203
55.2377 -145.203
55.2377 -145.203
55.2377 -145.203
55.2377 -145.203
54.7971 -145.203
55.7595 -145.203
55.2377 -145.203
55.2377 -145.203
55.2377 -145.203
55.3856 -145.203
54.9917 -145.203
55.2377 -145.203
55.2377 -145.203
55.2377 -145.203
55.2377 -145.203
55.2377 -145.203
55.2377 -145.203
55.2377 -145.203
55.2377 -145.203
55.2377 -145.203
55.2377 -145.203
55.2377 -145.203
55.2377 -145.203
55.2377 -145.203
55.2377 -145.203
55.2377 -145.203
55.2377 -145.203
55.2377 -145.203
55.2377 -145.203
55.2377 -145.203
55.2377 -145.203
55.2377 -145.203
55.2377 -145.203
55.7595 -145.203
54.9595 -145.203
55.2377 -145.203
55.2377 -145.203
55.2377 -145.203
54.3857 -145.203
54.2663 -145.203
55.2377 -145.203
55.2377 -145.203
55.2377 -145.203
54.5503 -145.203
54.7211 -145.203
55.2377 -145.203
55.2377 -145.203
55.2377 -145.203
55.2377 -145.203
55.2377 -145.203
55.2377 -145.203
55.2377 -145.203
55.2377 -145.203
55.2377 -145.203
55.2377 -145.203
55.2377 -145.203
55.2377 -145.203
55.2377 -145.203
55.2377 -145.203
55.2377 -145.203
55.2377 -145.203
55.2377 -145.203
55.2377 -145.203
55.2377 -145.203
55.2377 -145.203
55.2377 -145.203
55.2377 -145.203
55.2377 -145.203
55.2377 -145.203
55.2377 -145.203
55.2377 -145.203
55.2377 -145.203
55.2377 -145.203
55.0048 -145.203
54.8789 -145.203
55.2377 -145.203
55.2377 -145.203
55.2377 -145.203
55.2377 -145.203
55.2377 -145.203
55.2377 -145.203
55.2377 -145.203
55.2377 -145.203
55.2377 -145.203
55.2377 -145.203
55.2377 -145.203
55.2377 -145.203
55.2377 -145.203
55.2377 -145.203
55.2377 -145.203
55.2377 -145.203
55.2377 -145.203
55.2377 -145.203
53.3775 -145.203
54.9341 -145.203
55.2377 -145.203
55.2377 -145.203
55.2377 -145.203
55.2377 -145.203
55.2377 -145.203
55.2377 -145.203
54.2618 -145.203
55.2377 -145.203
54.0182 -145.203
55.2377 -145.203
55.2377 -145.203
54.698 -145.203
54.8377 -145.203
55.2377 -145.203
55.471 -145.203
54.5658 -145.203
55.2377 -145.203
55.2377 -145.203
55.2377 -145.203
55.2377 -145.203
55.2377 -145.203
55.2377 -145.203
55.2377 -145.203
55.2377 -145.203
55.2377 -145.203
55.2377 -145.203
55.2377 -145.203
55.2377 -145.203
55.2377 -145.203
55.2377 -145.203
55.2377 -145.203
55.2377 -145.203
55.2377 -145.203
55.2377 -145.203
55.2377 -145.203
55.2377 -145.203
53.8804 -145.203
54.3971 -145.203
55.2377 -145.203
55.2377 -145.203
55.2377 -145.203
55.2377 -145.203
55.2377 -145.203
54.0135 -145.203
55.2377 -145.203
55.2377 -145.203
55.2377 -145.203
55.2377 -145.203
55.2377 -145.203
55.2377 -145.203
55.2377 -145.203
55.2377 -145.203
55.2377 -145.203
55.2377 -145.203
55.2377 -145.203
55.2377 -145.203
55.2377 -145.203
55.2377 -145.203
55.2377 -145.203
55.2377 -145.203
55.2377 -145.203
50.9932 -145.203
50.9946 -145.203
55.2377 -145.203
55.2377 -145.203
55.2377 -145.203
55.2377 -145.203
55.2377 -145.203
55.2377 -145.203
55.2377 -145.203
55.2377 -145.203
55.2377 -145.203
55.2377 -145.203
55.2377 -145.203
55.2377 -145.203
55.2377 -145.203
55.2377 -145.203
55.2377 -145.203
55.2377 -145.203
55.2377 -145.203
55.2377 -145.203
54.399 -145.203
53.7917 -145.203
55.2377 -145.203
55.2377 -145.203
55.2377 -145.203
55.2377 -145.203
55.2377 -145.203
55.2377 -145.203
55.2377 -145.203
55.2377 -145.203
55.2377 -145.203
55.2377 -145.203
55.2377 -145.203
53.2955 -145.203
54.8593 -145.203
55.2377 -145.203
55.2377 -145.203
55.2377 -145.203
55.2377 -145.203
55.2377 -145.203
55.2377 -145.203
55.2377 -145.203
55.2377 -145.203
55.2377 -145.203
55.2377 -145.203
55.2377 -145.203
55.2377 -145.203
55.2377 -145.203
55.2377 -145.203
55.2377 -145.203
55.2377 -145.203
55.2377 -145.203
55.2377 -145.203
53.8993 -145.203
53.7917 -145.203
54.5813 -145.203
55.2377 -145.203
55.2377 -145.203
54.2081 -145.203
54.9685 -145.203
55.5169 -145.203
55.3251 -145.203
55.2377 -145.203
55.2377 -145.203
55.2377 -145.203
55.2377 -145.203
55.2377 -145.203
55.2377 -145.203
55.2377 -145.203
55.2377 -145.203
55.2377 -145.203
52.7876 -145.203
52.5543 -145.203
54.8593 -145.203
53.3764 -145.203
55.2377 -145.203
54.7074 -145.203
54.4241 -145.203
55.2377 -145.203
55.2377 -145.203
55.2377 -145.203
55.2377 -145.203
55.2377 -145.203
54.475 -145.203
55.0011 -145.203
55.2377 -145.203
55.2377 -145.203
55.2377 -145.203
55.2377 -145.203
55.2377 -145.203
55.2377 -145.203
55.2377 -145.203
55.2377 -145.203
55.2377 -145.203
55.2377 -145.203
55.2377 -145.203
55.2377 -145.203
55.2377 -145.203
55.2377 -145.203
55.2377 -145.203
52.892 -145.203
54.8593 -145.203
55.2377 -145.203
55.2377 -145.203
55.2377 -145.203
55.2377 -145.203
55.2377 -145.203
55.2377 -145.203
55.2377 -145.203
55.2377 -145.203
55.2377 -145.203
55.2377 -145.203
55.2377 -145.203
55.2377 -145.203
55.2377 -145.203
55.2377 -145.203
55.2377 -145.203
55.2377 -145.203
55.2377 -145.203
55.2377 -145.203
55.2377 -145.203
55.2377 -145.203
55.2377 -145.203
55.2377 -145.203
55.2377 -145.203
55.2377 -145.203
55.2377 -145.203
54.5972 -145.203
54.3442 -145.203
55.2377 -145.203
55.2377 -145.203
54.7645 -145.203
53.0479 -145.203
53.4244 -145.203
55.2377 -145.203
55.2377 -145.203
55.2377 -145.203
53.2704 -145.203
53.5679 -145.203
55.2377 -145.203
55.2377 -145.203
55.2377 -145.203
55.2377 -145.203
54.2622 -145.203
54.4228 -145.203
54.182 -145.203
55.2377 -145.203
55.2377 -145.203
55.2377 -145.203
55.2377 -145.203
55.2377 -145.203
55.2531 -145.203
54.4889 -145.203
55.2377 -145.203
55.2377 -145.203
55.2377 -145.203
55.2377 -145.203
55.2377 -145.203
55.2377 -145.203
55.2377 -145.203
55.2377 -145.203
55.2377 -145.203
55.2377 -145.203
55.2377 -145.203
55.2377 -145.203
55.2377 -145.203
55.6637 -145.203
52.892 -145.203
52.892 -145.203
55.2377 -145.203
55.2377 -145.203
55.2377 -145.203
55.2377 -145.203
55.2377 -145.203
53.3764 -145.203
53.3242 -145.203
55.2377 -145.203
55.2377 -145.203
55.2377 -145.203
55.2377 -145.203
55.2377 -145.203
55.2377 -145.203
55.2377 -145.203
55.2377 -145.203
55.2377 -145.203
55.2377 -145.203
55.2377 -145.203
55.2377 -145.203
55.2377 -145.203
55.2377 -145.203
53.931 -145.203
52.6036 -145.203
55.2377 -145.203
55.2377 -145.203
55.2377 -145.203
55.2377 -145.203
55.2377 -145.203
55.2377 -145.203
55.2377 -145.203
55.2377 -145.203
55.2377 -145.203
55.2377 -145.203
55.2377 -145.203
55.2377 -145.203
55.2377 -145.203
55.2377 -145.203
55.2377 -145.203
55.2377 -145.203
55.2377 -145.203
55.2377 -145.203
55.2377 -145.203
53.1836 -145.203
53.3213 -145.203
55.2377 -145.203
55.2377 -145.203
55.2377 -145.203
55.2377 -145.203
55.2377 -145.203
55.2377 -145.203
55.2377 -145.203
55.2377 -145.203
55.2377 -145.203
55.2377 -145.203
55.2377 -145.203
55.2377 -145.203
55.2377 -145.203
55.2377 -145.203
55.2377 -145.203
55.2377 -145.203
53.4448 -145.203
54.2663 -145.203
55.2377 -145.203
55.2377 -145.203
55.2377 -145.203
55.2377 -145.203
55.2377 -145.203
55.2377 -145.203
55.2377 -145.203
55.2377 -145.203
54.0136 -145.203
54.0135 -145.203
55.2377 -145.203
55.2377 -145.203
55.2377 -145.203
55.2377 -145.203
55.2377 -145.203
53.6438 -145.203
55.5429 -145.203
55.2377 -145.203
55.2377 -145.203
55.2377 -145.203
55.2377 -145.203
55.2377 -145.203
55.2377 -145.203
55.2377 -145.203
55.2377 -145.203
55.2377 -145.203
55.2377 -145.203
55.2377 -145.203
55.2377 -145.203
55.2377 -145.203
55.2377 -145.203
55.2377 -145.203
55.2377 -145.203
55.7044 -145.203
52.4669 -145.203
53.2329 -145.203
55.2377 -145.203
55.2377 -145.203
55.2377 -145.203
55.2377 -145.203
55.2377 -145.203
55.2377 -145.203
55.2377 -145.203
55.2377 -145.203
55.2377 -145.203
55.2377 -145.203
55.2377 -145.203
55.2377 -145.203
55.2377 -145.203
55.2377 -145.203
55.2377 -145.203
55.2377 -145.203
54.0812 -145.203
53.6657 -145.203
55.2377 -145.203
55.2377 -145.203
55.2377 -145.203
55.2377 -145.203
55.2377 -145.203
55.2377 -145.203
55.2377 -145.203
55.2377 -145.203
55.2377 -145.203
55.2377 -145.203
54.3348 -145.203
54.7247 -145.203
55.2377 -145.203
55.2377 -145.203
55.2377 -145.203
55.2377 -145.203
55.2377 -145.203
55.2377 -145.203
55.2377 -145.203
55.2377 -145.203
55.2377 -145.203
55.2377 -145.203
55.2377 -145.203
55.2377 -145.203
55.2377 -145.203
55.2377 -145.203
55.2377 -145.203
55.2377 -145.203
55.2377 -145.203
55.2377 -145.203
55.2377 -145.203
55.2377 -145.203
55.2377 -145.203
55.2377 -145.203
55.2377 -145.203
54.005 -145.203
54.589 -145.203
55.2377 -145.203
55.2377 -145.203
55.2377 -145.203
52.892 -145.203
54.3325 -145.203
55.2377 -145.203
55.2377 -145.203
55.2377 -145.203
55.2377 -145.203
54.5803 -145.203
54.2319 -145.203
55.4923 -145.203
55.2377 -145.203
55.2377 -145.203
55.2377 -145.203
55.2377 -145.203
55.2377 -145.203
53.1438 -145.203
42.7559 -145.203
55.2377 -145.203
55.2377 -145.203
55.2377 -145.203
55.2377 -145.203
55.2377 -145.203
55.2377 -145.203
53.3764 -145.203
53.4233 -145.203
55.2377 -145.203
55.2377 -145.203
55.2377 -145.203
55.2377 -145.203
55.2377 -145.203
55.2377 -145.203
55.2377 -145.203
55.2377 -145.203
55.2377 -145.203
55.2377 -145.203
55.2377 -145.203
55.2377 -145.203
55.2377 -145.203
54.8465 -145.203
55.6752 -145.203
55.2377 -145.203
55.2377 -145.203
55.2377 -145.203
55.2377 -145.203
55.2377 -145.203
55.2377 -145.203
55.2377 -145.203
55.2377 -145.203
55.2377 -145.203
55.2377 -145.203
55.2377 -145.203
55.2377 -145.203
55.2377 -145.203
55.2377 -145.203
55.2377 -145.203
55.2377 -145.203
55.2377 -145.203
55.2377 -145.203
55.2377 -145.203
55.2377 -145.203
55.2377 -145.203
55.2377 -145.203
55.2377 -145.203
55.2377 -145.203
55.2377 -145.203
53.9261 -145.203
55.1724 -145.203
55.2377 -145.203
55.2377 -145.203
55.2377 -145.203
55.2377 -145.203
55.2377 -145.203
55.2377 -145.203
54.0131 -145.203
54.4638 -145.203
54.9699 -145.203
55.2377 -145.203
55.2377 -145.203
55.2377 -145.203
54.5618 -145.203
53.8251 -145.203
55.1359 -145.203
55.2377 -145.203
55.2377 -145.203
52.993 -145.203
55.1674 -145.203
55.3359 -145.203
54.7014 -145.203
55.2377 -145.203
55.2377 -145.203
55.2377 -145.203
55.2377 -145.203
55.2314 -145.203
53.9978 -145.203
55.2377 -145.203
55.2377 -145.203
55.2377 -145.203
55.2377 -145.203
55.2377 -145.203
55.2377 -145.203
55.2377 -145.203
55.2377 -145.203
55.2377 -145.203
55.6491 -145.203
54.9544 -145.203
55.2377 -145.203
55.2377 -145.203
55.2377 -145.203
55.2377 -145.203
55.2377 -145.203
55.2377 -145.203
55.2377 -145.203
55.2377 -145.203
55.2377 -145.203
55.2377 -145.203
55.2377 -145.203
55.2377 -145.203
55.2377 -145.203
55.2377 -145.203
55.2377 -145.203
55.2377 -145.203
55.7625 -145.203
53.8795 -145.203
54.8553 -145.203
55.2126 -145.203
55.2377 -145.203
55.2377 -145.203
55.2377 -145.203
55.2377 -145.203
55.2377 -145.203
55.2377 -145.203
55.2377 -145.203
55.2377 -145.203
55.2377 -145.203
55.2377 -145.203
55.2377 -145.203
55.2377 -145.203
55.2377 -145.203
55.2377 -145.203
55.2377 -145.203
55.2377 -145.203
53.8819 -145.203
55.223 -145.203
55.2377 -145.203
54.7343 -145.203
53.7917 -145.203
54.4241 -145.203
55.2377 -145.203
55.2377 -145.203
55.2377 -145.203
55.2377 -145.203
55.2377 -145.203
53.9531 -145.203
54.9103 -145.203
55.2377 -145.203
55.2377 -145.203
55.2377 -145.203
55.2377 -145.203
55.2377 -145.203
55.2377 -145.203
54.0135 -145.203
55.2491 -145.203
55.2377 -145.203
55.2377 -145.203
55.2377 -145.203
43.5572 -145.203
45.5561 -145.203
55.2377 -145.203
55.2377 -145.203
55.2377 -145.203
55.2377 -145.203
55.2377 -145.203
55.2377 -145.203
55.2377 -145.203
55.2377 -145.203
55.2377 -145.203
55.2377 -145.203
55.2377 -145.203
55.2377 -145.203
55.2377 -145.203
55.2377 -145.203
55.2377 -145.203
55.2377 -145.203
55.2377 -145.203
55.2377 -145.203
55.2377 -145.203
55.2377 -145.203
55.2377 -145.203
55.2377 -145.203
55.2377 -145.203
55.2377 -145.203
55.2377 -145.203
55.2377 -145.203
55.2377 -145.203
55.2377 -145.203
53.6595 -145.203
52.2044 -145.203
52.8037 -145.203
55.2377 -145.203
55.2377 -145.203
55.2377 -145.203
55.2377 -145.203
55.2377 -145.203
55.2377 -145.203
55.2377 -145.203
55.2377 -145.203
55.2377 -145.203
55.2377 -145.203
55.2377 -145.203
55.1058 -145.203
54.3683 -145.203
55.2377 -145.203
54.0987 -145.203
54.2002 -145.203
55.2377 -145.203
55.2377 -145.203
55.2377 -145.203
55.2377 -145.203
55.2377 -145.203
55.2377 -145.203
55.2377 -145.203
55.2377 -145.203
55.2377 -145.203
55.2377 -145.203
55.2377 -145.203
55.2377 -145.203
55.2377 -145.203
55.2377 -145.203
55.2377 -145.203
55.2377 -145.203
55.2377 -145.203
55.2377 -145.203
55.2377 -145.203
55.2377 -145.203
55.2377 -145.203
55.2377 -145.203
55.2377 -145.203
55.2377 -145.203
55.2377 -145.203
55.2377 -145.203
55.2377 -145.203
55.2377 -145.203
54.5728 -145.203
54.0136 -145.203
55.2377 -145.203
55.2377 -145.203
55.2377 -145.203
54.3178 -145.203
43.8202 -145.203
54.9567 -145.203
55.2377 -145.203
55.2377 -145.203
55.2377 -145.203
55.2377 -145.203
55.2377 -145.203
55.2377 -145.203
55.2377 -145.203
54.1605 -145.203
55.2377 -145.203
55.2377 -145.203
55.2377 -145.203
55.2377 -145.203
55.2377 -145.203
54.2639 -145.203
52.6587 -145.203
55.2377 -145.203
55.2377 -145.203
55.2377 -145.203
55.2377 -145.203
55.2377 -145.203
55.2377 -145.203
55.2377 -145.203
55.2377 -145.203
55.2377 -145.203
55.2377 -145.203
55.2377 -145.203
55.5012 -145.203
55.3865 -145.203
55.3421 -145.203
55.3048 -145.203
55.2377 -145.203
55.2377 -145.203
55.2377 -145.203
55.2377 -145.203
55.2377 -145.203
55.2377 -145.203
55.2377 -145.203
55.2377 -145.203
55.2377 -145.203
55.2377 -145.203
55.2377 -145.203
55.2377 -145.203
55.2377 -145.203
55.2377 -145.203
55.2377 -145.203
55.2377 -145.203
54.2865 -145.203
55.2377 -145.203
55.2377 -145.203
54.7905 -145.203
53.6987 -145.203
55.2377 -145.203
55.2377 -145.203
55.2377 -145.203
55.2377 -145.203
55.2377 -145.203
55.2377 -145.203
55.2377 -145.203
55.2377 -145.203
55.2377 -145.203
55.2377 -145.203
55.2377 -145.203
55.2377 -145.203
55.2377 -145.203
55.2377 -145.203
53.3345 -145.203
54.2643 -145.203
55.2377 -145.203
55.2377 -145.203
54.0135 -145.203
54.0136 -145.203
55.2377 -145.203
55.2377 -145.203
55.2377 -145.203
55.2377 -145.203
55.2377 -145.203
55.2377 -145.203
54.2866 -145.203
53.7917 -145.203
55.2377 -145.203
55.2377 -145.203
55.2377 -145.203
55.2377 -145.203
55.2377 -145.203
54.1525 -145.203
54.9825 -145.203
55.2377 -145.203
55.2377 -145.203
55.2377 -145.203
55.2377 -145.203
55.2377 -145.203
55.2377 -145.203
53.9349 -145.203
54.1343 -145.203
55.2377 -145.203
55.2377 -145.203
54.5752 -145.203
54.172 -145.203
55.2377 -145.203
55.2377 -145.203
55.2377 -145.203
55.2377 -145.203
55.2377 -145.203
55.2377 -145.203
55.2377 -145.203
55.2377 -145.203
55.2377 -145.203
55.2377 -145.203
55.2377 -145.203
53.9061 -145.203
55.0926 -145.203
55.2377 -145.203
55.2377 -145.203
55.2377 -145.203
55.2377 -145.203
55.2377 -145.203
55.2377 -145.203
55.2377 -145.203
55.2377 -145.203
55.2377 -145.203
55.2377 -145.203
55.2377 -145.203
55.2377 -145.203
55.2377 -145.203
55.2377 -145.203
55.2377 -145.203
55.2377 -145.203
54.075 -145.203
53.2731 -145.203
55.2377 -145.203
55.2377 -145.203
55.2377 -145.203
55.2377 -145.203
55.4069 -145.203
52.6587 -145.203
55.2377 -145.203
55.2377 -145.203
55.2377 -145.203
55.2377 -145.203
55.2377 -145.203
55.2377 -145.203
54.0844 -145.203
55.2377 -145.203
55.2377 -145.203
55.2377 -145.203
55.2377 -145.203
55.2377 -145.203
55.2377 -145.203
55.2377 -145.203
55.2377 -145.203
55.2377 -145.203
55.2377 -145.203
55.2377 -145.203
55.2377 -145.203
55.2377 -145.203
55.2377 -145.203
53.7917 -145.203
53.8672 -145.203
55.1736 -145.203
55.2377 -145.203
55.2377 -145.203
55.2377 -145.203
55.2377 -145.203
55.2377 -145.203
55.2377 -145.203
55.2377 -145.203
55.2377 -145.203
55.2377 -145.203
55.2377 -145.203
55.2377 -145.203
55.2377 -145.203
55.2377 -145.203
53.9177 -145.203
53.7917 -145.203
55.2377 -145.203
54.5181 -145.203
54.0135 -145.203
54.2777 -145.203
55.2377 -145.203
55.2377 -145.203
54.416 -145.203
54.8386 -145.203
55.2377 -145.203
55.2377 -145.203
54.4935 -145.203
55.3631 -145.203
55.2377 -145.203
55.2377 -145.203
55.2377 -145.203
55.2377 -145.203
55.2377 -145.203
55.2377 -145.203
53.8664 -145.203
54.7785 -145.203
55.2377 -145.203
55.2377 -145.203
55.2377 -145.203
55.2377 -145.203
55.2377 -145.203
55.2377 -145.203
55.2377 -145.203
55.2377 -145.203
55.2377 -145.203
55.2377 -145.203
55.2377 -145.203
55.2377 -145.203
55.2377 -145.203
54.4542 -145.203
55.3699 -145.203
55.2377 -145.203
55.2377 -145.203
55.2377 -145.203
55.2377 -145.203
55.2377 -145.203
55.2377 -145.203
55.2377 -145.203
55.2377 -145.203
55.2377 -145.203
55.2377 -145.203
55.2377 -145.203
55.2377 -145.203
55.2377 -145.203
55.2377 -145.203
55.2377 -145.203
55.2377 -145.203
55.2377 -145.203
55.2377 -145.203
55.2377 -145.203
55.2377 -145.203
55.2377 -145.203
55.2377 -145.203
55.2377 -145.203
55.2377 -145.203
55.2377 -145.203
55.2377 -145.203
55.2377 -145.203
55.2377 -145.203
55.2377 -145.203
55.2377 -145.203
55.2377 -145.203
55.2377 -145.203
55.2377 -145.203
55.2377 -145.203
55.2377 -145.203
55.2377 -145.203
55.2377 -145.203
55.2377 -145.203
55.2377 -145.203
53.8457 -145.203
52.4958 -145.203
53.573 -145.203
55.2377 -145.203
55.2377 -145.203
55.2377 -145.203
55.2377 -145.203
55.3251 -145.203
55.9136 -145.203
55.2377 -145.203
55.2377 -145.203
54.1362 -145.203
54.9308 -145.203
55.2377 -145.203
55.2377 -145.203
55.2377 -145.203
55.2377 -145.203
55.2377 -145.203
55.2377 -145.203
54.6053 -145.203
54.4691 -145.203
55.2377 -145.203
55.2377 -145.203
55.2377 -145.203
55.2377 -145.203
55.2377 -145.203
55.2377 -145.203
55.2377 -145.203
55.2377 -145.203
55.2377 -145.203
55.2377 -145.203
55.2377 -145.203
54.297 -145.203
52.4377 -145.203
55.4058 -145.203
55.2377 -145.203
55.2377 -145.203
55.2377 -145.203
55.2377 -145.203
55.2377 -145.203
55.2377 -145.203
55.2377 -145.203
55.2377 -145.203
55.2377 -145.203
55.2377 -145.203
55.2377 -145.203
55.2377 -145.203
55.2377 -145.203
55.2377 -145.203
55.2377 -145.203
55.2377 -145.203
55.2377 -145.203
55.2377 -145.203
55.2377 -145.203
53.7917 -145.203
55.2377 -145.203
55.2377 -145.203
55.2377 -145.203
55.2377 -145.203
55.2377 -145.203
55.2377 -145.203
55.2377 -145.203
55.2377 -145.203
55.2377 -145.203
55.2377 -145.203
55.2377 -145.203
55.2377 -145.203
55.2377 -145.203
55.2377 -145.203
55.2377 -145.203
55.2377 -145.203
55.2377 -145.203
55.2377 -145.203
55.2377 -145.203
54.8801 -145.203
55.4711 -145.203
53.7028 -145.203
55.0124 -145.203
55.2377 -145.203
55.2377 -145.203
55.2377 -145.203
55.2377 -145.203
55.2377 -145.203
55.2377 -145.203
54.52 -145.203
54.1516 -145.203
55.2377 -145.203
55.2377 -145.203
55.2377 -145.203
55.2377 -145.203
55.2377 -145.203
55.2377 -145.203
55.2377 -145.203
55.2377 -145.203
55.2377 -145.203
55.2377 -145.203
55.2377 -145.203
55.2377 -145.203
55.2377 -145.203
55.2377 -145.203
55.2646 -145.203
55.2492 -145.203
55.2377 -145.203
55.2377 -145.203
55.2377 -145.203
55.2377 -145.203
55.2377 -145.203
55.2377 -145.203
55.2377 -145.203
55.2377 -145.203
55.2377 -145.203
55.2377 -145.203
55.2377 -145.203
55.2377 -145.203
55.2377 -145.203
55.2377 -145.203
55.2377 -145.203
53.2673 -145.203
52.4533 -145.203
52.3209 -145.203
55.2377 -145.203
55.2377 -145.203
55.2377 -145.203
55.2377 -145.203
55.2377 -145.203
55.2377 -145.203
55.2377 -145.203
55.2377 -145.203
55.6798 -145.203
52.7876 -145.203
55.2377 -145.203
55.2377 -145.203
55.2377 -145.203
55.2377 -145.203
55.2377 -145.203
55.2377 -145.203
55.2377 -145.203
55.2377 -145.203
55.2377 -145.203
55.2377 -145.203
55.3687 -145.203
55.1898 -145.203
53.0386 -145.203
53.8806 -145.203
55.2377 -145.203
55.2377 -145.203
55.2377 -145.203
55.2377 -145.203
55.2377 -145.203
55.2377 -145.203
55.2377 -145.203
55.2377 -145.203
55.2377 -145.203
55.2377 -145.203
55.2377 -145.203
55.2377 -145.203
55.2377 -145.203
55.2377 -145.203
55.2377 -145.203
55.2377 -145.203
55.2377 -145.203
54.2643 -145.203
53.5482 -145.203
55.2377 -145.203
55.2377 -145.203
55.2377 -145.203
55.2377 -145.203
52.3209 -145.203
52.9561 -145.203
55.2377 -145.203
55.2377 -145.203
55.2377 -145.203
55.2377 -145.203
55.2377 -145.203
55.2377 -145.203
55.2377 -145.203
55.2377 -145.203
55.2377 -145.203
54.0121 -145.203
53.3764 -145.203
55.1108 -145.203
55.2377 -145.203
55.2377 -145.203
55.2377 -145.203
55.2377 -145.203
55.2377 -145.203
55.2377 -145.203
55.2377 -145.203
55.2377 -145.203
55.2377 -145.203
55.3699 -145.203
53.7917 -145.203
55.5012 -145.203
55.2377 -145.203
55.2377 -145.203
55.3421 -145.203
55.197 -145.203
55.2377 -145.203
55.2377 -145.203
55.2377 -145.203
55.2377 -145.203
55.2377 -145.203
55.2377 -145.203
55.2377 -145.203
55.2377 -145.203
55.2377 -145.203
55.2377 -145.203
55.2377 -145.203
55.2377 -145.203
55.2377 -145.203
55.1084 -145.203
53.2699 -145.203
55.2377 -145.203
55.2127 -145.203
54.5311 -145.203
54.8494 -145.203
55.2377 -145.203
54.1637 -145.203
54.969 -145.203
55.2377 -145.203
55.2377 -145.203
55.2377 -145.203
55.2377 -145.203
55.2377 -145.203
55.2377 -145.203
55.2377 -145.203
55.2377 -145.203
55.2377 -145.203
55.2377 -145.203
55.2377 -145.203
55.2377 -145.203
55.2377 -145.203
55.2377 -145.203
55.2377 -145.203
55.2377 -145.203
55.2377 -145.203
53.7917 -145.203
53.6454 -145.203
53.3875 -145.203
52.9468 -145.203
53.7708 -145.203
55.2377 -145.203
55.2377 -145.203
55.2377 -145.203
55.2377 -145.203
55.2377 -145.203
55.2377 -145.203
55.2377 -145.203
55.2377 -145.203
55.2377 -145.203
55.2377 -145.203
55.2377 -145.203
55.2377 -145.203
54.2497 -145.203
51.2949 -145.203
55.2377 -145.203
55.2377 -145.203
55.2377 -145.203
55.2377 -145.203
55.2377 -145.203
55.2377 -145.203
55.2377 -145.203
55.2377 -145.203
54.4273 -145.203
54.8585 -145.203
54.3632 -145.203
53.9277 -145.203
55.2377 -145.203
54.6114 -145.203
54.9734 -145.203
55.2377 -145.203
54.3355 -145.203
54.3679 -145.203
55.2377 -145.203
55.2377 -145.203
55.2377 -145.203
55.2377 -145.203
55.2377 -145.203
55.2377 -145.203
54.6455 -145.203
55.2377 -145.203
55.2377 -145.203
54.1299 -145.203
55.411 -145.203
55.2377 -145.203
55.0418 -145.203
54.2663 -145.203
55.2377 -145.203
55.2377 -145.203
55.2377 -145.203
55.2377 -145.203
55.2377 -145.203
55.2377 -145.203
55.2377 -145.203
55.2377 -145.203
55.2377 -145.203
55.2377 -145.203
55.2377 -145.203
55.2377 -145.203
55.2377 -145.203
55.4003 -145.203
54.5527 -145.203
55.2377 -145.203
55.2377 -145.203
55.2377 -145.203
55.2377 -145.203
55.2377 -145.203
55.2377 -145.203
55.2377 -145.203
55.2377 -145.203
55.2377 -145.203
55.2377 -145.203
55.2377 -145.203
55.2377 -145.203
55.2377 -145.203
55.2377 -145.203
55.2377 -145.203
55.2377 -145.203
55.2377 -145.203
55.2377 -145.203
55.2377 -145.203
55.2377 -145.203
55.2377 -145.203
55.2377 -145.203
54.9402 -145.203
54.3046 -145.203
55.7814 -145.203
55.1012 -145.203
55.2377 -145.203
55.2377 -145.203
55.2377 -145.203
55.2377 -145.203
55.2377 -145.203
55.2377 -145.203
55.2377 -145.203
55.2377 -145.203
55.2377 -145.203
55.2377 -145.203
55.2377 -145.203
55.2377 -145.203
55.2377 -145.203
55.2377 -145.203
55.2377 -145.203
55.2377 -145.203
55.2377 -145.203
55.2377 -145.203
55.2377 -145.203
55.2377 -145.203
55.2377 -145.203
55.2377 -145.203
55.2377 -145.203
54.9402 -145.203
54.2002 -145.203
55.2377 -145.203
55.2377 -145.203
55.2377 -145.203
55.2377 -145.203
55.2377 -145.203
55.2377 -145.203
55.2377 -145.203
55.2377 -145.203
55.2377 -145.203
55.2377 -145.203
55.2377 -145.203
55.2377 -145.203
52.9807 -145.203
52.6242 -145.203
53.7917 -145.203
55.2377 -145.203
55.2377 -145.203
55.2377 -145.203
55.2377 -145.203
55.2377 -145.203
55.2377 -145.203
54.7375 -145.203
55.4951 -145.203
55.2377 -145.203
55.2377 -145.203
55.2377 -145.203
55.2993 -145.203
54.2333 -145.203
55.2377 -145.203
55.2377 -145.203
55.2377 -145.203
55.2377 -145.203
55.2377 -145.203
55.2377 -145.203
55.2377 -145.203
55.2377 -145.203
55.5754 -145.203
54.5618 -145.203
55.2377 -145.203
55.2377 -145.203
55.2377 -145.203
55.2377 -145.203
55.2377 -145.203
55.2377 -145.203
54.0197 -145.203
54.1499 -145.203
55.2377 -145.203
55.2377 -145.203
55.2377 -145.203
54.4541 -145.203
55.2377 -145.203
55.2377 -145.203
55.2377 -145.203
55.2377 -145.203
55.2377 -145.203
55.2377 -145.203
55.2377 -145.203
55.2377 -145.203
55.2377 -145.203
55.2377 -145.203
55.2377 -145.203
55.2377 -145.203
55.2377 -145.203
55.2377 -145.203
55.2377 -145.203
55.2377 -145.203
55.2377 -145.203
55.2377 -145.203
55.2377 -145.203
55.2377 -145.203
55.2377 -145.203
55.2377 -145.203
55.2377 -145.203
55.2377 -145.203
55.2377 -145.203
55.2377 -145.203
55.2377 -145.203
55.2377 -145.203
55.2377 -145.203
55.2377 -145.203
55.2377 -145.203
55.2377 -145.203
55.2377 -145.203
55.2377 -145.203
55.2377 -145.203
55.2377 -145.203
55.2377 -145.203
55.2377 -145.203
55.2377 -145.203
55.2377 -145.203
55.2377 -145.203
55.2377 -145.203
55.2377 -145.203
55.2377 -145.203
55.2377 -145.203
55.2377 -145.203
55.2377 -145.203
55.2377 -145.203
55.2377 -145.203
55.2377 -145.203
55.2377 -145.203
55.2377 -145.203
55.2377 -145.203
55.2377 -145.203
55.2377 -145.203
55.2377 -145.203
55.2377 -145.203
55.2377 -145.203
55.2377 -145.203
55.2377 -145.203
55.2377 -145.203
55.2377 -145.203
55.2377 -145.203
55.2377 -145.203
55.2377 -145.203
55.2377 -145.203
55.2377 -145.203
51.1128 -145.203
47.0184 -145.203
54.619 -145.203
55.2377 -145.203
55.2377 -145.203
55.2377 -145.203
55.2377 -145.203
55.4437 -145.203
55.2377 -145.203
55.2377 -145.203
55.2377 -145.203
55.2377 -145.203
55.2377 -145.203
55.2377 -145.203
55.2377 -145.203
55.2377 -145.203
55.2377 -145.203
55.2377 -145.203
55.2377 -145.203
55.2377 -145.203
55.2377 -145.203
55.3638 -145.203
54.2022 -145.203
55.2377 -145.203
54.3282 -145.203
55.5021 -145.203
55.2377 -145.203
55.2377 -145.203
54.0265 -145.203
55.3983 -145.203
55.2377 -145.203
55.2377 -145.203
55.2377 -145.203
55.2377 -145.203
55.2377 -145.203
55.2377 -145.203
55.2377 -145.203
55.2377 -145.203
55.2377 -145.203
55.2377 -145.203
55.2377 -145.203
55.2377 -145.203
55.2377 -145.203
55.2377 -145.203
55.2377 -145.203
55.2377 -145.203
55.2377 -145.203
55.2377 -145.203
55.2377 -145.203
55.2377 -145.203
55.2377 -145.203
55.2377 -145.203
55.2377 -145.203
55.2377 -145.203
55.2377 -145.203
55.2377 -145.203
55.2377 -145.203
55.2377 -145.203
54.5917 -145.203
54.4429 -145.203
55.2377 -145.203
55.2377 -145.203
55.2377 -145.203
55.2377 -145.203
55.2377 -145.203
55.2377 -145.203
55.2377 -145.203
55.2377 -145.203
55.2377 -145.203
55.2377 -145.203
55.2377 -145.203
55.2377 -145.203
55.2377 -145.203
55.2377 -145.203
55.2377 -145.203
55.2377 -145.203
50.8526 -145.203
54.1618 -145.203
55.2377 -145.203
55.2377 -145.203
55.2377 -145.203
55.2377 -145.203
55.2377 -145.203
55.2377 -145.203
54.8118 -145.203
55.5169 -145.203
55.2377 -145.203
55.2377 -145.203
55.2377 -145.203
55.2377 -145.203
55.2377 -145.203
55.2377 -145.203
55.2377 -145.203
55.2377 -145.203
55.2377 -145.203
55.2377 -145.203
55.2377 -145.203
55.2377 -145.203
55.2377 -145.203
55.2377 -145.203
55.2377 -145.203
55.2377 -145.203
55.2377 -145.203
55.2377 -145.203
55.2377 -145.203
55.2377 -145.203
55.2377 -145.203
55.2377 -145.203
55.2377 -145.203
55.2377 -145.203
55.2377 -145.203
55.0712 -145.203
52.2928 -145.203
55.3856 -145.203
55.2377 -145.203
55.2377 -145.203
55.2377 -145.203
55.2377 -145.203
54.9076 -145.203
55.1772 -145.203
55.2377 -145.203
55.2377 -145.203
55.2377 -145.203
55.2377 -145.203
55.2377 -145.203
55.2377 -145.203
55.2377 -145.203
55.2377 -145.203
54.2464 -145.203
55.6843 -145.203
55.2377 -145.203
55.2377 -145.203
55.2377 -145.203
55.2377 -145.203
55.2377 -145.203
55.2377 -145.203
55.2377 -145.203
55.2377 -145.203
55.2377 -145.203
55.2377 -145.203
55.2377 -145.203
55.2377 -145.203
55.2377 -145.203
55.2377 -145.203
53.6927 -145.203
55.2377 -145.203
55.2377 -145.203
55.2377 -145.203
55.2377 -145.203
55.2377 -145.203
55.2377 -145.203
55.2377 -145.203
55.2377 -145.203
55.2377 -145.203
55.1173 -145.203
53.956 -145.203
55.2377 -145.203
53.9873 -145.203
53.8061 -145.203
55.2377 -145.203
55.2377 -145.203
55.2377 -145.203
55.2377 -145.203
55.2377 -145.203
55.2377 -145.203
55.2377 -145.203
55.2377 -145.203
55.2377 -145.203
55.2377 -145.203
55.2377 -145.203
55.2316 -145.203
53.7924 -145.203
55.2377 -145.203
55.2377 -145.203
55.2377 -145.203
55.2377 -145.203
55.2377 -145.203
55.2377 -145.203
53.122 -145.203
53.6595 -145.203
55.2377 -145.203
55.2377 -145.203
55.2377 -145.203
55.2377 -145.203
54.7517 -145.203
53.7848 -145.203
55.2377 -145.203
55.2377 -145.203
55.2377 -145.203
55.2377 -145.203
55.2377 -145.203
55.2377 -145.203
55.2377 -145.203
55.2377 -145.203
55.2377 -145.203
55.2377 -145.203
55.2377 -145.203
55.2377 -145.203
55.2377 -145.203
54.5752 -145.203
53.7917 -145.203
53.5282 -145.203
55.2377 -145.203
55.2377 -145.203
55.2377 -145.203
55.2377 -145.203
55.2377 -145.203
55.2377 -145.203
55.2377 -145.203
55.2377 -145.203
55.2377 -145.203
55.2377 -145.203
55.2377 -145.203
55.2377 -145.203
55.2377 -145.203
55.2377 -145.203
55.2377 -145.203
55.2377 -145.203
54.075 -145.203
54.1917 -145.203
55.2377 -145.203
55.2377 -145.203
55.2377 -145.203
55.2377 -145.203
55.2377 -145.203
55.2377 -145.203
55.2377 -145.203
55.2377 -145.203
55.2377 -145.203
55.2377 -145.203
55.2377 -145.203
53.3262 -145.203
54.356 -145.203
55.2377 -145.203
55.2377 -145.203
55.2377 -145.203
55.2377 -145.203
55.2377 -145.203
55.2377 -145.203
55.2377 -145.203
55.2377 -145.203
55.2377 -145.203
55.2377 -145.203
55.2377 -145.203
55.2377 -145.203
55.2377 -145.203
55.2377 -145.203
55.2377 -145.203
55.2377 -145.203
55.2377 -145.203
55.2377 -145.203
55.2377 -145.203
55.2377 -145.203
55.2377 -145.203
55.2377 -145.203
55.2377 -145.203
55.2377 -145.203
55.2377 -145.203
55.2377 -145.203
55.2377 -145.203
55.2377 -145.203
55.2377 -145.203
55.2377 -145.203
55.2377 -145.203
55.2377 -145.203
52.3209 -145.203
52.8283 -145.203
55.2377 -145.203
55.2377 -145.203
55.2377 -145.203
55.2377 -145.203
55.2377 -145.203
55.2377 -145.203
55.2377 -145.203
55.2377 -145.203
55.2377 -145.203
55.2377 -145.203
55.2377 -145.203
55.2377 -145.203
55.2377 -145.203
55.2377 -145.203
55.2377 -145.203
55.2377 -145.203
55.2377 -145.203
55.2377 -145.203
55.2377 -145.203
55.2377 -145.203
55.2377 -145.203
55.2377 -145.203
55.2377 -145.203
55.2377 -145.203
55.2377 -145.203
55.2377 -145.203
55.2377 -145.203
55.2377 -145.203
55.2377 -145.203
55.2377 -145.203
55.2377 -145.203
55.2377 -145.203
55.2377 -145.203
55.2377 -145.203
55.2377 -145.203
55.2377 -145.203
55.2377 -145.203
55.2377 -145.203
55.2377 -145.203
55.2377 -145.203
55.2377 -145.203
55.2377 -145.203
55.2377 -145.203
55.2377 -145.203
55.2377 -145.203
55.2377 -145.203
54.3687 -145.203
54.4084 -145.203
55.2377 -145.203
53.342 -145.203
49.2449 -145.203
55.2377 -145.203
54.1192 -145.203
52.892 -145.203
55.2377 -145.203
55.2377 -145.203
55.2377 -145.203
55.2377 -145.203
55.2377 -145.203
55.2377 -145.203
55.2377 -145.203
55.2377 -145.203
55.2377 -145.203
55.2377 -145.203
55.2377 -145.203
55.2377 -145.203
55.2377 -145.203
55.2377 -145.203
55.2377 -145.203
55.2377 -145.203
55.2377 -145.203
55.2377 -145.203
55.2377 -145.203
55.2377 -145.203
55.2377 -145.203
55.2377 -145.203
55.2377 -145.203
55.2377 -145.203
55.2377 -145.203
55.2377 -145.203
55.2377 -145.203
55.2377 -145.203
55.2377 -145.203
55.2377 -145.203
55.2377 -145.203
50.8711 -145.203
53.29 -145.203
55.2377 -145.203
55.2377 -145.203
55.2377 -145.203
55.6751 -145.203
55.9136 -145.203
55.2377 -145.203
55.2377 -145.203
55.2377 -145.203
55.2377 -145.203
53.8106 -145.203
55.3699 -145.203
55.2377 -145.203
55.2377 -145.203
55.0184 -145.203
55.2705 -145.203
55.4712 -145.203
52.936 -145.203
55.2377 -145.203
55.2377 -145.203
55.2377 -145.203
55.2377 -145.203
54.9402 -145.203
53.9061 -145.203
55.6319 -145.203
53.7027 -145.203
55.2377 -145.203
55.2377 -145.203
55.2377 -145.203
55.2377 -145.203
55.2377 -145.203
55.2377 -145.203
55.2377 -145.203
55.2377 -145.203
55.2377 -145.203
55.2377 -145.203
55.2377 -145.203
55.2377 -145.203
55.2377 -145.203
55.2377 -145.203
55.2377 -145.203
54.1628 -145.203
52.4096 -145.203
55.2377 -145.203
55.2377 -145.203
55.2377 -145.203
55.2377 -145.203
55.2377 -145.203
55.2377 -145.203
55.2377 -145.203
55.2377 -145.203
55.2377 -145.203
55.2377 -145.203
55.2377 -145.203
55.2377 -145.203
55.2377 -145.203
55.3028 -145.203
54.1497 -145.203
55.2377 -145.203
53.8508 -145.203
54.989 -145.203
55.2377 -145.203
55.2377 -145.203
55.2377 -145.203
52.7876 -145.203
53.6566 -145.203
55.2377 -145.203
55.2377 -145.203
55.2377 -145.203
55.2377 -145.203
55.2377 -145.203
55.2377 -145.203
55.2377 -145.203
55.2377 -145.203
55.2377 -145.203
55.2377 -145.203
55.2377 -145.203
55.2377 -145.203
54.7429 -145.203
54.5699 -145.203
55.2377 -145.203
55.2377 -145.203
55.2377 -145.203
55.5167 -145.203
54.1497 -145.203
55.2377 -145.203
55.2377 -145.203
55.2377 -145.203
55.2377 -145.203
55.2377 -145.203
55.2377 -145.203
55.2377 -145.203
55.2377 -145.203
55.2377 -145.203
55.2377 -145.203
55.2377 -145.203
55.2377 -145.203
55.2377 -145.203
55.2377 -145.203
55.2377 -145.203
55.2377 -145.203
55.7043 -145.203
53.1152 -145.203
55.2377 -145.203
55.2377 -145.203
55.2377 -145.203
55.2377 -145.203
55.2377 -145.203
55.2377 -145.203
55.2377 -145.203
55.2377 -145.203
55.2377 -145.203
53.5884 -145.203
55.2377 -145.203
53.8825 -145.203
45.2503 -145.203
55.2377 -145.203
55.4067 -145.203
55.2377 -145.203
55.2377 -145.203
55.2377 -145.203
55.2377 -145.203
55.2377 -145.203
55.2377 -145.203
55.2377 -145.203
55.2377 -145.203
55.2377 -145.203
55.2377 -145.203
55.2377 -145.203
55.2377 -145.203
55.2377 -145.203
55.2377 -145.203
55.2377 -145.203
55.2377 -145.203
55.2377 -145.203
55.2377 -145.203
55.2377 -145.203
55.2377 -145.203
55.2377 -145.203
53.6656 -145.203
55.5178 -145.203
55.2377 -145.203
55.2377 -145.203
55.2377 -145.203
55.2377 -145.203
55.2377 -145.203
55.2377 -145.203
55.2377 -145.203
55.2377 -145.203
54.9565 -145.203
45.1199 -145.203
55.2377 -145.203
55.2377 -145.203
50.214 -145.203
52.084 -145.203
55.2377 -145.203
55.2377 -145.203
55.2377 -145.203
55.2377 -145.203
55.2377 -145.203
55.2377 -145.203
55.2377 -145.203
55.2377 -145.203
55.2377 -145.203
55.2377 -145.203
55.2377 -145.203
55.2377 -145.203
55.2377 -145.203
55.2377 -145.203
55.2377 -145.203
55.2377 -145.203
55.2377 -145.203
55.2377 -145.203
55.2377 -145.203
55.2377 -145.203
54.2378 -145.203
55.2377 -145.203
55.2377 -145.203
55.2377 -145.203
55.2377 -145.203
55.2377 -145.203
55.2377 -145.203
55.2377 -145.203
55.2377 -145.203
55.2377 -145.203
55.2377 -145.203
55.2377 -145.203
55.2377 -145.203
55.2377 -145.203
55.2377 -145.203
55.2377 -145.203
55.2377 -145.203
55.2377 -145.203
55.2377 -145.203
55.2377 -145.203
55.5113 -145.203
51.5301 -145.203
53.8361 -145.203
55.2377 -145.203
55.2377 -145.203
55.2377 -145.203
55.2377 -145.203
55.2377 -145.203
53.7917 -145.203
54.67 -145.203
55.2377 -145.203
55.2377 -145.203
55.2377 -145.203
55.2377 -145.203
55.2377 -145.203
55.2377 -145.203
55.2377 -145.203
55.2377 -145.203
55.2377 -145.203
55.2377 -145.203
55.2377 -145.203
55.2377 -145.203
55.2377 -145.203
55.2377 -145.203
54.4932 -145.203
54.5149 -145.203
55.2377 -145.203
55.2377 -145.203
55.2377 -145.203
55.2377 -145.203
55.2377 -145.203
55.2377 -145.203
55.2377 -145.203
55.2377 -145.203
55.2377 -145.203
55.2377 -145.203
55.2377 -145.203
55.2377 -145.203
55.2377 -145.203
55.2377 -145.203
55.2377 -145.203
55.2377 -145.203
55.2377 -145.203
55.2377 -145.203
55.2377 -145.203
55.2377 -145.203
55.2377 -145.203
55.2377 -145.203
55.2377 -145.203
55.2377 -145.203
55.2377 -145.203
55.2377 -145.203
55.2377 -145.203
55.2377 -145.203
55.2377 -145.203
55.2377 -145.203
55.2377 -145.203
55.2377 -145.203
55.2377 -145.203
55.2377 -145.203
55.2377 -145.203
55.2377 -145.203
55.2377 -145.203
55.2377 -145.203
55.2377 -145.203
55.2377 -145.203
55.2377 -145.203
55.2377 -145.203
55.2377 -145.203
55.2377 -145.203
55.2377 -145.203
55.2377 -145.203
55.2377 -145.203
55.2377 -145.203
55.2377 -145.203
55.2377 -145.203
55.2377 -145.203
55.2377 -145.203
55.2377 -145.203
55.2377 -145.203
55.2377 -145.203
54.6804 -145.203
54.0376 -145.203
55.2377 -145.203
55.2377 -145.203
55.2377 -145.203
55.2377 -145.203
55.2377 -145.203
55.2377 -145.203
55.2377 -145.203
55.2377 -145.203
54.969 -145.203
53.7039 -145.203
55.2377 -145.203
55.2377 -145.203
55.2377 -145.203
55.2377 -145.203
55.2377 -145.203
55.2377 -145.203
55.2377 -145.203
55.2377 -145.203
55.2377 -145.203
55.2377 -145.203
55.2377 -145.203
55.2377 -145.203
55.2377 -145.203
55.2377 -145.203
55.2377 -145.203
55.2377 -145.203
55.2377 -145.203
55.2377 -145.203
55.2377 -145.203
55.2377 -145.203
55.2377 -145.203
55.2377 -145.203
55.2377 -145.203
55.2377 -145.203
55.2377 -145.203
55.2377 -145.203
55.2377 -145.203
55.2377 -145.203
55.2377 -145.203
55.2377 -145.203
55.2377 -145.203
55.2377 -145.203
54.0021 -145.203
54.9734 -145.203
55.2377 -145.203
55.2377 -145.203
55.2377 -145.203
55.2377 -145.203
55.2377 -145.203
55.2376 -145.203
53.8255 -145.203
55.2377 -145.203
55.2377 -145.203
55.2377 -145.203
55.2377 -145.203
55.2377 -145.203
55.1083 -145.203
55.471 -145.203
55.2377 -145.203
55.2377 -145.203
55.2377 -145.203
55.2377 -145.203
55.2377 -145.203
55.2377 -145.203
53.949 -145.203
54.5917 -145.203
55.2377 -145.203
55.2377 -145.203
55.2377 -145.203
55.2377 -145.203
55.2377 -145.203
55.2377 -145.203
55.2377 -145.203
55.2377 -145.203
55.2377 -145.203
55.2377 -145.203
55.2377 -145.203
55.2377 -145.203
55.2377 -145.203
55.2377 -145.203
55.2377 -145.203
55.2377 -145.203
55.2377 -145.203
55.2377 -145.203
55.2377 -145.203
55.2377 -145.203
53.9668 -145.203
55.0446 -145.203
55.2377 -145.203
55.2377 -145.203
55.2377 -145.203
55.2377 -145.203
55.3421 -145.203
53.9903 -145.203
55.2377 -145.203
55.2377 -145.203
55.2377 -145.203
55.2377 -145.203
55.2377 -145.203
55.2377 -145.203
55.2377 -145.203
55.2377 -145.203
54.0305 -145.203
55.2377 -145.203
55.2377 -145.203
55.2377 -145.203
55.2377 -145.203
55.2377 -145.203
55.2377 -145.203
55.2377 -145.203
54.5917 -145.203
55.1074 -145.203
55.2377 -145.203
55.2377 -145.203
55.2377 -145.203
55.2377 -145.203
55.2377 -145.203
55.2377 -145.203
55.2377 -145.203
55.2377 -145.203
55.2377 -145.203
55.2377 -145.203
55.2377 -145.203
55.2377 -145.203
55.2377 -145.203
55.2377 -145.203
55.2377 -145.203
55.2377 -145.203
55.2377 -145.203
55.2377 -145.203
55.2377 -145.203
55.2377 -145.203
55.2377 -145.203
55.2377 -145.203
55.2377 -145.203
55.2377 -145.203
55.2377 -145.203
55.2377 -145.203
55.2377 -145.203
55.2377 -145.203
55.2377 -145.203
55.2377 -145.203
55.2377 -145.203
55.2377 -145.203
55.5429 -145.203
54.5327 -145.203
55.2377 -145.203
55.2377 -145.203
55.2377 -145.203
55.2377 -145.203
55.2377 -145.203
55.2377 -145.203
55.2377 -145.203
55.2377 -145.203
55.2377 -145.203
55.2377 -145.203
55.2377 -145.203
55.2377 -145.203
55.2377 -145.203
55.2377 -145.203
55.2377 -145.203
55.2377 -145.203
55.2377 -145.203
55.2377 -145.203
55.2377 -145.203
55.2377 -145.203
55.2377 -145.203
55.2377 -145.203
55.2377 -145.203
55.2377 -145.203
55.2377 -145.203
55.2377 -145.203
53.3732 -145.203
53.5989 -145.203
53.9607 -145.203
55.2377 -145.203
55.2377 -145.203
55.2377 -145.203
55.2377 -145.203
55.2377 -145.203
55.2377 -145.203
55.2377 -145.203
52.7876 -145.203
55.1736 -145.203
55.2377 -145.203
55.2377 -145.203
55.2377 -145.203
55.2377 -145.203
55.2377 -145.203
55.2377 -145.203
55.2377 -145.203
55.2377 -145.203
55.2377 -145.203
55.1428 -145.203
53.7917 -145.203
54.9669 -145.203
54.5023 -145.203
55.2377 -145.203
55.2377 -145.203
55.2377 -145.203
55.2377 -145.203
55.2377 -145.203
55.2377 -145.203
55.2377 -145.203
55.2377 -145.203
55.2377 -145.203
55.2377 -145.203
55.2377 -145.203
55.2377 -145.203
54.0656 -145.203
53.7917 -145.203
55.2377 -145.203
55.2377 -145.203
55.2377 -145.203
55.2377 -145.203
55.2377 -145.203
55.2377 -145.203
55.2377 -145.203
55.2377 -145.203
55.2377 -145.203
55.2377 -145.203
55.2377 -145.203
55.2377 -145.203
55.2377 -145.203
55.2377 -145.203
55.2377 -145.203
55.2377 -145.203
55.2377 -145.203
55.2377 -145.203
55.2377 -145.203
55.2377 -145.203
55.2377 -145.203
55.2377 -145.203
55.2377 -145.203
55.2377 -145.203
55.2377 -145.203
55.2377 -145.203
55.2377 -145.203
55.2377 -145.203
55.2377 -145.203
55.2377 -145.203
54.7914 -145.203
54.4457 -145.203
55.2377 -145.203
55.2377 -145.203
55.2377 -145.203
55.2377 -145.203
55.2377 -145.203
55.2377 -145.203
55.2377 -145.203
55.2377 -145.203
55.2377 -145.203
55.2377 -145.203
55.2377 -145.203
55.2377 -145.203
54.8647 -145.203
54.7055 -145.203
55.2377 -145.203
55.2377 -145.203
55.2377 -145.203
55.2377 -145.203
55.2377 -145.203
55.2377 -145.203
55.2377 -145.203
55.2377 -145.203
55.6391 -145.203
55.197 -145.203
55.2377 -145.203
55.2377 -145.203
55.2377 -145.203
55.2377 -145.203
55.2377 -145.203
55.2377 -145.203
55.2377 -145.203
55.2377 -145.203
55.2377 -145.203
55.2377 -145.203
55.2377 -145.203
55.2377 -145.203
55.2377 -145.203
55.2377 -145.203
55.2377 -145.203
55.2377 -145.203
54.2202 -145.203
55.3238 -145.203
55.2377 -145.203
55.2377 -145.203
55.2377 -145.203
55.2377 -145.203
55.2377 -145.203
55.2377 -145.203
55.2377 -145.203
55.2377 -145.203
55.2377 -145.203
55.2377 -145.203
55.2377 -145.203
55.2377 -145.203
55.2377 -145.203
55.2377 -145.203
53.9702 -145.203
54.0149 -145.203
55.2377 -145.203
55.2377 -145.203
55.2377 -145.203
55.2377 -145.203
55.2377 -145.203
55.2377 -145.203
53.7917 -145.203
54.7012 -145.203
55.2377 -145.203
53.897 -145.203
54.7055 -145.203
55.2377 -145.203
55.2377 -145.203
55.2377 -145.203
55.2377 -145.203
55.2377 -145.203
55.2377 -145.203
55.2377 -145.203
55.2339 -145.203
50.3839 -145.203
55.2377 -145.203
55.2377 -145.203
55.2377 -145.203
53.393 -145.203
54.1501 -145.203
55.2377 -145.203
55.2377 -145.203
55.2377 -145.203
55.2377 -145.203
55.2377 -145.203
55.2377 -145.203
55.2377 -145.203
55.2377 -145.203
55.2377 -145.203
55.2377 -145.203
55.2377 -145.203
55.2377 -145.203
55.2377 -145.203
55.2377 -145.203
55.2377 -145.203
55.2377 -145.203
55.2377 -145.203
55.2377 -145.203
55.2377 -145.203
55.2377 -145.203
55.2377 -145.203
55.2377 -145.203
55.2377 -145.203
55.2377 -145.203
55.2377 -145.203
55.2377 -145.203
55.2377 -145.203
55.2377 -145.203
55.2377 -145.203
55.2377 -145.203
55.2377 -145.203
55.2377 -145.203
55.2377 -145.203
55.2377 -145.203
54.9328 -145.203
53.2439 -145.203
55.911 -145.203
45.512 -145.203
55.2377 -145.203
55.2377 -145.203
55.2377 -145.203
55.2377 -145.203
55.2377 -145.203
55.2377 -145.203
55.2377 -145.203
52.8052 -145.203
53.3988 -145.203
55.2377 -145.203
55.2377 -145.203
55.2377 -145.203
55.2377 -145.203
55.2377 -145.203
54.4438 -145.203
53.7917 -145.203
55.2377 -145.203
55.2377 -145.203
55.2377 -145.203
54.8 -145.203
55.2377 -145.203
55.2377 -145.203
55.2377 -145.203
55.2377 -145.203
55.2377 -145.203
55.2377 -145.203
55.2377 -145.203
54.4335 -145.203
54.3482 -145.203
55.2377 -145.203
55.2377 -145.203
55.2377 -145.203
55.2377 -145.203
55.2377 -145.203
55.2377 -145.203
55.2377 -145.203
55.2377 -145.203
55.2377 -145.203
55.2377 -145.203
55.2377 -145.203
55.2377 -145.203
55.2377 -145.203
55.2377 -145.203
55.2377 -145.203
55.2377 -145.203
55.2377 -145.203
55.2377 -145.203
55.2377 -145.203
55.2377 -145.203
55.2377 -145.203
54.347 -145.203
53.9551 -145.203
55.2377 -145.203
55.2377 -145.203
55.2377 -145.203
55.2377 -145.203
55.2377 -145.203
55.2377 -145.203
55.2377 -145.203
55.2377 -145.203
55.2377 -145.203
55.2377 -145.203
55.2377 -145.203
55.2377 -145.203
55.2377 -145.203
55.2377 -145.203
55.2377 -145.203
55.2377 -145.203
55.2377 -145.203
55.2377 -145.203
55.2377 -145.203
55.2377 -145.203
55.2377 -145.203
55.2377 -145.203
55.4303 -145.203
55.2377 -145.203
55.2377 -145.203
54.4977 -145.203
52.892 -145.203
55.2377 -145.203
55.1908 -145.203
53.347 -145.203
55.2377 -145.203
55.2377 -145.203
55.2377 -145.203
55.2377 -145.203
55.2377 -145.203
55.2377 -145.203
53.7979 -145.203
54.5501 -145.203
55.2377 -145.203
55.2377 -145.203
53.3826 -145.203
53.3764 -145.203
55.2377 -145.203
55.2377 -145.203
55.2377 -145.203
55.2377 -145.203
55.2377 -145.203
55.2377 -145.203
55.2377 -145.203
55.2377 -145.203
55.2377 -145.203
54.4369 -145.203
54.5379 -145.203
55.1708 -145.203
54.5285 -145.203
55.2377 -145.203
55.2377 -145.203
55.2377 -145.203
55.2377 -145.203
55.2377 -145.203
55.2377 -145.203
55.2377 -145.203
55.2377 -145.203
55.2377 -145.203
55.2377 -145.203
55.2377 -145.203
55.2377 -145.203
55.2377 -145.203
55.2377 -145.203
55.2377 -145.203
55.2377 -145.203
55.2377 -145.203
55.2377 -145.203
55.2377 -145.203
55.2377 -145.203
55.2377 -145.203
55.2377 -145.203
55.2377 -145.203
55.2377 -145.203
55.2377 -145.203
55.2377 -145.203
55.2377 -145.203
55.2377 -145.203
55.2377 -145.203
55.2377 -145.203
55.2747 -145.203
54.8957 -145.203
55.2377 -145.203
55.2377 -145.203
55.2377 -145.203
55.2377 -145.203
55.2377 -145.203
55.2377 -145.203
55.2377 -145.203
55.2377 -145.203
54.602 -145.203
52.4499 -145.203
55.2377 -145.203
55.2377 -145.203
55.2377 -145.203
55.2377 -145.203
55.2377 -145.203
55.5012 -145.203
54.1375 -145.203
55.2377 -145.203
55.2377 -145.203
55.2377 -145.203
55.2377 -145.203
55.2377 -145.203
55.2377 -145.203
55.2377 -145.203
53.2419 -145.203
54.6072 -145.203
55.2377 -145.203
55.2377 -145.203
55.2377 -145.203
53.6831 -145.203
54.1309 -145.203
55.2377 -145.203
55.2377 -145.203
55.2377 -145.203
55.2377 -145.203
55.2377 -145.203
55.2377 -145.203
55.2377 -145.203
55.2377 -145.203
55.2377 -145.203
55.2377 -145.203
55.2377 -145.203
55.2377 -145.203
55.2377 -145.203
55.471 -145.203
54.1599 -145.203
55.2377 -145.203
55.2377 -145.203
55.2377 -145.203
55.2377 -145.203
54.5133 -145.203
53.3286 -145.203
55.2377 -145.203
55.2377 -145.203
55.2377 -145.203
55.2377 -145.203
55.2377 -145.203
55.2377 -145.203
55.2377 -145.203
54.2662 -145.203
54.1927 -145.203
55.2377 -145.203
54.9636 -145.203
55.2377 -145.203
55.2377 -145.203
55.2377 -145.203
55.2377 -145.203
55.2377 -145.203
55.2377 -145.203
55.2377 -145.203
55.0323 -145.203
55.2377 -145.203
55.2377 -145.203
55.2377 -145.203
55.2377 -145.203
55.2377 -145.203
55.2377 -145.203
55.2377 -145.203
55.2377 -145.203
55.2377 -145.203
55.2377 -145.203
55.2377 -145.203
55.2377 -145.203
55.2377 -145.203
55.2377 -145.203
54.2236 -145.203
54.0947 -145.203
55.2377 -145.203
55.2377 -145.203
55.2377 -145.203
55.2377 -145.203
55.2377 -145.203
55.2377 -145.203
55.2377 -145.203
55.2377 -145.203
55.2377 -145.203
55.2377 -145.203
55.2377 -145.203
54.4241 -145.203
54.3376 -145.203
55.2377 -145.203
55.2377 -145.203
55.2377 -145.203
55.2377 -145.203
55.2377 -145.203
55.2377 -145.203
55.2377 -145.203
54.9858 -145.203
53.3764 -145.203
53.6862 -145.203
55.2377 -145.203
55.2377 -145.203
52.892 -145.203
55.3421 -145.203
55.2377 -145.203
54.176 -145.203
53.4012 -145.203
55.2377 -145.203
55.2533 -145.203
54.1087 -145.203
53.5094 -145.203
55.2377 -145.203
55.2377 -145.203
55.2377 -145.203
55.2377 -145.203
55.2377 -145.203
55.2377 -145.203
55.2377 -145.203
55.2377 -145.203
55.2377 -145.203
55.2377 -145.203
55.2377 -145.203
55.2377 -145.203
55.2377 -145.203
54.6471 -145.203
54.0522 -145.203
55.2377 -145.203
55.2377 -145.203
54.349 -145.203
54.2866 -145.203
55.2377 -145.203
55.2377 -145.203
55.2377 -145.203
55.2377 -145.203
54.4222 -145.203
55.6439 -145.203
53.6125 -145.203
54.0135 -145.203
54.2621 -145.203
55.2377 -145.203
55.2377 -145.203
55.2377 -145.203
55.2377 -145.203
55.2377 -145.203
55.2377 -145.203
55.2377 -145.203
55.2377 -145.203
55.2377 -145.203
55.2377 -145.203
54.3687 -145.203
51.1173 -145.203
53.4272 -145.203
55.2377 -145.203
55.2377 -145.203
55.2377 -145.203
55.2377 -145.203
55.2377 -145.203
55.2377 -145.203
55.2377 -145.203
55.2377 -145.203
55.2377 -145.203
55.2377 -145.203
55.2377 -145.203
55.2377 -145.203
55.2377 -145.203
55.2377 -145.203
54.7145 -145.203
54.8265 -145.203
55.2377 -145.203
55.2377 -145.203
55.2377 -145.203
55.2377 -145.203
55.2377 -145.203
54.5699 -145.203
55.2377 -145.203
55.2377 -145.203
55.2377 -145.203
55.2377 -145.203
55.2377 -145.203
55.2377 -145.203
55.2377 -145.203
55.2377 -145.203
55.2377 -145.203
55.2534 -145.203
53.8859 -145.203
55.2377 -145.203
55.2377 -145.203
55.2377 -145.203
55.2377 -145.203
55.2377 -145.203
55.2377 -145.203
55.2377 -145.203
55.2377 -145.203
55.2377 -145.203
55.2377 -145.203
55.2377 -145.203
55.2377 -145.203
55.2377 -145.203
55.2377 -145.203
55.2377 -145.203
55.2377 -145.203
55.2377 -145.203
55.2377 -145.203
55.2377 -145.203
55.2377 -145.203
55.2377 -145.203
55.2377 -145.203
55.2377 -145.203
55.2377 -145.203
55.2377 -145.203
55.2377 -145.203
55.2377 -145.203
55.2377 -145.203
55.2377 -145.203
55.2377 -145.203
55.2377 -145.203
55.2377 -145.203
55.2377 -145.203
55.2377 -145.203
55.2377 -145.203
55.2377 -145.203
55.2377 -145.203
55.2377 -145.203
55.2377 -145.203
55.2377 -145.203
55.2377 -145.203
55.2377 -145.203
55.2377 -145.203
55.2377 -145.203
55.2377 -145.203
55.2377 -145.203
55.2377 -145.203
55.2377 -145.203
55.2377 -145.203
55.2377 -145.203
55.2377 -145.203
55.2377 -145.203
55.2377 -145.203
55.2377 -145.203
55.2377 -145.203
55.2377 -145.203
55.2377 -145.203
55.2377 -145.203
55.2377 -145.203
55.2377 -145.203
55.2377 -145.203
55.2377 -145.203
55.2377 -145.203
55.2377 -145.203
53.4467 -145.203
53.9275 -145.203
53.9903 -145.203
50.8252 -145.203
54.5001 -145.203
54.7092 -145.203
54.2817 -145.203
55.2377 -145.203
55.2377 -145.203
55.2377 -145.203
55.2377 -145.203
55.2377 -145.203
55.2377 -145.203
55.2377 -145.203
55.2377 -145.203
55.2377 -145.203
55.2377 -145.203
55.2377 -145.203
55.2377 -145.203
55.2377 -145.203
55.2377 -145.203
55.2377 -145.203
55.2377 -145.203
55.2377 -145.203
55.2377 -145.203
55.2377 -145.203
55.2377 -145.203
55.2377 -145.203
55.2377 -145.203
55.2377 -145.203
55.2377 -145.203
55.2377 -145.203
55.2377 -145.203
55.2377 -145.203
55.2377 -145.203
55.2377 -145.203
55.2377 -145.203
55.2377 -145.203
55.2377 -145.203
55.2377 -145.203
55.2377 -145.203
55.2377 -145.203
55.2377 -145.203
55.2377 -145.203
55.2377 -145.203
55.2377 -145.203
55.2377 -145.203
55.2377 -145.203
55.2377 -145.203
55.2377 -145.203
55.2377 -145.203
55.2377 -145.203
55.2377 -145.203
55.2377 -145.203
55.2377 -145.203
55.2377 -145.203
55.2377 -145.203
55.2377 -145.203
55.2377 -145.203
55.2377 -145.203
55.2377 -145.203
55.2377 -145.203
55.2377 -145.203
55.2377 -145.203
53.5043 -145.203
54.1429 -145.203
53.3764 -145.203
54.9217 -145.203
55.2377 -145.203
55.2377 -145.203
55.2377 -145.203
55.2377 -145.203
55.2377 -145.203
55.2377 -145.203
55.2377 -145.203
55.2377 -145.203
55.2377 -145.203
55.2377 -145.203
55.2377 -145.203
54.1196 -145.203
55.3636 -145.203
55.2377 -145.203
55.2377 -145.203
55.2377 -145.203
55.2377 -145.203
55.2377 -145.203
54.1917 -145.203
54.5439 -145.203
55.2377 -145.203
55.471 -145.203
54.2438 -145.203
55.2377 -145.203
55.2377 -145.203
55.2377 -145.203
55.2377 -145.203
55.2377 -145.203
55.2377 -145.203
55.2377 -145.203
55.2377 -145.203
55.2377 -145.203
55.2377 -145.203
55.2377 -145.203
55.2377 -145.203
55.2377 -145.203
53.6595 -145.203
53.7917 -145.203
54.8689 -145.203
55.2377 -145.203
55.2377 -145.203
55.2377 -145.203
55.2377 -145.203
55.2377 -145.203
55.2377 -145.203
55.2377 -145.203
55.2377 -145.203
55.2377 -145.203
55.2377 -145.203
55.2377 -145.203
55.2377 -145.203
55.2377 -145.203
55.2377 -145.203
55.2377 -145.203
55.2377 -145.203
55.2377 -145.203
55.2377 -145.203
55.2377 -145.203
55.2377 -145.203
55.2377 -145.203
55.2377 -145.203
55.2377 -145.203
55.2377 -145.203
55.2377 -145.203
41.4924 -145.203
46.7891 -145.203
55.2377 -145.203
55.2377 -145.203
55.2377 -145.203
55.2377 -145.203
55.2377 -145.203
55.2377 -145.203
55.2377 -145.203
55.2377 -145.203
55.2377 -145.203
55.2377 -145.203
55.2377 -145.203
55.2377 -145.203
55.2377 -145.203
55.2377 -145.203
55.2377 -145.203
55.2377 -145.203
54.5736 -145.203
54.3258 -145.203
55.2377 -145.203
55.2377 -145.203
55.2377 -145.203
55.2377 -145.203
55.2377 -145.203
55.2377 -145.203
55.2377 -145.203
54.9786 -145.203
54.7664 -145.203
55.2377 -145.203
55.2377 -145.203
55.2377 -145.203
55.2377 -145.203
55.2377 -145.203
55.2377 -145.203
55.2377 -145.203
56.0421 -145.203
52.2572 -145.203
53.9266 -145.203
52.172 -145.203
53.5455 -145.203
55.2377 -145.203
55.2377 -145.203
55.2377 -145.203
55.2377 -145.203
55.2377 -145.203
53.9314 -145.203
53.7979 -145.203
55.0039 -145.203
52.6994 -145.203
55.2377 -145.203
55.2377 -145.203
55.2377 -145.203
55.2377 -145.203
55.2377 -145.203
55.2377 -145.203
55.2377 -145.203
55.2377 -145.203
55.2377 -145.203
55.2377 -145.203
55.2377 -145.203
55.2377 -145.203
55.2377 -145.203
55.2377 -145.203
55.2377 -145.203
55.2377 -145.203
55.2377 -145.203
55.2377 -145.203
55.2377 -145.203
55.2377 -145.203
55.2377 -145.203
55.2377 -145.203
55.2377 -145.203
53.4635 -145.203
55.471 -145.203
55.2377 -145.203
54.969 -145.203
55.2377 -145.203
55.2377 -145.203
55.2377 -145.203
55.2377 -145.203
55.2377 -145.203
53.65 -145.203
53.8203 -145.203
55.2377 -145.203
55.2377 -145.203
55.2377 -145.203
55.2377 -145.203
55.2377 -145.203
55.2377 -145.203
55.2377 -145.203
55.2377 -145.203
55.2377 -145.203
55.2377 -145.203
55.2377 -145.203
55.2377 -145.203
55.3421 -145.203
55.3421 -145.203
55.2377 -145.203
55.2377 -145.203
55.2377 -145.203
55.2377 -145.203
55.2377 -145.203
55.2377 -145.203
55.2377 -145.203
55.2377 -145.203
55.2377 -145.203
55.2377 -145.203
55.2377 -145.203
55.2377 -145.203
55.2377 -145.203
55.2377 -145.203
55.2377 -145.203
55.2377 -145.203
55.2377 -145.203
55.2377 -145.203
55.2377 -145.203
55.2377 -145.203
55.2377 -145.203
55.2377 -145.203
53.7736 -145.203
47.9657 -145.203
55.2377 -145.203
55.2377 -145.203
55.2377 -145.203
55.2377 -145.203
55.2377 -145.203
55.2377 -145.203
55.2377 -145.203
55.2377 -145.203
55.2377 -145.203
55.2377 -145.203
55.2377 -145.203
55.2377 -145.203
55.2377 -145.203
55.2377 -145.203
54.3169 -145.203
53.7917 -145.203
55.2377 -145.203
55.2377 -145.203
53.8311 -145.203
55.4369 -145.203
55.2377 -145.203
55.2377 -145.203
55.2377 -145.203
54.3239 -145.203
54.4491 -145.203
55.8063 -145.203
52.9703 -145.203
53.7917 -145.203
55.2377 -145.203
55.2377 -145.203
55.2377 -145.203
55.2377 -145.203
55.2377 -145.203
55.2377 -145.203
55.2377 -145.203
55.2377 -145.203
55.2377 -145.203
55.2377 -145.203
55.2377 -145.203
55.2377 -145.203
55.2377 -145.203
55.2377 -145.203
55.2377 -145.203
55.2377 -145.203
55.2377 -145.203
55.2377 -145.203
55.2377 -145.203
55.2377 -145.203
55.2377 -145.203
55.2377 -145.203
55.2377 -145.203
55.2377 -145.203
55.2377 -145.203
55.2377 -145.203
55.2377 -145.203
55.2377 -145.203
55.2377 -145.203
55.2377 -145.203
55.2377 -145.203
52.1698 -145.203
53.1822 -145.203
55.2377 -145.203
55.2377 -145.203
55.2377 -145.203
55.2377 -145.203
55.2377 -145.203
55.2377 -145.203
55.2377 -145.203
55.2377 -145.203
55.2377 -145.203
55.2377 -145.203
55.2377 -145.203
55.2377 -145.203
55.2377 -145.203
55.2377 -145.203
55.2377 -145.203
52.892 -145.203
55.2377 -145.203
55.2377 -145.203
55.2377 -145.203
55.2377 -145.203
54.0135 -145.203
54.4953 -145.203
55.2377 -145.203
55.2377 -145.203
52.6587 -145.203
54.9502 -145.203
52.8387 -145.203
55.2377 -145.203
55.2377 -145.203
55.2377 -145.203
55.2377 -145.203
55.2377 -145.203
55.2377 -145.203
55.2377 -145.203
55.2377 -145.203
55.2377 -145.203
55.2377 -145.203
55.2377 -145.203
55.2377 -145.203
55.2377 -145.203
55.2377 -145.203
55.2377 -145.203
55.2377 -145.203
55.2377 -145.203
55.2377 -145.203
55.2377 -145.203
55.2377 -145.203
55.2377 -145.203
55.2377 -145.203
55.2377 -145.203
55.2377 -145.203
55.2377 -145.203
55.2377 -145.203
55.2377 -145.203
55.2377 -145.203
55.2377 -145.203
55.2377 -145.203
55.2377 -145.203
55.2377 -145.203
55.2377 -145.203
55.2377 -145.203
55.2377 -145.203
55.2377 -145.203
55.2377 -145.203
55.2377 -145.203
55.2377 -145.203
55.2377 -145.203
55.2377 -145.203
54.675 -145.203
54.9544 -145.203
55.2377 -145.203
55.2377 -145.203
55.2377 -145.203
55.2377 -145.203
55.2377 -145.203
55.2377 -145.203
55.2377 -145.203
55.2377 -145.203
55.2377 -145.203
55.2377 -145.203
53.9428 -145.203
54.3335 -145.203
55.2377 -145.203
55.2377 -145.203
55.2377 -145.203
55.2377 -145.203
55.2377 -145.203
55.2377 -145.203
55.2377 -145.203
53.6801 -145.203
54.4138 -145.203
55.2377 -145.203
55.2377 -145.203
55.2377 -145.203
55.2377 -145.203
55.2377 -145.203
55.2692 -145.203
55.2377 -145.203
55.2377 -145.203
55.2377 -145.203
55.2377 -145.203
55.2377 -145.203
55.2377 -145.203
55.2377 -145.203
55.2377 -145.203
55.2377 -145.203
55.2377 -145.203
55.2377 -145.203
55.2377 -145.203
54.1378 -145.203
55.2377 -145.203
55.2377 -145.203
55.2377 -145.203
55.2377 -145.203
55.2377 -145.203
55.2377 -145.203
55.2377 -145.203
55.2377 -145.203
55.2377 -145.203
55.2377 -145.203
55.2377 -145.203
55.2377 -145.203
55.2377 -145.203
52.892 -145.203
55.2377 -145.203
55.2377 -145.203
55.471 -145.203
55.3416 -145.203
55.2377 -145.203
55.2377 -145.203
55.2377 -145.203
55.2377 -145.203
55.2377 -145.203
55.2377 -145.203
55.2377 -145.203
55.2377 -145.203
55.2377 -145.203
55.2377 -145.203
55.2377 -145.203
55.2377 -145.203
55.2377 -145.203
55.2377 -145.203
55.2377 -145.203
55.2377 -145.203
55.2377 -145.203
55.2377 -145.203
55.2377 -145.203
55.2377 -145.203
55.2377 -145.203
55.2377 -145.203
55.2377 -145.203
55.2377 -145.203
55.2377 -145.203
55.2377 -145.203
55.2377 -145.203
55.2377 -145.203
55.2377 -145.203
55.2377 -145.203
55.2377 -145.203
54.4657 -145.203
53.8554 -145.203
55.2377 -145.203
55.2377 -145.203
55.2377 -145.203
55.2377 -145.203
55.2377 -145.203
55.2377 -145.203
55.2377 -145.203
55.2377 -145.203
55.2377 -145.203
55.2377 -145.203
55.2377 -145.203
55.2377 -145.203
55.2377 -145.203
53.5921 -145.203
55.2377 -145.203
55.2377 -145.203
55.2377 -145.203
55.2377 -145.203
55.2377 -145.203
55.2377 -145.203
55.2377 -145.203
55.2377 -145.203
55.2377 -145.203
55.2377 -145.203
55.2377 -145.203
55.6491 -145.203
53.6656 -145.203
55.2377 -145.203
55.2377 -145.203
55.2377 -145.203
55.2377 -145.203
55.2377 -145.203
55.2377 -145.203
55.2377 -145.203
55.2377 -145.203
55.2377 -145.203
55.2377 -145.203
55.2377 -145.203
55.2377 -145.203
55.2377 -145.203
55.2377 -145.203
55.2377 -145.203
55.2377 -145.203
55.2377 -145.203
55.2377 -145.203
55.2377 -145.203
54.0135 -145.203
54.6053 -145.203
55.2377 -145.203
55.2377 -145.203
55.2377 -145.203
54.0377 -145.203
54.3178 -145.203
55.2377 -145.203
55.5127 -145.203
53.8195 -145.203
55.2377 -145.203
55.2377 -145.203
55.2377 -145.203
54.0104 -145.203
52.192 -145.203
55.2377 -145.203
55.2377 -145.203
55.524 -145.203
54.2998 -145.203
55.2377 -145.203
55.2377 -145.203
55.2377 -145.203
55.2377 -145.203
55.2377 -145.203
55.2377 -145.203
55.2377 -145.203
55.2943 -145.203
54.7779 -145.203
55.2377 -145.203
55.2377 -145.203
55.2377 -145.203
55.2377 -145.203
55.2377 -145.203
55.2377 -145.203
55.2377 -145.203
55.2377 -145.203
55.2377 -145.203
55.2377 -145.203
55.2377 -145.203
55.2377 -145.203
55.2377 -145.203
55.2377 -145.203
55.2377 -145.203
55.2377 -145.203
55.2377 -145.203
55.2377 -145.203
55.2377 -145.203
55.2377 -145.203
55.2377 -145.203
55.2377 -145.203
55.2377 -145.203
55.2377 -145.203
55.2377 -145.203
55.2377 -145.203
55.2377 -145.203
55.2377 -145.203
55.2377 -145.203
55.3629 -145.203
54.2011 -145.203
55.2377 -145.203
55.2377 -145.203
55.2377 -145.203
55.2377 -145.203
55.2377 -145.203
55.2377 -145.203
55.2377 -145.203
55.2377 -145.203
55.2377 -145.203
55.2377 -145.203
50.6739 -145.203
54.073 -145.203
55.2377 -145.203
55.2377 -145.203
55.2377 -145.203
55.2377 -145.203
55.2377 -145.203
55.2377 -145.203
55.2377 -145.203
55.2377 -145.203
55.2377 -145.203
55.2377 -145.203
55.2377 -145.203
55.2377 -145.203
55.2377 -145.203
55.2377 -145.203
55.1329 -145.203
52.3209 -145.203
55.2377 -145.203
55.2377 -145.203
55.2377 -145.203
55.2377 -145.203
55.2377 -145.203
55.2377 -145.203
55.2377 -145.203
55.2377 -145.203
55.2377 -145.203
55.2377 -145.203
55.2377 -145.203
55.2377 -145.203
55.2377 -145.203
55.2377 -145.203
55.1429 -145.203
54.2053 -145.203
55.2377 -145.203
55.2377 -145.203
55.2377 -145.203
55.2377 -145.203
55.2377 -145.203
55.2377 -145.203
55.2377 -145.203
55.2377 -145.203
55.2377 -145.203
55.2377 -145.203
55.2377 -145.203
55.2377 -145.203
55.2377 -145.203
55.2377 -145.203
55.2377 -145.203
55.2377 -145.203
55.2377 -145.203
55.2377 -145.203
55.2377 -145.203
55.2377 -145.203
55.2377 -145.203
55.2377 -145.203
55.2377 -145.203
55.2377 -145.203
55.2377 -145.203
55.2377 -145.203
55.2377 -145.203
55.2377 -145.203
55.2377 -145.203
55.2377 -145.203
55.2377 -145.203
46.5964 -145.203
43.6631 -145.203
54.0392 -145.203
55.0866 -145.203
55.2377 -145.203
55.2377 -145.203
54.4675 -145.203
55.375 -145.203
54.8466 -145.203
53.5811 -145.203
55.2377 -145.203
55.2377 -145.203
55.2377 -145.203
55.2377 -145.203
55.2377 -145.203
55.2377 -145.203
55.2377 -145.203
55.2377 -145.203
54.2323 -145.203
54.4812 -145.203
55.2377 -145.203
55.2377 -145.203
55.2377 -145.203
55.2377 -145.203
55.2377 -145.203
55.2377 -145.203
55.2377 -145.203
55.2377 -145.203
55.2377 -145.203
55.2377 -145.203
55.2377 -145.203
55.2377 -145.203
55.2377 -145.203
55.2377 -145.203
55.2377 -145.203
55.2377 -145.203
55.2377 -145.203
55.2377 -145.203
55.2377 -145.203
55.2377 -145.203
55.2377 -145.203
55.6553 -145.203
54.3532 -145.203
55.2377 -145.203
55.2377 -145.203
55.2377 -145.203
55.2377 -145.203
55.2377 -145.203
46.2123 -145.203
46.4095 -145.203
53.9073 -145.203
55.2377 -145.203
55.2377 -145.203
54.6053 -145.203
54.0041 -145.203
55.2377 -145.203
55.2377 -145.203
55.2377 -145.203
55.2377 -145.203
55.2377 -145.203
55.2377 -145.203
55.2377 -145.203
55.2377 -145.203
55.2377 -145.203
55.2377 -145.203
55.2377 -145.203
55.2377 -145.203
55.2377 -145.203
55.2377 -145.203
55.2377 -145.203
55.2377 -145.203
55.2377 -145.203
55.2377 -145.203
55.2377 -145.203
55.2377 -145.203
55.2377 -145.203
53.4233 -145.203
53.4635 -145.203
55.2377 -145.203
55.2377 -145.203
55.2377 -145.203
55.2377 -145.203
55.2377 -145.203
55.2377 -145.203
55.2377 -145.203
55.2377 -145.203
55.2377 -145.203
55.2377 -145.203
55.2377 -145.203
55.2377 -145.203
55.2377 -145.203
55.2377 -145.203
55.2377 -145.203
55.2377 -145.203
55.2377 -145.203
55.2377 -145.203
55.2377 -145.203
55.2377 -145.203
55.2377 -145.203
55.2377 -145.203
55.2377 -145.203
55.2377 -145.203
55.2377 -145.203
55.2377 -145.203
55.2377 -145.203
55.2377 -145.203
55.2377 -145.203
55.2377 -145.203
55.2377 -145.203
55.2377 -145.203
55.2377 -145.203
55.2377 -145.203
55.2377 -145.203
55.2377 -145.203
55.2377 -145.203
55.2377 -145.203
55.2377 -145.203
55.2377 -145.203
55.2377 -145.203
55.2377 -145.203
55.2377 -145.203
55.2377 -145.203
55.2377 -145.203
55.2377 -145.203
55.2377 -145.203
55.2377 -145.203
55.2377 -145.203
55.2377 -145.203
55.2379 -145.203
53.9371 -145.203
55.2377 -145.203
55.2377 -145.203
55.2377 -145.203
55.2377 -145.203
55.2377 -145.203
55.2377 -145.203
55.2377 -145.203
55.2377 -145.203
55.2377 -145.203
55.2377 -145.203
55.2377 -145.203
55.2377 -145.203
55.2377 -145.203
54.2035 -145.203
52.892 -145.203
55.2377 -145.203
55.2377 -145.203
55.2377 -145.203
55.2377 -145.203
55.2377 -145.203
55.2377 -145.203
55.2377 -145.203
55.2377 -145.203
55.2377 -145.203
55.2377 -145.203
55.2377 -145.203
55.2377 -145.203
55.2377 -145.203
55.2377 -145.203
55.2377 -145.203
55.2377 -145.203
55.2377 -145.203
55.2377 -145.203
55.2377 -145.203
54.0135 -145.203
52.9387 -145.203
55.2377 -145.203
55.2377 -145.203
55.2377 -145.203
55.2377 -145.203
54.7929 -145.203
55.0668 -145.203
55.2377 -145.203
55.2377 -145.203
55.2377 -145.203
55.2377 -145.203
55.2377 -145.203
55.2377 -145.203
55.2377 -145.203
55.2377 -145.203
55.2377 -145.203
55.2377 -145.203
54.0135 -145.203
54.6577 -145.203
55.2377 -145.203
55.2377 -145.203
55.2377 -145.203
55.2377 -145.203
55.2377 -145.203
55.2377 -145.203
55.2377 -145.203
55.2377 -145.203
55.2377 -145.203
55.2377 -145.203
53.5334 -145.203
54.1803 -145.203
55.2377 -145.203
55.2377 -145.203
55.2377 -145.203
55.2377 -145.203
55.2377 -145.203
55.2377 -145.203
55.2377 -145.203
55.2377 -145.203
55.2377 -145.203
55.2377 -145.203
55.2377 -145.203
55.2377 -145.203
55.2377 -145.203
55.2377 -145.203
55.2377 -145.203
55.2377 -145.203
55.2377 -145.203
55.2377 -145.203
55.2377 -145.203
55.2377 -145.203
55.2377 -145.203
55.2377 -145.203
55.2377 -145.203
55.2377 -145.203
45.4042 -145.203
55.2377 -145.203
55.2377 -145.203
55.2377 -145.203
55.2377 -145.203
55.2377 -145.203
55.2377 -145.203
55.2377 -145.203
55.2377 -145.203
55.2377 -145.203
55.2377 -145.203
55.2377 -145.203
55.2377 -145.203
53.8488 -145.203
55.2377 -145.203
55.2377 -145.203
55.2377 -145.203
55.2377 -145.203
55.2377 -145.203
55.2377 -145.203
55.2377 -145.203
54.2079 -145.203
54.6117 -145.203
55.2377 -145.203
55.2377 -145.203
54.1649 -145.203
45.5426 -145.203
55.2377 -145.203
55.2377 -145.203
55.2377 -145.203
55.2377 -145.203
55.2377 -145.203
55.2377 -145.203
55.2377 -145.203
55.2377 -145.203
55.2377 -145.203
55.2377 -145.203
55.2377 -145.203
55.2377 -145.203
55.2377 -145.203
55.2377 -145.203
55.2377 -145.203
55.2377 -145.203
55.2377 -145.203
55.2377 -145.203
55.2377 -145.203
54.2672 -145.203
52.2807 -145.203
55.2377 -145.203
55.2377 -145.203
55.2377 -145.203
55.2377 -145.203
55.2377 -145.203
55.2377 -145.203
55.2377 -145.203
55.2377 -145.203
55.2377 -145.203
55.2377 -145.203
55.2377 -145.203
55.2377 -145.203
55.2377 -145.203
55.2377 -145.203
55.7718 -145.203
53.4467 -145.203
55.2377 -145.203
55.2377 -145.203
55.2377 -145.203
55.2377 -145.203
55.2377 -145.203
55.2377 -145.203
55.9324 -145.203
54.4595 -145.203
55.2377 -145.203
55.2377 -145.203
54.8049 -145.203
54.3473 -145.203
55.1587 -145.203
54.8535 -145.203
55.2377 -145.203
55.2377 -145.203
55.2377 -145.203
55.2377 -145.203
55.2377 -145.203
55.2377 -145.203
55.2377 -145.203
55.2377 -145.203
55.2377 -145.203
55.2377 -145.203
55.2377 -145.203
55.2377 -145.203
55.2377 -145.203
55.2377 -145.203
55.2377 -145.203
55.2377 -145.203
55.2377 -145.203
55.2377 -145.203
55.2377 -145.203
55.2377 -145.203
55.2377 -145.203
55.2377 -145.203
54.4521 -145.203
53.8448 -145.203
55.2377 -145.203
55.2377 -145.203
52.466 -145.203
52.8517 -145.203
55.2377 -145.203
55.2377 -145.203
55.2377 -145.203
53.8292 -145.203
53.8351 -145.203
55.2377 -145.203
55.2377 -145.203
55.2377 -145.203
55.2377 -145.203
55.2377 -145.203
55.2377 -145.203
55.2377 -145.203
55.2377 -145.203
55.2377 -145.203
55.2377 -145.203
55.2377 -145.203
55.2377 -145.203
55.2377 -145.203
55.2377 -145.203
55.2377 -145.203
55.2377 -145.203
55.2377 -145.203
55.2377 -145.203
55.2377 -145.203
55.2377 -145.203
55.2377 -145.203
55.2377 -145.203
55.2377 -145.203
55.2377 -145.203
55.2377 -145.203
54.9636 -145.203
54.0149 -145.203
55.2377 -145.203
55.2377 -145.203
55.2377 -145.203
55.2377 -145.203
55.2377 -145.203
53.0908 -145.203
53.9929 -145.203
55.2377 -145.203
55.2377 -145.203
55.2377 -145.203
52.7876 -145.203
52.2086 -145.203
53.3764 -145.203
55.2377 -145.203
55.2377 -145.203
54.1917 -145.203
53.7569 -145.203
54.3292 -145.203
55.2377 -145.203
55.2377 -145.203
55.2377 -145.203
55.2377 -145.203
55.2377 -145.203
55.2377 -145.203
55.2377 -145.203
55.2377 -145.203
55.2377 -145.203
55.2377 -145.203
55.2377 -145.203
55.4116 -145.203
54.0135 -145.203
53.8662 -145.203
55.1736 -145.203
53.9106 -145.203
54.0135 -145.203
54.9892 -145.203
55.2377 -145.203
55.2377 -145.203
55.2377 -145.203
55.2377 -145.203
55.2377 -145.203
55.2377 -145.203
55.2377 -145.203
55.2377 -145.203
55.2377 -145.203
54.5814 -145.203
54.4057 -145.203
55.2377 -145.203
55.2377 -145.203
55.2377 -145.203
55.2377 -145.203
55.2377 -145.203
55.2377 -145.203
55.2377 -145.203
55.2377 -145.203
55.2377 -145.203
55.2377 -145.203
55.2377 -145.203
55.2377 -145.203
55.2377 -145.203
55.2377 -145.203
55.2377 -145.203
55.2377 -145.203
55.2377 -145.203
55.2377 -145.203
55.2377 -145.203
55.2377 -145.203
55.2377 -145.203
55.2377 -145.203
55.2377 -145.203
55.2377 -145.203
55.2377 -145.203
55.2377 -145.203
55.2377 -145.203
53.4272 -145.203
55.2377 -145.203
55.2377 -145.203
55.2377 -145.203
55.2377 -145.203
55.2377 -145.203
55.2377 -145.203
55.2377 -145.203
55.2377 -145.203
55.2377 -145.203
55.2377 -145.203
55.2377 -145.203
55.2377 -145.203
55.2377 -145.203
55.2377 -145.203
55.2377 -145.203
55.2377 -145.203
55.2377 -145.203
55.2377 -145.203
54.7739 -145.203
55.4005 -145.203
55.2377 -145.203
55.2377 -145.203
55.2377 -145.203
55.2377 -145.203
55.2377 -145.203
55.2377 -145.203
55.2377 -145.203
55.2377 -145.203
55.2377 -145.203
55.2377 -145.203
52.6587 -145.203
53.8251 -145.203
55.2377 -145.203
55.2377 -145.203
55.2377 -145.203
55.2377 -145.203
55.2377 -145.203
55.2377 -145.203
55.2377 -145.203
55.2377 -145.203
55.2377 -145.203
55.2377 -145.203
55.2377 -145.203
55.2377 -145.203
55.2377 -145.203
55.2377 -145.203
54.2438 -145.203
53.8251 -145.203
55.2377 -145.203
55.2377 -145.203
55.2377 -145.203
55.2377 -145.203
55.2377 -145.203
55.2377 -145.203
55.2377 -145.203
55.2377 -145.203
55.2377 -145.203
55.2377 -145.203
55.2377 -145.203
54.298 -145.203
53.7917 -145.203
55.6627 -145.203
55.2377 -145.203
55.2377 -145.203
55.2377 -145.203
55.2377 -145.203
54.7211 -145.203
54.2332 -145.203
55.2377 -145.203
55.2377 -145.203
55.2377 -145.203
55.2377 -145.203
55.2377 -145.203
55.2377 -145.203
55.2377 -145.203
55.2377 -145.203
55.2377 -145.203
55.2377 -145.203
55.2377 -145.203
55.2377 -145.203
55.2377 -145.203
55.0993 -145.203
54.7202 -145.203
55.2377 -145.203
55.2377 -145.203
55.2377 -145.203
55.2377 -145.203
55.2377 -145.203
55.2377 -145.203
55.2377 -145.203
55.2377 -145.203
55.2377 -145.203
55.2377 -145.203
55.2377 -145.203
53.68 -145.203
53.0231 -145.203
55.6553 -145.203
55.2377 -145.203
55.2377 -145.203
55.2377 -145.203
55.2377 -145.203
55.2377 -145.203
54.9728 -145.203
54.381 -145.203
55.2377 -145.203
55.2377 -145.203
55.2377 -145.203
55.2377 -145.203
55.2377 -145.203
54.349 -145.203
54.1354 -145.203
55.2377 -145.203
55.2377 -145.203
55.2377 -145.203
55.2377 -145.203
54.5949 -145.203
55.6335 -145.203
55.2377 -145.203
55.2377 -145.203
55.2377 -145.203
55.2377 -145.203
55.2377 -145.203
55.2377 -145.203
55.2377 -145.203
55.2377 -145.203
55.2377 -145.203
55.2377 -145.203
54.7528 -145.203
54.006 -145.203
55.2377 -145.203
55.2377 -145.203
55.2377 -145.203
55.2377 -145.203
55.2377 -145.203
55.2377 -145.203
55.2377 -145.203
55.2377 -145.203
55.2377 -145.203
55.2377 -145.203
55.2377 -145.203
55.2377 -145.203
55.2377 -145.203
55.2377 -145.203
55.2377 -145.203
55.2377 -145.203
55.2377 -145.203
55.2377 -145.203
55.2377 -145.203
55.2377 -145.203
55.2377 -145.203
55.2377 -145.203
55.2377 -145.203
55.2377 -145.203
55.2377 -145.203
55.2377 -145.203
55.2377 -145.203
55.2377 -145.203
44.7454 -145.203
54.4419 -145.203
55.2377 -145.203
55.2377 -145.203
54.2976 -145.203
51.6165 -145.203
55.2377 -145.203
55.2377 -145.203
55.2377 -145.203
55.2377 -145.203
55.2377 -145.203
54.7049 -145.203
54.1213 -145.203
55.2377 -145.203
55.2377 -145.203
55.2377 -145.203
55.2377 -145.203
55.2377 -145.203
55.2377 -145.203
55.2377 -145.203
55.2377 -145.203
55.2377 -145.203
55.2377 -145.203
55.2377 -145.203
55.2377 -145.203
55.2377 -145.203
55.2377 -145.203
54.9817 -145.203
53.5226 -145.203
55.2377 -145.203
55.2377 -145.203
55.2377 -145.203
55.2377 -145.203
55.2377 -145.203
55.2377 -145.203
55.2377 -145.203
55.2377 -145.203
55.2377 -145.203
55.2377 -145.203
55.2377 -145.203
56.0624 -145.203
54.1084 -145.203
55.2377 -145.203
55.2377 -145.203
55.2377 -145.203
55.2377 -145.203
55.2377 -145.203
55.2377 -145.203
55.2377 -145.203
55.2377 -145.203
55.2377 -145.203
55.2377 -145.203
55.2377 -145.203
55.2377 -145.203
55.2377 -145.203
55.2377 -145.203
55.2377 -145.203
55.2377 -145.203
55.2377 -145.203
55.2377 -145.203
55.2377 -145.203
52.892 -145.203
55.3421 -145.203
55.2377 -145.203
55.2377 -145.203
55.2377 -145.203
55.2377 -145.203
55.2377 -145.203
55.2377 -145.203
55.2377 -145.203
55.2377 -145.203
55.2377 -145.203
55.2377 -145.203
54.0564 -145.203
54.5169 -145.203
55.2377 -145.203
53.6324 -145.203
53.8562 -145.203
55.2377 -145.203
55.2377 -145.203
55.2377 -145.203
55.1807 -145.203
51.0982 -145.203
53.7979 -145.203
55.2377 -145.203
55.2377 -145.203
54.443 -145.203
55.2377 -145.203
53.8424 -145.203
55.6204 -145.203
55.2377 -145.203
55.2377 -145.203
55.2377 -145.203
55.2377 -145.203
55.2377 -145.203
53.355 -145.203
52.961 -145.203
55.2377 -145.203
55.2377 -145.203
55.2377 -145.203
55.2377 -145.203
55.2377 -145.203
55.2377 -145.203
55.2377 -145.203
55.2377 -145.203
53.3764 -145.203
54.7419 -145.203
55.2377 -145.203
55.2377 -145.203
55.2377 -145.203
55.2377 -145.203
55.2377 -145.203
53.9428 -145.203
53.8167 -145.203
54.4595 -145.203
53.7917 -145.203
53.0908 -145.203
55.2377 -145.203
55.2377 -145.203
55.2377 -145.203
55.2377 -145.203
55.2377 -145.203
55.2377 -145.203
53.6376 -145.203
55.6273 -145.203
55.2377 -145.203
54.5917 -145.203
53.7917 -145.203
52.892 -145.203
54.2035 -145.203
55.2377 -145.203
55.2377 -145.203
55.2377 -145.203
55.2377 -145.203
55.2377 -145.203
55.2377 -145.203
55.2377 -145.203
55.2377 -145.203
55.2377 -145.203
55.2377 -145.203
55.2377 -145.203
55.2377 -145.203
55.2377 -145.203
55.2377 -145.203
55.2377 -145.203
55.2377 -145.203
55.2377 -145.203
55.2377 -145.203
55.2377 -145.203
55.2377 -145.203
55.2377 -145.203
55.2377 -145.203
55.2377 -145.203
55.2377 -145.203
55.2377 -145.203
55.2377 -145.203
55.2377 -145.203
55.2377 -145.203
44.1653 -145.203
45.9198 -145.203
55.2377 -145.203
55.2377 -145.203
45.2466 -145.203
46.3866 -145.203
54.9157 -145.203
55.2377 -145.203
55.2377 -145.203
55.2377 -145.203
55.2377 -145.203
55.2377 -145.203
55.2377 -145.203
53.4252 -145.203
53.2922 -145.203
55.2377 -145.203
55.2377 -145.203
55.2377 -145.203
55.2377 -145.203
55.2377 -145.203
55.2377 -145.203
55.2377 -145.203
55.2377 -145.203
55.2377 -145.203
55.2377 -145.203
55.2377 -145.203
55.2377 -145.203
55.2377 -145.203
55.2377 -145.203
55.2377 -145.203
55.2377 -145.203
55.2377 -145.203
54.7446 -145.203
55.2377 -145.203
55.2377 -145.203
55.2377 -145.203
55.2377 -145.203
55.2377 -145.203
55.2377 -145.203
55.2377 -145.203
55.2377 -145.203
55.2377 -145.203
55.2377 -145.203
55.2377 -145.203
55.2377 -145.203
55.2377 -145.203
55.2377 -145.203
51.2667 -145.203
51.5265 -145.203
55.2377 -145.203
55.2377 -145.203
55.2377 -145.203
55.2377 -145.203
55.2377 -145.203
55.2377 -145.203
54.7742 -145.203
54.7344 -145.203
55.2377 -145.203
55.2377 -145.203
55.2377 -145.203
55.2377 -145.203
55.2377 -145.203
55.2377 -145.203
55.2377 -145.203
55.2377 -145.203
55.2377 -145.203
53.166 -145.203
55.4069 -145.203
55.2377 -145.203
55.2377 -145.203
52.892 -145.203
54.2643 -145.203
55.2377 -145.203
55.2377 -145.203
55.2377 -145.203
55.2377 -145.203
55.2377 -145.203
55.2377 -145.203
55.2377 -145.203
55.2377 -145.203
55.2377 -145.203
53.9979 -145.203
54.0602 -145.203
55.2377 -145.203
55.2377 -145.203
55.2377 -145.203
54.0135 -145.203
54.0135 -145.203
55.2377 -145.203
53.8668 -145.203
54.4657 -145.203
55.2377 -145.203
55.2377 -145.203
55.2377 -145.203
55.2377 -145.203
55.3918 -145.203
55.2315 -145.203
55.2377 -145.203
55.2377 -145.203
55.2377 -145.203
55.2377 -145.203
53.7917 -145.203
54.8188 -145.203
55.2377 -145.203
55.2377 -145.203
55.2377 -145.203
55.2377 -145.203
55.2377 -145.203
55.2377 -145.203
55.2377 -145.203
55.2377 -145.203
55.2377 -145.203
55.2377 -145.203
55.2377 -145.203
55.2377 -145.203
55.2377 -145.203
55.2377 -145.203
55.2377 -145.203
55.3823 -145.203
52.5543 -145.203
55.2377 -145.203
55.2377 -145.203
55.2377 -145.203
55.2377 -145.203
55.2377 -145.203
55.2377 -145.203
55.2377 -145.203
55.2377 -145.203
55.2377 -145.203
55.2377 -145.203
55.2377 -145.203
55.2377 -145.203
55.2377 -145.203
55.2377 -145.203
55.2377 -145.203
55.2377 -145.203
55.2377 -145.203
54.0992 -145.203
55.2377 -145.203
55.2377 -145.203
55.2377 -145.203
55.2377 -145.203
55.2377 -145.203
55.2377 -145.203
53.2419 -145.203
55.5429 -145.203
55.147 -145.203
55.2377 -145.203
55.2377 -145.203
55.2377 -145.203
55.2377 -145.203
55.2377 -145.203
55.2377 -145.203
55.2377 -145.203
55.2377 -145.203
55.2377 -145.203
55.2377 -145.203
55.2377 -145.203
55.2377 -145.203
55.2377 -145.203
55.2377 -145.203
55.2377 -145.203
55.2377 -145.203
55.2377 -145.203
55.2377 -145.203
55.2377 -145.203
55.2377 -145.203
55.2377 -145.203
55.2377 -145.203
55.2377 -145.203
55.2377 -145.203
55.2377 -145.203
55.2377 -145.203
55.2377 -145.203
55.2377 -145.203
54.622 -145.203
54.6126 -145.203
54.1605 -145.203
53.7917 -145.203
55.2377 -145.203
55.2377 -145.203
55.2377 -145.203
55.2377 -145.203
55.2377 -145.203
55.2377 -145.203
55.2377 -145.203
53.7917 -145.203
53.6595 -145.203
55.2377 -145.203
55.2377 -145.203
55.2377 -145.203
55.5113 -145.203
55.6157 -145.203
55.2377 -145.203
55.2377 -145.203
55.2377 -145.203
55.2377 -145.203
55.2377 -145.203
55.2377 -145.203
55.2377 -145.203
55.2377 -145.203
53.8168 -145.203
54.6866 -145.203
55.2377 -145.203
55.2377 -145.203
55.2377 -145.203
55.2377 -145.203
55.2377 -145.203
55.2377 -145.203
55.2377 -145.203
55.2377 -145.203
55.2377 -145.203
55.2377 -145.203
55.2377 -145.203
55.2377 -145.203
55.2377 -145.203
55.2377 -145.203
55.2377 -145.203
55.2377 -145.203
55.2377 -145.203
55.2377 -145.203
55.2377 -145.203
55.2377 -145.203
55.2377 -145.203
55.2377 -145.203
53.8021 -145.203
55.6751 -145.203
55.2377 -145.203
55.2377 -145.203
55.2377 -145.203
55.2377 -145.203
55.2377 -145.203
55.2377 -145.203
55.2377 -145.203
55.2377 -145.203
55.2377 -145.203
55.2377 -145.203
55.2377 -145.203
55.2377 -145.203
55.2377 -145.203
55.2377 -145.203
55.2377 -145.203
55.2377 -145.203
55.2377 -145.203
55.2377 -145.203
55.2377 -145.203
55.2377 -145.203
55.2377 -145.203
55.2377 -145.203
55.2377 -145.203
55.2377 -145.203
55.2377 -145.203
55.2377 -145.203
55.2377 -145.203
55.2377 -145.203
55.2377 -145.203
55.2377 -145.203
55.2377 -145.203
55.2377 -145.203
55.2377 -145.203
55.2377 -145.203
55.2377 -145.203
55.2377 -145.203
54.4123 -145.203
55.2377 -145.203
55.2377 -145.203
55.2377 -145.203
55.2377 -145.203
55.2377 -145.203
55.2377 -145.203
54.5856 -145.203
55.2377 -145.203
55.2377 -145.203
55.2377 -145.203
55.5516 -145.203
55.2377 -145.203
55.2377 -145.203
55.2377 -145.203
55.2377 -145.203
55.5754 -145.203
52.6587 -145.203
55.2377 -145.203
55.2377 -145.203
55.2377 -145.203
53.7917 -145.203
55.7563 -145.203
55.2377 -145.203
55.2377 -145.203
55.2377 -145.203
55.2377 -145.203
55.2377 -145.203
55.2377 -145.203
55.2377 -145.203
55.2377 -145.203
55.2377 -145.203
55.2377 -145.203
55.2377 -145.203
54.075 -145.203
53.5116 -145.203
55.2377 -145.203
55.2377 -145.203
55.2377 -145.203
55.2377 -145.203
55.2377 -145.203
53.1949 -145.203
52.7355 -145.203
55.2377 -145.203
55.2377 -145.203
55.2377 -145.203
55.2377 -145.203
55.0011 -145.203
53.7917 -145.203
53.7917 -145.203
55.0301 -145.203
54.5049 -145.203
55.2377 -145.203
55.2377 -145.203
55.2377 -145.203
53.949 -145.203
55.2553 -145.203
55.2377 -145.203
55.2377 -145.203
55.2377 -145.203
55.2377 -145.203
55.2377 -145.203
55.2377 -145.203
53.3764 -145.203
55.2377 -145.203
55.3014 -145.203
52.892 -145.203
55.2377 -145.203
55.2377 -145.203
55.2377 -145.203
55.2377 -145.203
55.2377 -145.203
55.2377 -145.203
55.2377 -145.203
55.2377 -145.203
55.2377 -145.203
54.8922 -145.203
54.4982 -145.203
55.2377 -145.203
55.2377 -145.203
55.2377 -145.203
55.2377 -145.203
55.2377 -145.203
55.2377 -145.203
55.2377 -145.203
55.2377 -145.203
55.2377 -145.203
55.2377 -145.203
55.2377 -145.203
55.2377 -145.203
53.949 -145.203
53.5116 -145.203
55.2377 -145.203
55.2377 -145.203
55.2377 -145.203
55.2377 -145.203
55.2377 -145.203
55.2377 -145.203
55.2377 -145.203
55.2377 -145.203
55.2377 -145.203
54.7584 -145.203
54.8395 -145.203
55.2377 -145.203
55.2377 -145.203
55.2377 -145.203
55.2377 -145.203
54.7469 -145.203
55.549 -145.203
55.2377 -145.203
55.2377 -145.203
55.2377 -145.203
55.2377 -145.203
53.6542 -145.203
54.2167 -145.203
54.8863 -145.203
53.3008 -145.203
55.2377 -145.203
55.3972 -145.203
54.7434 -145.203
55.2377 -145.203
55.2377 -145.203
55.2377 -145.203
55.2377 -145.203
55.2377 -145.203
55.2377 -145.203
55.2377 -145.203
55.2377 -145.203
55.2377 -145.203
55.2377 -145.203
55.2377 -145.203
55.2377 -145.203
55.2377 -145.203
55.2377 -145.203
55.2377 -145.203
55.2377 -145.203
55.2377 -145.203
55.2377 -145.203
55.2377 -145.203
55.2377 -145.203
55.2377 -145.203
55.2315 -145.203
53.3764 -145.203
55.2377 -145.203
55.2377 -145.203
55.2377 -145.203
55.2377 -145.203
55.2377 -145.203
55.2377 -145.203
55.2377 -145.203
55.2377 -145.203
55.2377 -145.203
55.2377 -145.203
55.2377 -145.203
55.2377 -145.203
55.2377 -145.203
55.2377 -145.203
55.2377 -145.203
55.2377 -145.203
55.1212 -145.203
52.7127 -145.203
54.3687 -145.203
55.2377 -145.203
55.2377 -145.203
55.2377 -145.203
55.2377 -145.203
55.2377 -145.203
55.2377 -145.203
55.2377 -145.203
55.2377 -145.203
55.2377 -145.203
55.2377 -145.203
55.2377 -145.203
55.2377 -145.203
55.2377 -145.203
55.2377 -145.203
55.2377 -145.203
55.2377 -145.203
53.6993 -145.203
55.1788 -145.203
55.2377 -145.203
55.2377 -145.203
55.2377 -145.203
55.2377 -145.203
55.2377 -145.203
55.2377 -145.203
55.2377 -145.203
55.2377 -145.203
55.2377 -145.203
55.2377 -145.203
55.2377 -145.203
55.2377 -145.203
53.4635 -145.203
55.2372 -145.203
55.2377 -145.203
55.2377 -145.203
55.2377 -145.203
55.2377 -145.203
55.2377 -145.203
55.2377 -145.203
55.2377 -145.203
55.2377 -145.203
54.1746 -145.203
52.3429 -145.203
55.2377 -145.203
55.2377 -145.203
55.2377 -145.203
55.2377 -145.203
55.2377 -145.203
55.2377 -145.203
55.2377 -145.203
55.2377 -145.203
55.2377 -145.203
55.2377 -145.203
55.2377 -145.203
55.2377 -145.203
55.2377 -145.203
55.2377 -145.203
55.2377 -145.203
55.2377 -145.203
55.2377 -145.203
55.2377 -145.203
55.2377 -145.203
55.2377 -145.203
55.2377 -145.203
55.2377 -145.203
55.2377 -145.203
55.2377 -145.203
55.2377 -145.203
55.2377 -145.203
55.2377 -145.203
55.2377 -145.203
55.2377 -145.203
55.2377 -145.203
55.2377 -145.203
55.2377 -145.203
55.2377 -145.203
55.2377 -145.203
55.2377 -145.203
55.2377 -145.203
55.2377 -145.203
55.2377 -145.203
55.1058 -145.203
54.0022 -145.203
55.2377 -145.203
55.2377 -145.203
55.2377 -145.203
55.2377 -145.203
55.2377 -145.203
55.2377 -145.203
55.2377 -145.203
55.2377 -145.203
55.2377 -145.203
55.2377 -145.203
53.8564 -145.203
53.9839 -145.203
55.2377 -145.203
55.2377 -145.203
55.2377 -145.203
55.2377 -145.203
55.2377 -145.203
55.7614 -145.203
55.2377 -145.203
55.2377 -145.203
55.2377 -145.203
55.2377 -145.203
55.2377 -145.203
55.2377 -145.203
55.2377 -145.203
55.2377 -145.203
55.2377 -145.203
55.7044 -145.203
53.9295 -145.203
55.2377 -145.203
55.2377 -145.203
55.2377 -145.203
55.2377 -145.203
55.2377 -145.203
55.2377 -145.203
55.2377 -145.203
55.2377 -145.203
55.2377 -145.203
55.2377 -145.203
55.2377 -145.203
52.6587 -145.203
54.5449 -145.203
53.6656 -145.203
55.2377 -145.203
55.2377 -145.203
55.2377 -145.203
55.8002 -145.203
54.8315 -145.203
55.2377 -145.203
55.2377 -145.203
55.2377 -145.203
55.2377 -145.203
55.2377 -145.203
55.2377 -145.203
52.9327 -145.203
52.6184 -145.203
55.2377 -145.203
55.2377 -145.203
55.2377 -145.203
55.2377 -145.203
55.2377 -145.203
52.9096 -145.203
54.2945 -145.203
55.2484 -145.203
55.2377 -145.203
53.7815 -145.203
52.6587 -145.203
55.2377 -145.203
55.2377 -145.203
55.2377 -145.203
55.2377 -145.203
55.2377 -145.203
55.2377 -145.203
55.2377 -145.203
55.2377 -145.203
55.2377 -145.203
55.2377 -145.203
55.2377 -145.203
55.2377 -145.203
55.2377 -145.203
55.2377 -145.203
55.2377 -145.203
55.2377 -145.203
55.2377 -145.203
55.2377 -145.203
54.4657 -145.203
55.2377 -145.203
53.0929 -145.203
55.1835 -145.203
55.2377 -145.203
55.2377 -145.203
55.2377 -145.203
55.2377 -145.203
55.2377 -145.203
55.2377 -145.203
55.2377 -145.203
55.2377 -145.203
55.2377 -145.203
55.2377 -145.203
55.2377 -145.203
55.2377 -145.203
54.8593 -145.203
53.3764 -145.203
55.2377 -145.203
55.2377 -145.203
55.2377 -145.203
55.2377 -145.203
55.2377 -145.203
55.2377 -145.203
55.2377 -145.203
55.2377 -145.203
55.2377 -145.203
55.2377 -145.203
55.2377 -145.203
55.2377 -145.203
55.2377 -145.203
55.2377 -145.203
55.2377 -145.203
53.7917 -145.203
55.2377 -145.203
55.2377 -145.203
54.5598 -145.203
53.3764 -145.203
55.2377 -145.203
55.2377 -145.203
55.2377 -145.203
54.489 -145.203
51.4392 -145.203
55.2377 -145.203
53.9023 -145.203
53.6792 -145.203
55.2377 -145.203
55.2377 -145.203
55.2377 -145.203
55.2377 -145.203
55.2377 -145.203
55.2377 -145.203
55.2377 -145.203
55.2377 -145.203
55.2377 -145.203
55.2377 -145.203
55.2377 -145.203
55.2377 -145.203
55.2377 -145.203
55.2377 -145.203
55.2377 -145.203
55.2377 -145.203
55.2377 -145.203
55.2377 -145.203
55.2377 -145.203
55.2377 -145.203
52.514 -145.203
53.3591 -145.203
55.2377 -145.203
55.2377 -145.203
55.2377 -145.203
55.2377 -145.203
54.1992 -145.203
55.0804 -145.203
55.2377 -145.203
55.2377 -145.203
55.2377 -145.203
55.5754 -145.203
52.5543 -145.203
55.2377 -145.203
55.2377 -145.203
55.2377 -145.203
55.2377 -145.203
55.2377 -145.203
55.2377 -145.203
55.2377 -145.203
55.2377 -145.203
55.2377 -145.203
55.2377 -145.203
55.2377 -145.203
55.2377 -145.203
55.2377 -145.203
55.2377 -145.203
55.2377 -145.203
55.2377 -145.203
55.2377 -145.203
55.2377 -145.203
55.2377 -145.203
55.2377 -145.203
54.59 -145.203
55.2377 -145.203
55.2377 -145.203
55.2377 -145.203
55.2377 -145.203
55.2377 -145.203
55.2377 -145.203
55.2377 -145.203
55.2377 -145.203
55.2377 -145.203
55.2377 -145.203
55.2377 -145.203
55.2377 -145.203
55.2377 -145.203
55.2377 -145.203
55.2377 -145.203
55.2377 -145.203
55.2377 -145.203
55.2377 -145.203
55.2377 -145.203
55.2377 -145.203
55.2377 -145.203
55.2377 -145.203
55.2377 -145.203
55.2377 -145.203
55.2377 -145.203
55.4135 -145.203
53.143 -145.203
55.2377 -145.203
55.2377 -145.203
55.2377 -145.203
55.2377 -145.203
55.2377 -145.203
55.2377 -145.203
55.2377 -145.203
55.2377 -145.203
55.2377 -145.203
55.2377 -145.203
55.2377 -145.203
55.2377 -145.203
55.2377 -145.203
55.2377 -145.203
55.2377 -145.203
55.2377 -145.203
55.2377 -145.203
55.2377 -145.203
55.2377 -145.203
55.2377 -145.203
55.2377 -145.203
55.2377 -145.203
55.2377 -145.203
55.2377 -145.203
55.2377 -145.203
55.2377 -145.203
55.2377 -145.203
55.2377 -145.203
55.2377 -145.203
55.2377 -145.203
55.2377 -145.203
54.5752 -145.203
54.9544 -145.203
55.2377 -145.203
55.2377 -145.203
55.2377 -145.203
55.2377 -145.203
55.2377 -145.203
55.2377 -145.203
55.2377 -145.203
55.2377 -145.203
55.2377 -145.203
55.2377 -145.203
55.2377 -145.203
55.2377 -145.203
55.2377 -145.203
55.2377 -145.203
55.2377 -145.203
55.2377 -145.203
55.2377 -145.203
55.2377 -145.203
55.2377 -145.203
55.2377 -145.203
55.2377 -145.203
55.2377 -145.203
55.2377 -145.203
55.2377 -145.203
55.2377 -145.203
55.2377 -145.203
55.2377 -145.203
55.2377 -145.203
55.2377 -145.203
53.5981 -145.203
53.2781 -145.203
55.2377 -145.203
55.2377 -145.203
55.3699 -145.203
54.298 -145.203
55.2377 -145.203
55.2377 -145.203
55.2377 -145.203
55.2377 -145.203
55.2377 -145.203
55.2377 -145.203
55.2377 -145.203
55.2377 -145.203
55.2377 -145.203
55.2377 -145.203
55.2377 -145.203
55.2377 -145.203
55.2377 -145.203
55.2377 -145.203
55.2377 -145.203
55.2377 -145.203
55.2377 -145.203
55.2377 -145.203
55.2377 -145.203
55.0104 -145.203
45.7931 -145.203
44.4497 -145.203
55.2377 -145.203
55.2377 -145.203
55.2377 -145.203
55.2377 -145.203
55.2377 -145.203
55.2377 -145.203
55.2377 -145.203
55.2377 -145.203
55.2377 -145.203
55.2377 -145.203
55.2377 -145.203
53.9297 -145.203
54.0713 -145.203
55.2377 -145.203
55.2377 -145.203
55.2377 -145.203
55.2377 -145.203
55.2377 -145.203
55.2377 -145.203
55.2377 -145.203
55.2377 -145.203
55.2377 -145.203
55.2377 -145.203
55.2377 -145.203
55.2377 -145.203
55.2377 -145.203
55.2377 -145.203
55.2377 -145.203
55.2377 -145.203
55.2377 -145.203
55.2377 -145.203
55.2377 -145.203
53.8593 -145.203
54.6031 -145.203
55.2377 -145.203
55.2377 -145.203
54.9842 -145.203
53.2988 -145.203
55.2377 -145.203
55.2377 -145.203
55.2377 -145.203
55.2377 -145.203
55.2377 -145.203
55.2377 -145.203
55.2377 -145.203
55.2377 -145.203
55.2377 -145.203
55.2377 -145.203
55.2377 -145.203
55.2377 -145.203
55.2377 -145.203
55.2377 -145.203
55.2377 -145.203
55.2377 -145.203
55.2377 -145.203
55.2377 -145.203
55.2377 -145.203
55.2377 -145.203
55.2377 -145.203
55.2377 -145.203
55.2377 -145.203
55.2377 -145.203
55.2377 -145.203
54.9681 -145.203
54.9472 -145.203
55.2377 -145.203
55.2377 -145.203
55.2377 -145.203
55.2377 -145.203
55.2377 -145.203
55.2377 -145.203
55.2377 -145.203
55.2377 -145.203
55.2377 -145.203
55.2377 -145.203
55.2377 -145.203
55.2377 -145.203
55.2377 -145.203
55.2377 -145.203
55.2377 -145.203
55.2671 -145.203
54.0135 -145.203
55.2377 -145.203
55.2377 -145.203
55.2377 -145.203
55.2377 -145.203
55.2377 -145.203
55.2377 -145.203
54.9305 -145.203
54.3724 -145.203
55.2377 -145.203
55.2377 -145.203
55.2377 -145.203
55.2377 -145.203
55.2377 -145.203
55.2377 -145.203
54.2877 -145.203
55.5274 -145.203
55.2377 -145.203
55.2377 -145.203
55.2377 -145.203
55.2377 -145.203
55.2377 -145.203
55.2377 -145.203
55.2377 -145.203
55.2377 -145.203
55.2377 -145.203
55.2377 -145.203
55.2377 -145.203
53.5755 -145.203
54.6783 -145.203
55.2377 -145.203
55.2377 -145.203
55.2377 -145.203
55.2377 -145.203
55.2377 -145.203
55.2377 -145.203
55.2377 -145.203
55.2377 -145.203
55.2377 -145.203
55.2377 -145.203
55.2377 -145.203
55.6948 -145.203
53.6995 -145.203
55.2377 -145.203
55.2377 -145.203
55.2377 -145.203
55.2377 -145.203
55.2377 -145.203
55.2377 -145.203
55.2377 -145.203
55.2377 -145.203
55.2377 -145.203
55.2377 -145.203
55.2377 -145.203
55.2377 -145.203
55.2377 -145.203
55.2377 -145.203
55.2377 -145.203
55.2377 -145.203
55.2377 -145.203
55.2377 -145.203
55.2377 -145.203
55.2377 -145.203
55.2377 -145.203
55.2377 -145.203
55.2377 -145.203
55.2377 -145.203
55.2377 -145.203
55.2377 -145.203
55.2377 -145.203
55.2377 -145.203
55.2377 -145.203
55.2377 -145.203
55.2377 -145.203
55.2377 -145.203
55.2377 -145.203
55.2377 -145.203
55.2377 -145.203
55.2377 -145.203
55.2377 -145.203
55.2377 -145.203
55.2377 -145.203
55.2377 -145.203
55.2377 -145.203
55.2377 -145.203
55.2377 -145.203
55.2377 -145.203
55.2377 -145.203
55.2377 -145.203
55.2377 -145.203
55.2377 -145.203
55.2377 -145.203
55.2377 -145.203
55.2377 -145.203
55.2377 -145.203
55.2377 -145.203
55.2377 -145.203
55.2377 -145.203
55.2377 -145.203
55.2377 -145.203
55.2377 -145.203
55.2377 -145.203
55.2377 -145.203
55.2377 -145.203
55.2377 -145.203
55.2377 -145.203
55.2377 -145.203
55.2377 -145.203
55.2377 -145.203
55.2377 -145.203
55.2377 -145.203
55.2377 -145.203
55.2377 -145.203
55.2377 -145.203
55.2377 -145.203
55.2377 -145.203
55.2377 -145.203
55.2377 -145.203
55.2377 -145.203
55.2377 -145.203
52.3455 -145.203
52.7876 -145.203
55.2377 -145.203
55.2377 -145.203
55.2377 -145.203
55.2377 -145.203
55.2377 -145.203
55.2377 -145.203
55.2377 -145.203
55.2377 -145.203
55.2377 -145.203
55.2377 -145.203
55.2377 -145.203
55.2377 -145.203
55.2377 -145.203
55.2377 -145.203
55.2377 -145.203
55.2377 -145.203
55.2377 -145.203
55.2377 -145.203
55.2377 -145.203
55.2377 -145.203
55.2377 -145.203
55.2377 -145.203
55.2377 -145.203
55.2377 -145.203
55.2377 -145.203
55.2377 -145.203
55.2377 -145.203
55.2377 -145.203
54.6498 -145.203
55.4161 -145.203
53.9428 -145.203
54.2742 -145.203
55.2377 -145.203
55.2377 -145.203
55.2377 -145.203
55.2377 -145.203
55.2377 -145.203
55.2377 -145.203
55.2377 -145.203
54.1394 -145.203
52.4499 -145.203
55.2377 -145.203
55.2377 -145.203
55.2377 -145.203
55.2377 -145.203
55.2377 -145.203
54.8507 -145.203
55.3692 -145.203
55.2377 -145.203
54.8188 -145.203
54.5305 -145.203
55.5081 -145.203
55.2377 -145.203
55.471 -145.203
54.3313 -145.203
53.6846 -145.203
55.2379 -145.203
53.5803 -145.203
55.2377 -145.203
55.0994 -145.203
55.2377 -145.203
55.2377 -145.203
55.2377 -145.203
55.2377 -145.203
55.2377 -145.203
55.2377 -145.203
55.2377 -145.203
55.2377 -145.203
55.2377 -145.203
55.2377 -145.203
55.2377 -145.203
55.2377 -145.203
55.2377 -145.203
55.2377 -145.203
53.6066 -145.203
52.5146 -145.203
52.8776 -145.203
54.9903 -145.203
55.2377 -145.203
55.2377 -145.203
55.2377 -145.203
55.2377 -145.203
55.2377 -145.203
55.2377 -145.203
55.2377 -145.203
55.2377 -145.203
55.2377 -145.203
55.2377 -145.203
55.2377 -145.203
55.2377 -145.203
55.2377 -145.203
55.2377 -145.203
55.2377 -145.203
55.2377 -145.203
55.2377 -145.203
55.2315 -145.203
54.2021 -145.203
55.2377 -145.203
55.2377 -145.203
55.2377 -145.203
55.2377 -145.203
53.0136 -145.203
55.2709 -145.203
55.2377 -145.203
55.2377 -145.203
55.2377 -145.203
55.2377 -145.203
55.2377 -145.203
55.2377 -145.203
55.2377 -145.203
55.2377 -145.203
55.2377 -145.203
55.2377 -145.203
55.2377 -145.203
55.2377 -145.203
55.2377 -145.203
55.2377 -145.203
55.2377 -145.203
55.2377 -145.203
54.6782 -145.203
55.0054 -145.203
55.2377 -145.203
55.2377 -145.203
55.2377 -145.203
55.2377 -145.203
55.2377 -145.203
55.2377 -145.203
55.2377 -145.203
55.2377 -145.203
55.2377 -145.203
55.2377 -145.203
55.2377 -145.203
55.2377 -145.203
55.2377 -145.203
55.3421 -145.203
55.7044 -145.203
55.2377 -145.203
55.2377 -145.203
55.2377 -145.203
55.2377 -145.203
55.2377 -145.203
55.2377 -145.203
55.2377 -145.203
55.2377 -145.203
53.2721 -145.203
55.4506 -145.203
55.2377 -145.203
54.0551 -145.203
55.2377 -145.203
55.2377 -145.203
55.2377 -145.203
55.2377 -145.203
55.2377 -145.203
55.2377 -145.203
55.2377 -145.203
51.2896 -145.203
54.5988 -145.203
55.2377 -145.203
55.2377 -145.203
55.2377 -145.203
55.2377 -145.203
55.2377 -145.203
55.2377 -145.203
54.4772 -145.203
45.9232 -145.203
45.512 -145.203
55.2377 -145.203
55.2377 -145.203
55.2377 -145.203
55.2377 -145.203
55.1255 -145.203
54.8186 -145.203
55.2377 -145.203
55.2377 -145.203
55.2377 -145.203
55.2377 -145.203
55.2377 -145.203
55.2377 -145.203
55.7533 -145.203
54.3116 -145.203
55.2377 -145.203
55.2377 -145.203
55.2377 -145.203
55.2377 -145.203
55.2377 -145.203
55.2377 -145.203
55.2377 -145.203
55.2377 -145.203
55.2377 -145.203
55.2377 -145.203
55.2377 -145.203
55.2377 -145.203
55.2377 -145.203
55.2377 -145.203
55.2377 -145.203
55.2377 -145.203
53.9428 -145.203
55.2377 -145.203
55.2377 -145.203
55.2377 -145.203
55.2377 -145.203
55.2377 -145.203
55.2377 -145.203
55.2377 -145.203
55.2377 -145.203
55.2377 -145.203
55.2377 -145.203
55.2377 -145.203
55.2377 -145.203
55.2377 -145.203
55.2377 -145.203
55.2377 -145.203
53.7174 -145.203
52.9807 -145.203
55.2377 -145.203
55.2377 -145.203
55.471 -145.203
54.4335 -145.203
55.2377 -145.203
55.2377 -145.203
55.2377 -145.203
55.326 -145.203
52.892 -145.203
55.2377 -145.203
55.2377 -145.203
55.2377 -145.203
55.2377 -145.203
55.2377 -145.203
55.2377 -145.203
55.2377 -145.203
55.2377 -145.203
55.2377 -145.203
55.2377 -145.203
55.2377 -145.203
54.7109 -145.203
54.6572 -145.203
55.2377 -145.203
55.2377 -145.203
55.2377 -145.203
55.2377 -145.203
55.2377 -145.203
55.2377 -145.203
55.2377 -145.203
55.2377 -145.203
55.2377 -145.203
55.2377 -145.203
55.2377 -145.203
55.2377 -145.203
55.2377 -145.203
55.2377 -145.203
55.1012 -145.203
55.524 -145.203
55.2377 -145.203
55.2377 -145.203
55.2377 -145.203
55.2377 -145.203
55.2377 -145.203
55.2377 -145.203
53.272 -145.203
55.1382 -145.203
55.2377 -145.203
55.2377 -145.203
55.2595 -145.203
55.496 -145.203
55.2377 -145.203
55.2377 -145.203
55.2377 -145.203
55.2377 -145.203
55.2377 -145.203
55.2377 -145.203
55.2377 -145.203
55.2377 -145.203
55.2377 -145.203
55.2377 -145.203
55.2377 -145.203
54.7428 -145.203
54.9544 -145.203
54.0135 -145.203
53.6927 -145.203
55.2377 -145.203
55.2377 -145.203
55.2377 -145.203
55.2377 -145.203
55.2377 -145.203
55.2377 -145.203
55.2377 -145.203
55.2377 -145.203
55.2377 -145.203
55.2377 -145.203
55.2377 -145.203
55.2794 -145.203
55.2377 -145.203
55.2377 -145.203
55.2377 -145.203
55.2377 -145.203
55.2377 -145.203
54.6671 -145.203
54.0135 -145.203
55.2377 -145.203
55.2377 -145.203
55.2377 -145.203
55.2377 -145.203
55.2377 -145.203
55.2377 -145.203
55.2377 -145.203
55.2377 -145.203
54.0604 -145.203
55.3699 -145.203
55.2377 -145.203
55.2377 -145.203
55.2377 -145.203
55.2377 -145.203
55.2377 -145.203
55.2377 -145.203
55.2377 -145.203
55.2377 -145.203
55.2377 -145.203
55.2377 -145.203
55.2377 -145.203
55.2377 -145.203
52.892 -145.203
54.4977 -145.203
55.2377 -145.203
55.2377 -145.203
55.2377 -145.203
55.2377 -145.203
55.2377 -145.203
55.5754 -145.203
53.9702 -145.203
55.2377 -145.203
55.7044 -145.203
53.8654 -145.203
55.2377 -145.203
55.2377 -145.203
55.2377 -145.203
55.2377 -145.203
55.2377 -145.203
55.2377 -145.203
55.2377 -145.203
55.2377 -145.203
55.8377 -145.203
55.2377 -145.203
54.7376 -145.203
55.2377 -145.203
55.2377 -145.203
55.2377 -145.203
55.2377 -145.203
55.2377 -145.203
55.2377 -145.203
55.2377 -145.203
55.2377 -145.203
55.2377 -145.203
55.2377 -145.203
55.2377 -145.203
55.2377 -145.203
55.2377 -145.203
55.2377 -145.203
55.2377 -145.203
55.2377 -145.203
55.2377 -145.203
53.7207 -145.203
53.1895 -145.203
55.2377 -145.203
55.2377 -145.203
55.2377 -145.203
55.2377 -145.203
55.2377 -145.203
55.2377 -145.203
55.2377 -145.203
55.2377 -145.203
55.2377 -145.203
55.2377 -145.203
55.2377 -145.203
55.2377 -145.203
55.2377 -145.203
55.2377 -145.203
55.2377 -145.203
55.2377 -145.203
55.2377 -145.203
55.2377 -145.203
55.2377 -145.203
55.2377 -145.203
55.2377 -145.203
55.2377 -145.203
55.2377 -145.203
55.2377 -145.203
55.2377 -145.203
55.2377 -145.203
55.2377 -145.203
55.2377 -145.203
55.2377 -145.203
55.2377 -145.203
55.2377 -145.203
55.2377 -145.203
55.2377 -145.203
55.2377 -145.203
55.2377 -145.203
55.2377 -145.203
55.2377 -145.203
55.2377 -145.203
55.2377 -145.203
55.2377 -145.203
55.2377 -145.203
55.2377 -145.203
55.2377 -145.203
55.2377 -145.203
55.2377 -145.203
55.2377 -145.203
55.2377 -145.203
55.2377 -145.203
55.2377 -145.203
55.2377 -145.203
55.2377 -145.203
54.8127 -145.203
53.7917 -145.203
55.2377 -145.203
55.2377 -145.203
55.2377 -145.203
55.2377 -145.203
55.2377 -145.203
55.2377 -145.203
55.2377 -145.203
55.2377 -145.203
55.2377 -145.203
55.2377 -145.203
55.2377 -145.203
55.2377 -145.203
53.1761 -145.203
53.4777 -145.203
55.2377 -145.203
55.2375 -145.203
45.5121 -145.203
55.2377 -145.203
55.2377 -145.203
54.857 -145.203
55.2377 -145.203
55.2377 -145.203
55.2377 -145.203
55.2377 -145.203
55.2377 -145.203
55.2377 -145.203
55.2377 -145.203
55.2377 -145.203
55.2377 -145.203
55.2377 -145.203
55.2377 -145.203
55.2377 -145.203
55.2377 -145.203
55.2377 -145.203
55.2377 -145.203
55.2377 -145.203
55.3657 -145.203
54.6454 -145.203
55.2377 -145.203
55.2377 -145.203
55.2377 -145.203
55.2377 -145.203
55.2377 -145.203
55.2377 -145.203
55.2377 -145.203
53.4947 -145.203
55.2377 -145.203
55.2377 -145.203
54.0992 -145.203
53.9266 -145.203
55.2377 -145.203
55.2377 -145.203
55.2377 -145.203
55.2377 -145.203
55.2377 -145.203
55.2377 -145.203
55.2377 -145.203
55.2377 -145.203
55.2377 -145.203
55.2377 -145.203
55.2377 -145.203
55.2377 -145.203
55.2377 -145.203
55.2377 -145.203
55.2377 -145.203
55.2377 -145.203
55.2377 -145.203
55.2377 -145.203
55.2377 -145.203
55.2377 -145.203
55.2377 -145.203
55.2377 -145.203
55.2377 -145.203
55.2377 -145.203
55.2377 -145.203
55.2377 -145.203
55.2377 -145.203
55.2377 -145.203
55.2377 -145.203
55.2377 -145.203
55.2377 -145.203
55.2377 -145.203
55.2377 -145.203
55.2377 -145.203
55.2377 -145.203
55.2377 -145.203
55.2377 -145.203
55.2377 -145.203
55.2377 -145.203
55.2377 -145.203
55.2377 -145.203
55.2377 -145.203
55.2377 -145.203
55.2377 -145.203
55.2377 -145.203
55.2377 -145.203
55.2377 -145.203
55.2377 -145.203
55.2377 -145.203
55.2377 -145.203
55.2377 -145.203
55.2377 -145.203
55.2377 -145.203
55.2377 -145.203
55.2377 -145.203
55.2377 -145.203
55.2377 -145.203
55.2377 -145.203
55.2377 -145.203
55.2377 -145.203
55.2377 -145.203
55.2377 -145.203
54.9261 -145.203
54.9891 -145.203
55.2377 -145.203
53.0371 -145.203
53.5277 -145.203
55.2377 -145.203
55.2377 -145.203
55.2377 -145.203
55.2377 -145.203
55.2377 -145.203
55.2377 -145.203
55.2377 -145.203
54.552 -145.203
54.8534 -145.203
55.2377 -145.203
55.2377 -145.203
55.2377 -145.203
55.2377 -145.203
55.2377 -145.203
54.2035 -145.203
54.8593 -145.203
55.2377 -145.203
55.2377 -145.203
55.2377 -145.203
55.2377 -145.203
55.2377 -145.203
55.2377 -145.203
55.2377 -145.203
54.8574 -145.203
55.2377 -145.203
55.2377 -145.203
55.2377 -145.203
55.2377 -145.203
55.2377 -145.203
53.8698 -145.203
54.7954 -145.203
55.2377 -145.203
55.2377 -145.203
55.2377 -145.203
55.2377 -145.203
55.2377 -145.203
55.2377 -145.203
55.2377 -145.203
55.2377 -145.203
55.2377 -145.203
54.3079 -145.203
54.731 -145.203
55.2377 -145.203
55.4712 -145.203
53.9531 -145.203
55.2377 -145.203
55.2377 -145.203
55.2377 -145.203
53.9428 -145.203
54.6053 -145.203
55.2377 -145.203
55.2377 -145.203
55.2377 -145.203
55.2377 -145.203
55.2377 -145.203
55.2377 -145.203
55.2377 -145.203
55.2377 -145.203
55.2377 -145.203
55.2377 -145.203
55.2377 -145.203
55.2377 -145.203
55.2377 -145.203
55.2377 -145.203
55.2377 -145.203
55.2377 -145.203
55.2377 -145.203
54.88 -145.203
52.538 -145.203
54.1301 -145.203
54.4716 -145.203
55.2377 -145.203
55.2377 -145.203
55.2377 -145.203
55.2377 -145.203
55.2377 -145.203
55.2377 -145.203
55.2377 -145.203
55.2377 -145.203
53.4076 -145.203
54.8882 -145.203
55.2377 -145.203
55.2377 -145.203
54.7819 -145.203
53.6372 -145.203
55.2377 -145.203
55.2377 -145.203
55.2377 -145.203
55.2377 -145.203
55.2377 -145.203
55.2377 -145.203
55.2377 -145.203
55.2377 -145.203
54.1143 -145.203
54.2394 -145.203
55.2377 -145.203
55.2377 -145.203
55.2377 -145.203
55.2377 -145.203
55.2377 -145.203
55.2377 -145.203
55.2377 -145.203
55.2377 -145.203
55.2377 -145.203
55.2377 -145.203
55.2377 -145.203
55.2377 -145.203
55.2377 -145.203
55.2377 -145.203
55.2377 -145.203
55.2377 -145.203
55.2377 -145.203
55.2377 -145.203
55.2377 -145.203
55.2377 -145.203
55.2377 -145.203
53.5334 -145.203
55.3699 -145.203
55.2377 -145.203
55.2377 -145.203
55.2377 -145.203
55.2377 -145.203
55.2377 -145.203
55.2377 -145.203
55.2377 -145.203
55.2377 -145.203
55.2377 -145.203
55.2377 -145.203
55.2377 -145.203
55.2377 -145.203
55.2377 -145.203
55.2377 -145.203
53.6936 -145.203
55.2786 -145.203
55.2377 -145.203
55.1386 -145.203
54.9544 -145.203
55.2377 -145.203
55.2377 -145.203
55.2377 -145.203
55.2377 -145.203
55.2377 -145.203
55.2377 -145.203
55.2377 -145.203
55.2377 -145.203
55.6157 -145.203
54.2236 -145.203
55.2377 -145.203
55.2377 -145.203
55.2377 -145.203
55.2377 -145.203
55.2377 -145.203
55.2377 -145.203
55.2377 -145.203
55.2377 -145.203
52.892 -145.203
53.6464 -145.203
53.191 -145.203
55.2377 -145.203
53.9809 -145.203
54.4989 -145.203
55.2377 -145.203
55.2377 -145.203
55.2377 -145.203
55.2377 -145.203
55.2377 -145.203
53.5243 -145.203
55.3153 -145.203
55.2377 -145.203
55.2377 -145.203
55.2377 -145.203
55.2377 -145.203
55.2377 -145.203
55.2377 -145.203
55.2377 -145.203
55.2377 -145.203
55.2377 -145.203
55.2377 -145.203
55.2377 -145.203
54.1768 -145.203
53.9134 -145.203
54.2141 -145.203
53.6656 -145.203
54.5917 -145.203
52.892 -145.203
53.8218 -145.203
55.2377 -145.203
55.2377 -145.203
55.2377 -145.203
55.2377 -145.203
55.2377 -145.203
55.2377 -145.203
55.2377 -145.203
55.2377 -145.203
55.2377 -145.203
55.2377 -145.203
55.2377 -145.203
55.2377 -145.203
55.2377 -145.203
55.2377 -145.203
55.2377 -145.203
55.0819 -145.203
53.2956 -145.203
55.2377 -145.203
55.2377 -145.203
55.2377 -145.203
55.2377 -145.203
55.2377 -145.203
55.2377 -145.203
55.2377 -145.203
55.2377 -145.203
55.2377 -145.203
55.2377 -145.203
55.2377 -145.203
55.2377 -145.203
55.2377 -145.203
55.2377 -145.203
55.2377 -145.203
55.2377 -145.203
55.2377 -145.203
54.8534 -145.203
55.0326 -145.203
55.2377 -145.203
55.2377 -145.203
53.4021 -145.203
55.124 -145.203
55.2377 -145.203
55.2377 -145.203
55.2377 -145.203
53.7917 -145.203
53.7917 -145.203
55.2377 -145.203
55.2377 -145.203
55.2377 -145.203
54.2629 -145.203
53.9725 -145.203
55.2377 -145.203
55.2377 -145.203
55.2377 -145.203
55.2377 -145.203
55.2377 -145.203
55.2377 -145.203
55.2377 -145.203
55.2377 -145.203
54.8774 -145.203
54.9679 -145.203
54.3206 -145.203
54.0135 -145.203
54.8335 -145.203
54.4377 -145.203
45.9197 -145.203
55.2377 -145.203
55.2377 -145.203
55.2377 -145.203
55.2377 -145.203
55.2377 -145.203
55.2377 -145.203
55.2377 -145.203
55.2377 -145.203
55.2377 -145.203
55.2377 -145.203
55.2377 -145.203
55.2377 -145.203
55.2377 -145.203
55.2377 -145.203
55.2273 -145.203
54.3594 -145.203
55.2377 -145.203
55.2377 -145.203
53.2904 -145.203
54.9756 -145.203
55.2377 -145.203
55.2377 -145.203
55.2377 -145.203
55.2377 -145.203
55.2377 -145.203
55.2377 -145.203
55.2377 -145.203
55.2377 -145.203
55.2377 -145.203
55.2377 -145.203
55.2377 -145.203
55.2377 -145.203
55.2377 -145.203
55.2377 -145.203
55.2377 -145.203
55.2377 -145.203
55.2377 -145.203
55.2377 -145.203
55.2377 -145.203
55.2377 -145.203
55.2377 -145.203
55.2377 -145.203
55.2377 -145.203
55.2377 -145.203
55.2377 -145.203
51.5658 -145.203
54.2878 -145.203
55.2377 -145.203
55.2377 -145.203
55.2377 -145.203
55.2377 -145.203
55.2377 -145.203
53.7499 -145.203
55.0365 -145.203
55.2377 -145.203
55.1057 -145.203
54.0135 -145.203
55.2377 -145.203
55.2377 -145.203
55.2377 -145.203
55.2377 -145.203
55.2377 -145.203
55.2377 -145.203
55.2377 -145.203
55.2154 -145.203
55.4711 -145.203
55.2377 -145.203
55.2377 -145.203
55.2377 -145.203
55.2377 -145.203
55.2377 -145.203
55.2377 -145.203
55.2377 -145.203
55.2377 -145.203
55.2377 -145.203
55.2377 -145.203
55.2377 -145.203
55.2377 -145.203
55.2377 -145.203
55.2377 -145.203
55.2377 -145.203
55.2377 -145.203
55.2377 -145.203
55.2377 -145.203
55.2377 -145.203
55.2377 -145.203
55.2377 -145.203
55.2377 -145.203
55.2377 -145.203
55.2377 -145.203
55.2377 -145.203
53.6319 -145.203
54.0587 -145.203
55.2377 -145.203
55.2377 -145.203
55.2377 -145.203
53.5501 -145.203
52.7722 -145.203
54.0198 -145.203
55.2377 -145.203
55.2377 -145.203
55.2377 -145.203
55.2377 -145.203
55.2377 -145.203
55.2377 -145.203
55.2377 -145.203
55.2377 -145.203
55.2377 -145.203
55.2377 -145.203
55.2377 -145.203
55.2377 -145.203
55.2377 -145.203
54.3282 -145.203
54.0653 -145.203
55.149 -145.203
55.2377 -145.203
55.2377 -145.203
55.2377 -145.203
55.2377 -145.203
55.098 -145.203
53.9428 -145.203
55.2377 -145.203
55.2377 -145.203
55.2377 -145.203
55.2377 -145.203
55.2377 -145.203
55.2377 -145.203
55.2377 -145.203
54.7063 -145.203
54.8627 -145.203
55.2377 -145.203
55.2377 -145.203
55.2377 -145.203
55.2377 -145.203
55.2377 -145.203
55.4994 -145.203
52.5517 -145.203
54.7777 -145.203
55.2377 -145.203
55.2377 -145.203
55.2377 -145.203
55.2377 -145.203
55.2377 -145.203
53.0851 -145.203
52.3209 -145.203
55.2377 -145.203
55.2377 -145.203
55.2377 -145.203
53.4979 -145.203
53.3763 -145.203
55.2377 -145.203
55.2377 -145.203
55.2377 -145.203
55.2377 -145.203
55.2377 -145.203
55.2377 -145.203
55.2377 -145.203
55.2377 -145.203
55.2377 -145.203
55.2377 -145.203
55.2377 -145.203
55.2377 -145.203
55.2377 -145.203
55.3359 -145.203
55.1973 -145.203
55.2377 -145.203
55.2377 -145.203
55.2377 -145.203
55.2377 -145.203
55.2377 -145.203
53.4021 -145.203
54.2918 -145.203
55.2377 -145.203
55.2377 -145.203
55.2377 -145.203
55.2377 -145.203
55.2377 -145.203
55.2377 -145.203
55.2377 -145.203
55.2377 -145.203
55.3699 -145.203
54.3657 -145.203
55.2377 -145.203
55.2377 -145.203
52.5788 -145.203
52.4096 -145.203
55.2377 -145.203
53.7773 -145.203
56.1404 -145.203
55.2377 -145.203
55.2377 -145.203
55.2377 -145.203
55.2377 -145.203
55.2377 -145.203
55.2377 -145.203
55.2377 -145.203
55.2377 -145.203
55.2377 -145.203
55.2377 -145.203
55.2377 -145.203
55.2377 -145.203
55.2377 -145.203
52.9807 -145.203
52.9968 -145.203
55.2377 -145.203
55.2377 -145.203
55.2377 -145.203
55.2377 -145.203
55.2377 -145.203
55.2377 -145.203
55.2377 -145.203
55.2377 -145.203
55.2377 -145.203
55.2377 -145.203
55.2377 -145.203
55.2377 -145.203
55.2377 -145.203
55.2377 -145.203
55.2377 -145.203
55.2377 -145.203
55.2377 -145.203
55.2377 -145.203
55.2377 -145.203
54.1355 -145.203
53.6595 -145.203
55.2377 -145.203
55.2377 -145.203
55.2377 -145.203
55.2377 -145.203
55.2377 -145.203
55.2377 -145.203
55.2377 -145.203
55.2377 -145.203
55.2377 -145.203
55.2377 -145.203
55.2377 -145.203
55.2377 -145.203
55.2377 -145.203
55.2377 -145.203
55.2377 -145.203
55.2377 -145.203
54.7622 -145.203
54.0135 -145.203
54.589 -145.203
55.2377 -145.203
55.2377 -145.203
55.2377 -145.203
55.2377 -145.203
55.2377 -145.203
55.2377 -145.203
55.2377 -145.203
55.2377 -145.203
55.2377 -145.203
55.2377 -145.203
55.2377 -145.203
55.2377 -145.203
55.2377 -145.203
55.2377 -145.203
55.2377 -145.203
55.2377 -145.203
55.2377 -145.203
55.2377 -145.203
55.2377 -145.203
55.2377 -145.203
55.2377 -145.203
55.2377 -145.203
55.2377 -145.203
55.2377 -145.203
53.8324 -145.203
55.5487 -145.203
55.2377 -145.203
55.2377 -145.203
55.2377 -145.203
55.2377 -145.203
55.2377 -145.203
55.2377 -145.203
55.2377 -145.203
55.2377 -145.203
55.2377 -145.203
54.0032 -145.203
55.2377 -145.203
55.2377 -145.203
55.2377 -145.203
55.2377 -145.203
54.3526 -145.203
53.5276 -145.203
55.2377 -145.203
55.2377 -145.203
55.2377 -145.203
55.2377 -145.203
55.2377 -145.203
55.2377 -145.203
55.2377 -145.203
55.2377 -145.203
55.2377 -145.203
54.1431 -145.203
52.5054 -145.203
55.2377 -145.203
53.8654 -145.203
53.7207 -145.203
55.2377 -145.203
55.2377 -145.203
55.2377 -145.203
55.2377 -145.203
55.2377 -145.203
55.2377 -145.203
55.2377 -145.203
55.2377 -145.203
55.2377 -145.203
55.2377 -145.203
55.2377 -145.203
55.2377 -145.203
55.2377 -145.203
55.2377 -145.203
55.2377 -145.203
55.2377 -145.203
55.2377 -145.203
55.2377 -145.203
55.2377 -145.203
55.2377 -145.203
55.2377 -145.203
55.2377 -145.203
55.2377 -145.203
55.2377 -145.203
55.2377 -145.203
55.2377 -145.203
55.2377 -145.203
55.2377 -145.203
55.2377 -145.203
55.2377 -145.203
55.2377 -145.203
55.2377 -145.203
55.2377 -145.203
55.2377 -145.203
55.2377 -145.203
55.2377 -145.203
55.2377 -145.203
55.2377 -145.203
55.2377 -145.203
55.2377 -145.203
55.2377 -145.203
55.2377 -145.203
55.2377 -145.203
55.023 -145.203
54.0761 -145.203
55.2377 -145.203
55.2377 -145.203
55.2377 -145.203
55.2377 -145.203
55.2377 -145.203
55.2377 -145.203
55.2377 -145.203
55.2377 -145.203
55.2377 -145.203
55.2377 -145.203
55.2377 -145.203
55.2377 -145.203
55.2377 -145.203
55.2377 -145.203
55.2377 -145.203
55.2377 -145.203
55.2377 -145.203
55.2377 -145.203
55.2377 -145.203
55.2377 -145.203
55.2377 -145.203
55.2377 -145.203
55.2377 -145.203
55.2377 -145.203
55.2377 -145.203
55.2377 -145.203
55.2377 -145.203
55.2377 -145.203
55.2377 -145.203
55.2377 -145.203
55.2377 -145.203
55.2377 -145.203
55.2377 -145.203
55.2377 -145.203
55.2377 -145.203
55.2377 -145.203
54.1192 -145.203
54.0992 -145.203
55.2377 -145.203
55.2377 -145.203
55.2377 -145.203
55.2377 -145.203
55.2377 -145.203
55.2377 -145.203
55.2377 -145.203
55.2377 -145.203
55.2377 -145.203
55.2377 -145.203
55.2377 -145.203
55.2377 -145.203
55.2377 -145.203
55.2377 -145.203
55.2377 -145.203
55.2377 -145.203
55.2377 -145.203
55.2377 -145.203
55.2585 -145.203
53.4865 -145.203
55.2377 -145.203
55.2377 -145.203
55.2377 -145.203
55.2377 -145.203
55.2377 -145.203
55.2377 -145.203
55.2377 -145.203
55.2377 -145.203
55.2377 -145.203
55.2377 -145.203
55.2377 -145.203
55.2377 -145.203
55.2377 -145.203
55.2377 -145.203
55.2377 -145.203
55.2377 -145.203
55.2377 -145.203
55.2377 -145.203
55.2377 -145.203
55.2377 -145.203
55.2377 -145.203
55.2377 -145.203
55.2377 -145.203
55.2377 -145.203
55.2377 -145.203
55.2377 -145.203
55.2377 -145.203
54.6877 -145.203
55.2377 -145.203
55.4762 -145.203
54.8118 -145.203
55.2377 -145.203
55.2377 -145.203
55.2377 -145.203
55.2377 -145.203
55.2377 -145.203
55.2377 -145.203
55.2377 -145.203
55.2377 -145.203
55.2377 -145.203
55.2377 -145.203
55.2377 -145.203
55.2377 -145.203
54.5805 -145.203
55.2377 -145.203
55.2377 -145.203
55.2377 -145.203
53.8668 -145.203
54.9544 -145.203
55.2377 -145.203
55.2377 -145.203
55.2377 -145.203
54.7778 -145.203
55.2377 -145.203
55.2377 -145.203
55.2377 -145.203
54.7364 -145.203
54.9212 -145.203
55.2377 -145.203
55.2377 -145.203
55.2377 -145.203
55.2377 -145.203
55.2377 -145.203
55.2377 -145.203
55.2377 -145.203
55.2377 -145.203
55.2377 -145.203
55.2377 -145.203
55.7068 -145.203
54.7943 -145.203
55.2377 -145.203
55.2377 -145.203
55.2377 -145.203
55.2377 -145.203
55.2377 -145.203
55.2377 -145.203
55.2377 -145.203
55.2377 -145.203
55.2377 -145.203
55.2377 -145.203
55.2377 -145.203
47.9068 -145.203
54.4105 -145.203
55.2377 -145.203
55.2377 -145.203
55.2377 -145.203
55.2377 -145.203
55.2377 -145.203
55.197 -145.203
55.5212 -145.203
55.2377 -145.203
55.2377 -145.203
55.2377 -145.203
55.2377 -145.203
55.2377 -145.203
55.2377 -145.203
55.2377 -145.203
55.2377 -145.203
55.2377 -145.203
55.2377 -145.203
55.2377 -145.203
55.2377 -145.203
55.2377 -145.203
55.2377 -145.203
55.2377 -145.203
55.2377 -145.203
55.2377 -145.203
55.2377 -145.203
55.2377 -145.203
55.2377 -145.203
55.2377 -145.203
55.2377 -145.203
55.2377 -145.203
53.8876 -145.203
54.1454 -145.203
55.2377 -145.203
55.2377 -145.203
55.1209 -145.203
54.7206 -145.203
55.2377 -145.203
55.2377 -145.203
55.2377 -145.203
55.2377 -145.203
55.2377 -145.203
55.2377 -145.203
50.8397 -145.203
54.7742 -145.203
55.2377 -145.203
55.2377 -145.203
55.2377 -145.203
55.2377 -145.203
55.2377 -145.203
55.2377 -145.203
55.2377 -145.203
53.4981 -145.203
53.0077 -145.203
54.324 -145.203
53.7917 -145.203
53.8365 -145.203
55.2377 -145.203
55.2377 -145.203
55.2377 -145.203
55.2377 -145.203
55.2377 -145.203
55.2377 -145.203
55.2377 -145.203
55.2377 -145.203
55.2377 -145.203
54.0994 -145.203
55.4711 -145.203
55.2377 -145.203
55.2377 -145.203
55.2377 -145.203
55.2377 -145.203
55.2377 -145.203
55.2377 -145.203
55.2377 -145.203
55.2377 -145.203
55.2377 -145.203
55.2377 -145.203
55.2377 -145.203
55.2377 -145.203
55.2377 -145.203
55.0597 -145.203
55.2377 -145.203
54.6825 -145.203
54.2294 -145.203
55.2377 -145.203
54.9805 -145.203
54.8776 -145.203
55.2377 -145.203
55.2377 -145.203
55.2377 -145.203
55.2377 -145.203
55.2377 -145.203
55.2377 -145.203
55.2377 -145.203
55.2377 -145.203
54.653 -145.203
55.4681 -145.203
55.2377 -145.203
55.2377 -145.203
55.2377 -145.203
53.3323 -145.203
55.261 -145.203
55.2377 -145.203
55.2377 -145.203
55.2377 -145.203
55.2377 -145.203
55.2377 -145.203
55.2377 -145.203
53.6129 -145.203
55.2377 -145.203
55.2377 -145.203
55.2377 -145.203
55.2377 -145.203
55.2377 -145.203
55.2377 -145.203
55.2377 -145.203
55.2377 -145.203
55.2377 -145.203
55.2377 -145.203
54.0135 -145.203
54.0135 -145.203
54.0135 -145.203
55.2377 -145.203
55.2377 -145.203
55.2377 -145.203
55.2377 -145.203
55.2377 -145.203
55.2377 -145.203
55.2377 -145.203
55.2377 -145.203
55.2377 -145.203
52.4906 -145.203
55.2377 -145.203
55.2377 -145.203
54.2643 -145.203
52.6587 -145.203
55.2377 -145.203
55.2377 -145.203
55.2377 -145.203
55.2377 -145.203
55.2377 -145.203
55.2377 -145.203
55.2377 -145.203
55.2377 -145.203
55.2377 -145.203
55.2377 -145.203
55.2377 -145.203
55.2377 -145.203
55.2377 -145.203
55.2377 -145.203
55.2377 -145.203
53.7917 -145.203
54.1605 -145.203
55.2377 -145.203
55.2377 -145.203
55.2377 -145.203
55.2377 -145.203
55.2377 -145.203
55.2377 -145.203
55.2377 -145.203
55.2377 -145.203
55.2377 -145.203
55.2377 -145.203
55.2377 -145.203
55.2377 -145.203
55.2377 -145.203
55.2377 -145.203
55.2377 -145.203
55.2377 -145.203
55.2377 -145.203
55.2377 -145.203
55.2377 -145.203
55.2377 -145.203
55.2377 -145.203
55.2377 -145.203
55.2377 -145.203
55.2377 -145.203
55.2377 -145.203
55.2377 -145.203
55.2377 -145.203
55.2377 -145.203
55.2377 -145.203
55.2377 -145.203
55.2377 -145.203
55.2377 -145.203
55.2377 -145.203
55.2377 -145.203
55.2377 -145.203
55.2377 -145.203
55.2377 -145.203
55.2377 -145.203
54.6654 -145.203
54.3427 -145.203
54.4411 -145.203
55.3501 -145.203
53.6325 -145.203
55.2377 -145.203
55.2377 -145.203
55.2377 -145.203
55.2377 -145.203
55.2377 -145.203
55.2377 -145.203
55.2377 -145.203
55.2377 -145.203
55.2377 -145.203
55.2377 -145.203
55.2377 -145.203
55.2377 -145.203
55.2377 -145.203
55.2377 -145.203
55.2377 -145.203
55.2377 -145.203
55.2377 -145.203
55.2377 -145.203
55.2377 -145.203
55.2377 -145.203
52.8924 -145.203
53.5639 -145.203
55.2377 -145.203
55.2377 -145.203
52.892 -145.203
53.9061 -145.203
55.2377 -145.203
55.3657 -145.203
54.4008 -145.203
55.2377 -145.203
55.2377 -145.203
55.2377 -145.203
55.2377 -145.203
55.2377 -145.203
55.2377 -145.203
54.4377 -145.203
53.5282 -145.203
55.2377 -145.203
55.2377 -145.203
55.2377 -145.203
54.1599 -145.203
55.2377 -145.203
55.2377 -145.203
55.2377 -145.203
55.2377 -145.203
55.2377 -145.203
55.2377 -145.203
55.2377 -145.203
55.2377 -145.203
54.601 -145.203
54.5419 -145.203
54.6067 -145.203
53.4478 -145.203
55.2377 -145.203
55.2377 -145.203
55.2377 -145.203
55.2377 -145.203
55.2377 -145.203
55.2377 -145.203
55.2377 -145.203
55.2377 -145.203
55.2377 -145.203
55.2377 -145.203
55.2377 -145.203
55.2377 -145.203
55.2377 -145.203
55.2377 -145.203
55.2377 -145.203
55.2377 -145.203
55.2377 -145.203
55.2377 -145.203
55.2377 -145.203
55.2377 -145.203
55.2377 -145.203
55.2377 -145.203
55.2377 -145.203
55.2377 -145.203
55.2377 -145.203
55.2377 -145.203
55.2377 -145.203
55.2377 -145.203
55.2377 -145.203
55.2377 -145.203
55.2377 -145.203
55.2377 -145.203
55.2377 -145.203
55.2377 -145.203
55.2377 -145.203
55.2377 -145.203
55.2377 -145.203
55.2377 -145.203
55.2377 -145.203
55.2377 -145.203
55.2377 -145.203
55.2377 -145.203
55.2377 -145.203
55.2377 -145.203
55.2377 -145.203
53.7979 -145.203
54.075 -145.203
55.2377 -145.203
55.2377 -145.203
55.2377 -145.203
55.2377 -145.203
55.2377 -145.203
55.2377 -145.203
55.2377 -145.203
55.2377 -145.203
55.2377 -145.203
55.2377 -145.203
55.2377 -145.203
55.2377 -145.203
55.2377 -145.203
55.3421 -145.203
53.9266 -145.203
55.2377 -145.203
55.2377 -145.203
55.2377 -145.203
55.2377 -145.203
55.2377 -145.203
55.2377 -145.203
55.2377 -145.203
55.2377 -145.203
55.2377 -145.203
55.2377 -145.203
55.2377 -145.203
55.2377 -145.203
55.2377 -145.203
55.2377 -145.203
55.2377 -145.203
55.2377 -145.203
55.2377 -145.203
54.2021 -145.203
53.7917 -145.203
55.2377 -145.203
55.2377 -145.203
55.2377 -145.203
55.2377 -145.203
55.2377 -145.203
55.2377 -145.203
55.2377 -145.203
55.2377 -145.203
55.2377 -145.203
55.2377 -145.203
55.2377 -145.203
55.2377 -145.203
55.2377 -145.203
55.2377 -145.203
55.2377 -145.203
55.2377 -145.203
55.2377 -145.203
55.2377 -145.203
55.2377 -145.203
55.2377 -145.203
55.2377 -145.203
55.2377 -145.203
55.2377 -145.203
55.2377 -145.203
55.2377 -145.203
55.2377 -145.203
55.2377 -145.203
55.2377 -145.203
55.2377 -145.203
55.2377 -145.203
55.2377 -145.203
55.2377 -145.203
55.2377 -145.203
55.2377 -145.203
55.2377 -145.203
55.2377 -145.203
55.2377 -145.203
55.2377 -145.203
55.2377 -145.203
55.2377 -145.203
55.2377 -145.203
55.2377 -145.203
55.2377 -145.203
55.2377 -145.203
55.2377 -145.203
54.5544 -145.203
55.3814 -145.203
55.2377 -145.203
52.9968 -145.203
55.2377 -145.203
55.2377 -145.203
55.2377 -145.203
55.2377 -145.203
55.2377 -145.203
55.2377 -145.203
55.2377 -145.203
55.2377 -145.203
55.2377 -145.203
55.2377 -145.203
55.2377 -145.203
55.2377 -145.203
55.2377 -145.203
55.2377 -145.203
54.2333 -145.203
53.9297 -145.203
55.2377 -145.203
55.2377 -145.203
55.2377 -145.203
55.2377 -145.203
55.2377 -145.203
55.2377 -145.203
53.6963 -145.203
55.2377 -145.203
55.2377 -145.203
55.1329 -145.203
52.7876 -145.203
55.2377 -145.203
53.9133 -145.203
54.9232 -145.203
55.2377 -145.203
55.2377 -145.203
55.2377 -145.203
55.2377 -145.203
55.2377 -145.203
55.2377 -145.203
55.2377 -145.203
52.892 -145.203
55.2377 -145.203
55.2377 -145.203
55.2377 -145.203
55.2377 -145.203
55.2377 -145.203
55.2377 -145.203
55.2377 -145.203
55.2377 -145.203
55.2377 -145.203
54.0143 -145.203
55.2377 -145.203
55.2377 -145.203
55.2377 -145.203
55.2377 -145.203
55.2377 -145.203
55.2377 -145.203
55.2377 -145.203
54.5006 -145.203
52.7876 -145.203
55.2377 -145.203
55.2377 -145.203
55.2377 -145.203
55.2377 -145.203
55.2377 -145.203
55.2377 -145.203
55.2377 -145.203
55.2377 -145.203
55.2377 -145.203
55.2377 -145.203
55.2377 -145.203
55.2377 -145.203
55.2377 -145.203
55.2377 -145.203
55.2377 -145.203
55.2377 -145.203
55.2377 -145.203
55.2377 -145.203
55.2377 -145.203
55.2377 -145.203
55.2377 -145.203
55.2377 -145.203
55.2377 -145.203
55.2377 -145.203
55.2377 -145.203
55.2377 -145.203
55.2377 -145.203
55.2377 -145.203
55.2377 -145.203
54.8787 -145.203
54.4227 -145.203
55.2377 -145.203
55.2377 -145.203
55.2377 -145.203
55.2377 -145.203
55.2377 -145.203
55.2377 -145.203
55.2377 -145.203
55.2377 -145.203
55.2377 -145.203
55.2377 -145.203
55.2377 -145.203
55.2377 -145.203
55.2377 -145.203
55.2377 -145.203
55.2377 -145.203
55.2377 -145.203
55.2377 -145.203
55.2377 -145.203
55.2377 -145.203
55.2377 -145.203
55.2377 -145.203
55.2377 -145.203
55.2377 -145.203
55.2377 -145.203
55.2377 -145.203
55.2377 -145.203
55.2377 -145.203
55.2377 -145.203
55.2377 -145.203
55.2377 -145.203
55.2377 -145.203
55.2377 -145.203
55.2377 -145.203
55.2377 -145.203
55.2377 -145.203
55.2377 -145.203
55.2377 -145.203
55.2377 -145.203
53.8029 -145.203
55.2377 -145.203
55.2377 -145.203
55.2377 -145.203
55.2377 -145.203
55.2377 -145.203
55.2377 -145.203
55.2377 -145.203
55.2377 -145.203
55.2377 -145.203
55.2377 -145.203
55.2377 -145.203
55.2377 -145.203
55.3823 -145.203
55.5113 -145.203
55.2377 -145.203
55.2377 -145.203
55.2377 -145.203
55.2377 -145.203
55.411 -145.203
54.6549 -145.203
55.2377 -145.203
55.2377 -145.203
55.2377 -145.203
55.2377 -145.203
55.2377 -145.203
55.2377 -145.203
55.2377 -145.203
55.2377 -145.203
55.2377 -145.203
55.2377 -145.203
55.2377 -145.203
55.2377 -145.203
55.2377 -145.203
55.2377 -145.203
55.2377 -145.203
55.2377 -145.203
55.2377 -145.203
55.2377 -145.203
55.2377 -145.203
55.2377 -145.203
55.2377 -145.203
55.2377 -145.203
55.2377 -145.203
55.2377 -145.203
55.2377 -145.203
55.2377 -145.203
55.2377 -145.203
55.2377 -145.203
55.2377 -145.203
55.2377 -145.203
55.2374 -145.203
54.3094 -145.203
55.2377 -145.203
55.2377 -145.203
55.2377 -145.203
55.2377 -145.203
54.0999 -145.203
50.4467 -145.203
54.7055 -145.203
55.2377 -145.203
54.0135 -145.203
54.4349 -145.203
55.2377 -145.203
55.2377 -145.203
55.2377 -145.203
55.2377 -145.203
55.2377 -145.203
55.2377 -145.203
55.2377 -145.203
53.0851 -145.203
52.892 -145.203
55.2377 -145.203
55.2377 -145.203
53.3764 -145.203
54.4541 -145.203
55.4264 -145.203
53.9614 -145.203
55.2377 -145.203
53.2547 -145.203
52.7228 -145.203
55.2377 -145.203
55.2377 -145.203
55.2377 -145.203
55.2377 -145.203
55.2377 -145.203
55.2377 -145.203
55.2377 -145.203
53.3764 -145.203
55.2355 -145.203
55.2377 -145.203
54.2316 -145.203
55.2377 -145.203
55.2377 -145.203
55.2377 -145.203
55.2377 -145.203
55.2377 -145.203
55.2377 -145.203
54.1794 -145.203
53.7917 -145.203
55.2377 -145.203
55.2377 -145.203
55.2377 -145.203
55.2377 -145.203
55.2377 -145.203
55.2377 -145.203
55.2377 -145.203
55.2377 -145.203
55.2377 -145.203
55.2377 -145.203
55.2377 -145.203
55.2377 -145.203
55.2377 -145.203
55.2377 -145.203
55.2377 -145.203
55.2377 -145.203
55.2377 -145.203
55.2377 -145.203
55.2377 -145.203
55.2377 -145.203
55.2377 -145.203
54.6165 -145.203
54.7948 -145.203
55.2377 -145.203
53.7917 -145.203
53.7917 -145.203
53.9137 -145.203
54.418 -145.203
53.8721 -145.203
45.3278 -145.203
54.1365 -145.203
55.2377 -145.203
55.2377 -145.203
55.2377 -145.203
55.2377 -145.203
52.6832 -145.203
53.166 -145.203
55.2377 -145.203
53.7482 -145.203
55.2377 -145.203
55.2377 -145.203
55.2377 -145.203
54.7297 -145.203
54.671 -145.203
55.2389 -145.203
44.181 -145.203
55.2377 -145.203
55.2377 -145.203
55.2377 -145.203
55.2377 -145.203
55.2377 -145.203
55.2377 -145.203
55.2656 -145.203
53.4235 -145.203
55.2377 -145.203
55.2377 -145.203
55.2377 -145.203
55.2377 -145.203
55.2377 -145.203
55.2377 -145.203
55.2377 -145.203
52.4499 -145.203
55.575 -145.203
54.952 -145.203
54.6363 -145.203
55.2377 -145.203
55.2377 -145.203
55.2377 -145.203
55.2377 -145.203
55.2377 -145.203
55.2377 -145.203
55.2377 -145.203
55.2377 -145.203
55.2377 -145.203
55.2377 -145.203
55.2377 -145.203
55.2377 -145.203
55.2377 -145.203
55.2377 -145.203
55.2377 -145.203
55.2377 -145.203
55.2377 -145.203
55.2377 -145.203
55.2377 -145.203
55.2377 -145.203
55.2377 -145.203
55.2377 -145.203
55.2377 -145.203
55.2377 -145.203
55.2377 -145.203
55.2422 -145.203
55.2314 -145.203
55.2377 -145.203
55.2377 -145.203
55.2377 -145.203
55.2377 -145.203
55.2377 -145.203
53.4032 -145.203
53.0447 -145.203
54.8299 -145.203
55.0048 -145.203
53.7917 -145.203
55.2377 -145.203
55.2377 -145.203
55.2377 -145.203
55.2377 -145.203
55.2377 -145.203
55.2377 -145.203
55.2377 -145.203
55.2377 -145.203
55.2377 -145.203
55.2377 -145.203
55.2377 -145.203
54.66 -145.203
53.6163 -145.203
55.2377 -145.203
55.2377 -145.203
55.2377 -145.203
55.2377 -145.203
55.2377 -145.203
55.2377 -145.203
55.2377 -145.203
55.2377 -145.203
55.2377 -145.203
55.2377 -145.203
55.2377 -145.203
55.2377 -145.203
55.2377 -145.203
55.2377 -145.203
55.2377 -145.203
55.2377 -145.203
55.2377 -145.203
55.2377 -145.203
55.2377 -145.203
55.2377 -145.203
55.2377 -145.203
55.2377 -145.203
55.2377 -145.203
55.2377 -145.203
55.2377 -145.203
55.2377 -145.203
55.2377 -145.203
55.2377 -145.203
55.2377 -145.203
55.2377 -145.203
55.2377 -145.203
55.2377 -145.203
55.2377 -145.203
55.2377 -145.203
55.2377 -145.203
55.2377 -145.203
55.0866 -145.203
53.7917 -145.203
55.3699 -145.203
55.2377 -145.203
55.2377 -145.203
55.2377 -145.203
55.2377 -145.203
55.2377 -145.203
54.0135 -145.203
55.9615 -145.203
55.2377 -145.203
54.7178 -145.203
54.5637 -145.203
55.2377 -145.203
55.2377 -145.203
54.551 -145.203
55.2377 -145.203
55.2377 -145.203
55.2377 -145.203
55.2377 -145.203
55.2377 -145.203
55.2377 -145.203
55.2377 -145.203
55.2377 -145.203
55.2377 -145.203
54.7273 -145.203
53.6542 -145.203
55.2377 -145.203
55.2377 -145.203
55.2377 -145.203
55.2377 -145.203
55.2377 -145.203
55.2377 -145.203
55.2377 -145.203
45.2464 -145.203
44.8386 -145.203
55.5012 -145.203
54.7042 -145.203
53.9265 -145.203
55.2377 -145.203
54.589 -145.203
55.3791 -145.203
55.2377 -145.203
55.2377 -145.203
55.2377 -145.203
55.2377 -145.203
55.2377 -145.203
55.2377 -145.203
55.2377 -145.203
55.2377 -145.203
55.2377 -145.203
55.2377 -145.203
55.2377 -145.203
55.6752 -145.203
55.1629 -145.203
54.2866 -145.203
53.7917 -145.203
55.2377 -145.203
55.2377 -145.203
55.2377 -145.203
52.892 -145.203
52.6587 -145.203
55.2377 -145.203
55.2377 -145.203
55.2377 -145.203
55.2377 -145.203
55.2377 -145.203
55.2377 -145.203
55.3123 -145.203
53.3762 -145.203
55.2377 -145.203
55.2377 -145.203
55.2377 -145.203
55.2377 -145.203
54.7428 -145.203
53.9116 -145.203
55.2377 -145.203
55.2377 -145.203
55.2377 -145.203
55.2377 -145.203
55.2377 -145.203
55.2377 -145.203
55.2377 -145.203
55.2377 -145.203
55.2377 -145.203
55.2377 -145.203
55.2377 -145.203
53.3764 -145.203
54.8092 -145.203
55.2377 -145.203
55.2377 -145.203
55.2377 -145.203
55.2377 -145.203
55.2377 -145.203
55.2377 -145.203
54.0731 -145.203
54.7386 -145.203
55.2377 -145.203
45.512 -145.203
45.5307 -145.203
55.7552 -145.203
54.1094 -145.203
53.8658 -145.203
55.2377 -145.203
55.2377 -145.203
55.2377 -145.203
55.2377 -145.203
55.2377 -145.203
55.2377 -145.203
55.2377 -145.203
55.2377 -145.203
55.2377 -145.203
55.2377 -145.203
55.2377 -145.203
55.2377 -145.203
55.2377 -145.203
55.2377 -145.203
45.7963 -145.203
45.512 -145.203
54.0627 -145.203
54.5699 -145.203
55.2377 -145.203
55.2377 -145.203
53.7917 -145.203
53.6845 -145.203
55.2377 -145.203
55.2377 -145.203
55.2377 -145.203
55.2377 -145.203
55.2377 -145.203
53.4172 -145.203
54.6845 -145.203
55.2377 -145.203
55.2377 -145.203
55.2377 -145.203
55.2377 -145.203
55.2377 -145.203
55.2179 -145.203
53.6595 -145.203
55.2377 -145.203
55.2377 -145.203
55.2377 -145.203
55.2377 -145.203
55.2377 -145.203
55.2377 -145.203
55.2377 -145.203
55.2377 -145.203
55.2377 -145.203
54.0135 -145.203
53.6927 -145.203
55.2377 -145.203
53.8606 -145.203
53.8987 -145.203
54.4336 -145.203
55.2377 -145.203
55.2377 -145.203
55.2377 -145.203
55.2377 -145.203
55.2377 -145.203
55.2377 -145.203
53.2721 -145.203
53.9264 -145.203
55.2377 -145.203
55.2377 -145.203
55.2377 -145.203
55.2377 -145.203
55.2377 -145.203
55.2377 -145.203
55.2377 -145.203
55.2377 -145.203
55.2377 -145.203
55.2377 -145.203
55.2377 -145.203
55.2377 -145.203
55.2377 -145.203
55.2377 -145.203
55.2377 -145.203
55.2377 -145.203
55.2377 -145.203
55.2377 -145.203
54.2919 -145.203
54.204 -145.203
55.2377 -145.203
55.2377 -145.203
55.2377 -145.203
55.2377 -145.203
55.2377 -145.203
55.2377 -145.203
55.2377 -145.203
55.2377 -145.203
55.2377 -145.203
55.2377 -145.203
55.2377 -145.203
55.2377 -145.203
55.2377 -145.203
55.2377 -145.203
53.8784 -145.203
55.0158 -145.203
55.2377 -145.203
55.2377 -145.203
55.2377 -145.203
55.2377 -145.203
55.2377 -145.203
55.2377 -145.203
55.2377 -145.203
55.2377 -145.203
55.2377 -145.203
55.2377 -145.203
55.2377 -145.203
53.9767 -145.203
55.1365 -145.203
55.2377 -145.203
54.8369 -145.203
54.0876 -145.203
54.4349 -145.203
55.2377 -145.203
55.2377 -145.203
55.2377 -145.203
55.2377 -145.203
55.2377 -145.203
55.2377 -145.203
55.2377 -145.203
55.2377 -145.203
55.2377 -145.203
55.2377 -145.203
55.2377 -145.203
54.1301 -145.203
54.0135 -145.203
55.2377 -145.203
55.2377 -145.203
55.2377 -145.203
55.2377 -145.203
55.2377 -145.203
55.2377 -145.203
55.2377 -145.203
55.2377 -145.203
55.2377 -145.203
55.2377 -145.203
55.2377 -145.203
55.2377 -145.203
55.2377 -145.203
55.2377 -145.203
55.2377 -145.203
55.2377 -145.203
55.2377 -145.203
53.2452 -145.203
55.1739 -145.203
55.2377 -145.203
55.2377 -145.203
55.2377 -145.203
55.2377 -145.203
55.2377 -145.203
55.2377 -145.203
55.2377 -145.203
55.2377 -145.203
55.2377 -145.203
55.2377 -145.203
55.2377 -145.203
55.2377 -145.203
55.2377 -145.203
55.2377 -145.203
55.2377 -145.203
55.2377 -145.203
55.2377 -145.203
52.6587 -145.203
52.6591 -145.203
55.2377 -145.203
55.2377 -145.203
55.2377 -145.203
55.2377 -145.203
55.2377 -145.203
55.2377 -145.203
55.2377 -145.203
55.2377 -145.203
55.2377 -145.203
55.2377 -145.203
55.2377 -145.203
55.2377 -145.203
55.2377 -145.203
55.2377 -145.203
55.2377 -145.203
55.2377 -145.203
54.9112 -145.203
54.7722 -145.203
55.2377 -145.203
55.2377 -145.203
55.2377 -145.203
55.2377 -145.203
55.2377 -145.203
55.2377 -145.203
55.2377 -145.203
55.2377 -145.203
55.2377 -145.203
55.2377 -145.203
55.2377 -145.203
55.2377 -145.203
55.2377 -145.203
55.2377 -145.203
55.2377 -145.203
55.2377 -145.203
55.2377 -145.203
53.7772 -145.203
55.194 -145.203
55.2377 -145.203
55.2377 -145.203
55.2377 -145.203
55.2377 -145.203
55.2377 -145.203
55.2377 -145.203
55.2377 -145.203
55.2377 -145.203
55.2377 -145.203
55.2377 -145.203
55.2377 -145.203
55.2377 -145.203
55.2377 -145.203
55.2377 -145.203
55.2377 -145.203
55.2377 -145.203
55.2377 -145.203
55.2377 -145.203
55.2377 -145.203
55.2377 -145.203
55.2377 -145.203
55.2377 -145.203
55.2377 -145.203
55.2377 -145.203
55.2377 -145.203
55.2377 -145.203
55.2377 -145.203
55.2377 -145.203
55.2377 -145.203
55.0958 -145.203
55.2378 -145.203
55.2377 -145.203
55.2377 -145.203
55.2377 -145.203
55.2377 -145.203
55.2377 -145.203
54.4406 -145.203
54.5699 -145.203
55.2377 -145.203
55.2377 -145.203
55.2377 -145.203
55.2377 -145.203
55.2377 -145.203
55.2377 -145.203
55.2377 -145.203
55.2377 -145.203
55.2377 -145.203
55.2377 -145.203
55.2377 -145.203
55.2377 -145.203
55.2377 -145.203
55.2377 -145.203
55.2377 -145.203
55.2377 -145.203
55.2377 -145.203
55.2377 -145.203
55.2377 -145.203
55.2377 -145.203
55.2377 -145.203
55.2377 -145.203
55.2377 -145.203
55.2377 -145.203
52.6587 -145.203
55.2377 -145.203
54.095 -145.203
53.6299 -145.203
55.2377 -145.203
55.2377 -145.203
55.2377 -145.203
55.2377 -145.203
54.9055 -145.203
53.9455 -145.203
55.2377 -145.203
55.2377 -145.203
55.2377 -145.203
55.2377 -145.203
55.2377 -145.203
55.2377 -145.203
55.2377 -145.203
55.2377 -145.203
55.2502 -145.203
52.0419 -145.203
55.2377 -145.203
55.2377 -145.203
55.2377 -145.203
54.073 -145.203
55.2377 -145.203
55.2377 -145.203
55.2377 -145.203
55.2377 -145.203
55.2377 -145.203
55.2377 -145.203
55.2377 -145.203
55.2377 -145.203
55.2377 -145.203
55.2377 -145.203
55.2377 -145.203
55.2377 -145.203
55.2377 -145.203
55.2377 -145.203
55.2377 -145.203
55.2377 -145.203
55.2377 -145.203
55.2377 -145.203
55.2377 -145.203
55.2377 -145.203
55.2377 -145.203
55.2377 -145.203
55.2377 -145.203
55.2377 -145.203
55.2377 -145.203
53.7917 -145.203
55.2377 -145.203
55.2377 -145.203
55.2377 -145.203
55.2377 -145.203
55.2377 -145.203
55.2377 -145.203
55.2377 -145.203
55.2377 -145.203
54.3791 -145.203
54.8494 -145.203
55.2377 -145.203
55.2377 -145.203
55.2377 -145.203
55.2377 -145.203
55.2377 -145.203
55.2377 -145.203
55.2377 -145.203
53.8288 -145.203
54.0142 -145.203
55.2377 -145.203
55.2377 -145.203
55.2377 -145.203
55.2377 -145.203
55.2377 -145.203
55.2377 -145.203
55.2377 -145.203
55.2377 -145.203
55.2377 -145.203
55.2377 -145.203
53.3543 -145.203
54.3239 -145.203
55.2377 -145.203
55.2377 -145.203
55.2377 -145.203
55.2377 -145.203
55.5212 -145.203
53.0213 -145.203
55.2377 -145.203
55.2377 -145.203
55.2377 -145.203
55.2377 -145.203
55.2377 -145.203
55.2377 -145.203
55.2377 -145.203
53.4962 -145.203
49.4824 -145.203
54.4562 -145.203
55.2377 -145.203
55.2377 -145.203
55.2377 -145.203
55.2377 -145.203
55.2377 -145.203
55.2377 -145.203
55.2377 -145.203
55.2377 -145.203
55.2377 -145.203
55.2377 -145.203
55.2377 -145.203
55.2377 -145.203
54.9734 -145.203
54.3252 -145.203
55.2377 -145.203
55.2377 -145.203
55.2377 -145.203
55.2377 -145.203
55.2377 -145.203
55.2377 -145.203
55.2377 -145.203
55.2377 -145.203
55.4951 -145.203
55.3699 -145.203
55.2377 -145.203
55.2377 -145.203
55.2377 -145.203
55.2377 -145.203
55.2377 -145.203
55.2377 -145.203
55.2377 -145.203
55.2377 -145.203
52.595 -145.203
53.8658 -145.203
55.2377 -145.203
55.2377 -145.203
55.2377 -145.203
55.2377 -145.203
55.2377 -145.203
55.2377 -145.203
55.2377 -145.203
55.2377 -145.203
55.2377 -145.203
54.9554 -145.203
55.466 -145.203
55.2377 -145.203
55.2377 -145.203
55.2377 -145.203
55.6448 -145.203
55.3657 -145.203
55.2377 -145.203
55.2377 -145.203
55.2377 -145.203
55.2377 -145.203
55.2377 -145.203
55.2377 -145.203
55.2377 -145.203
55.2377 -145.203
55.2377 -145.203
55.2377 -145.203
55.2377 -145.203
55.2377 -145.203
55.2377 -145.203
55.2377 -145.203
55.2377 -145.203
55.2377 -145.203
55.2377 -145.203
55.2377 -145.203
55.2377 -145.203
55.2377 -145.203
55.2377 -145.203
55.2377 -145.203
55.2377 -145.203
55.2377 -145.203
55.2377 -145.203
55.2377 -145.203
55.2377 -145.203
55.2377 -145.203
54.3306 -145.203
53.9571 -145.203
55.2377 -145.203
55.2377 -145.203
55.2377 -145.203
55.2377 -145.203
55.2377 -145.203
55.2377 -145.203
55.2377 -145.203
55.2377 -145.203
55.2377 -145.203
55.2377 -145.203
55.2377 -145.203
55.2377 -145.203
55.2377 -145.203
55.2377 -145.203
55.2377 -145.203
55.2377 -145.203
55.2377 -145.203
55.2377 -145.203
55.2377 -145.203
55.2377 -145.203
55.2377 -145.203
55.2377 -145.203
55.2377 -145.203
53.9428 -145.203
51.1082 -145.203
53.761 -145.203
55.2377 -145.203
55.2377 -145.203
55.2377 -145.203
54.2021 -145.203
54.1605 -145.203
55.2377 -145.203
55.2377 -145.203
55.2377 -145.203
55.2377 -145.203
55.2377 -145.203
55.2377 -145.203
55.2377 -145.203
55.2377 -145.203
55.2377 -145.203
55.2377 -145.203
55.2377 -145.203
55.2377 -145.203
55.2377 -145.203
55.2377 -145.203
55.2377 -145.203
55.2377 -145.203
55.2377 -145.203
55.2377 -145.203
55.2377 -145.203
55.2377 -145.203
55.2377 -145.203
55.2377 -145.203
55.2377 -145.203
55.2377 -145.203
55.2377 -145.203
55.2377 -145.203
55.2377 -145.203
55.2377 -145.203
55.2377 -145.203
55.2377 -145.203
55.2377 -145.203
55.2377 -145.203
55.2377 -145.203
55.2377 -145.203
55.2377 -145.203
55.2377 -145.203
55.2377 -145.203
55.2377 -145.203
55.2377 -145.203
55.2377 -145.203
55.2377 -145.203
55.2377 -145.203
55.2377 -145.203
55.2377 -145.203
55.2377 -145.203
55.2377 -145.203
55.2377 -145.203
55.2377 -145.203
55.2377 -145.203
55.2377 -145.203
52.7876 -145.203
54.1394 -145.203
54.3478 -145.203
54.1545 -145.203
55.2377 -145.203
53.484 -145.203
53.161 -145.203
54.0135 -145.203
50.9914 -145.203
55.2377 -145.203
55.2377 -145.203
55.2377 -145.203
55.2377 -145.203
53.5769 -145.203
53.5053 -145.203
55.2377 -145.203
55.3186 -145.203
54.1709 -145.203
55.7812 -145.203
53.3497 -145.203
55.2377 -145.203
53.356 -145.203
55.2377 -145.203
55.2377 -145.203
55.2377 -145.203
55.2377 -145.203
55.2377 -145.203
55.2377 -145.203
55.2377 -145.203
55.2377 -145.203
54.4459 -145.203
54.0135 -145.203
55.2377 -145.203
55.2377 -145.203
55.2377 -145.203
55.2377 -145.203
55.2377 -145.203
55.2377 -145.203
53.6595 -145.203
53.6656 -145.203
55.2377 -145.203
55.2377 -145.203
55.2377 -145.203
54.0135 -145.203
54.6475 -145.203
55.2377 -145.203
55.2377 -145.203
55.2377 -145.203
55.2377 -145.203
55.2377 -145.203
55.2377 -145.203
55.2377 -145.203
55.2377 -145.203
55.2377 -145.203
55.2377 -145.203
55.2377 -145.203
55.2377 -145.203
55.2377 -145.203
55.2377 -145.203
55.2377 -145.203
55.2377 -145.203
55.2377 -145.203
55.2377 -145.203
55.2377 -145.203
55.2377 -145.203
55.2377 -145.203
55.2377 -145.203
55.2377 -145.203
55.2377 -145.203
55.2377 -145.203
55.2377 -145.203
55.2377 -145.203
55.2377 -145.203
54.7007 -145.203
55.1386 -145.203
55.2377 -145.203
55.2377 -145.203
55.2377 -145.203
55.2377 -145.203
55.2377 -145.203
55.2377 -145.203
55.4999 -145.203
55.2377 -145.203
55.2377 -145.203
54.1544 -145.203
54.7324 -145.203
55.2377 -145.203
55.2377 -145.203
55.2377 -145.203
52.626 -145.203
54.8696 -145.203
55.2377 -145.203
55.2377 -145.203
55.2377 -145.203
55.2377 -145.203
55.2377 -145.203
55.2377 -145.203
54.7751 -145.203
55.057 -145.203
55.2377 -145.203
55.2377 -145.203
55.2377 -145.203
55.2377 -145.203
55.2377 -145.203
55.2377 -145.203
55.2377 -145.203
55.2377 -145.203
55.2377 -145.203
55.2377 -145.203
55.2377 -145.203
55.2377 -145.203
55.2377 -145.203
55.2377 -145.203
55.2377 -145.203
55.2377 -145.203
53.8658 -145.203
54.8593 -145.203
53.7917 -145.203
55.0762 -145.203
55.2377 -145.203
55.2377 -145.203
55.2377 -145.203
55.2377 -145.203
55.2377 -145.203
55.4951 -145.203
54.1355 -145.203
55.2377 -145.203
55.2377 -145.203
55.2377 -145.203
55.2377 -145.203
55.2377 -145.203
55.2377 -145.203
55.2377 -145.203
55.2377 -145.203
55.2377 -145.203
55.2377 -145.203
55.2377 -145.203
55.2377 -145.203
55.2377 -145.203
55.2377 -145.203
55.2377 -145.203
54.5379 -145.203
53.1895 -145.203
55.2377 -145.203
55.2377 -145.203
55.2377 -145.203
55.2377 -145.203
55.2377 -145.203
54.5752 -145.203
54.7594 -145.203
55.2377 -145.203
55.2377 -145.203
55.2377 -145.203
55.2377 -145.203
55.2377 -145.203
55.2377 -145.203
55.2377 -145.203
55.2377 -145.203
55.2377 -145.203
55.2377 -145.203
55.2377 -145.203
55.2377 -145.203
55.2377 -145.203
55.2377 -145.203
55.2377 -145.203
55.2377 -145.203
55.2377 -145.203
55.2377 -145.203
55.2377 -145.203
52.2073 -145.203
51.6613 -145.203
55.2377 -145.203
55.2377 -145.203
55.2377 -145.203
55.2377 -145.203
55.2377 -145.203
55.2377 -145.203
52.892 -145.203
53.0851 -145.203
55.2377 -145.203
55.2377 -145.203
55.2377 -145.203
55.2377 -145.203
55.2377 -145.203
52.892 -145.203
55.1768 -145.203
54.0135 -145.203
54.2245 -145.203
55.2377 -145.203
55.2377 -145.203
55.2377 -145.203
55.2377 -145.203
55.2377 -145.203
55.2377 -145.203
55.6751 -145.203
55.4323 -145.203
55.2377 -145.203
55.2377 -145.203
55.2377 -145.203
55.2377 -145.203
55.2377 -145.203
55.2377 -145.203
55.2377 -145.203
54.7055 -145.203
54.7055 -145.203
55.2377 -145.203
55.2377 -145.203
55.2377 -145.203
55.2377 -145.203
55.2377 -145.203
55.2377 -145.203
55.2377 -145.203
55.2377 -145.203
55.2377 -145.203
55.2377 -145.203
55.2377 -145.203
55.2377 -145.203
55.2377 -145.203
55.2377 -145.203
55.2377 -145.203
55.2377 -145.203
55.2377 -145.203
55.2377 -145.203
55.2377 -145.203
55.2377 -145.203
55.2377 -145.203
55.2377 -145.203
55.2377 -145.203
55.2377 -145.203
55.2377 -145.203
55.2377 -145.203
55.2377 -145.203
55.2377 -145.203
55.2377 -145.203
55.2377 -145.203
55.2377 -145.203
55.3638 -145.203
55.0866 -145.203
55.2377 -145.203
55.2377 -145.203
55.2377 -145.203
55.2377 -145.203
55.2377 -145.203
55.0762 -145.203
54.7055 -145.203
55.2377 -145.203
55.2377 -145.203
55.2377 -145.203
55.2377 -145.203
55.2377 -145.203
55.2377 -145.203
55.2377 -145.203
55.2377 -145.203
55.2377 -145.203
55.2377 -145.203
55.2377 -145.203
55.2377 -145.203
55.2377 -145.203
55.2377 -145.203
53.9127 -145.203
52.911 -145.203
55.2377 -145.203
55.2377 -145.203
55.2377 -145.203
55.2377 -145.203
55.2377 -145.203
55.2377 -145.203
55.2377 -145.203
55.2377 -145.203
55.2377 -145.203
55.2377 -145.203
55.2377 -145.203
55.2377 -145.203
55.2377 -145.203
55.2377 -145.203
55.2377 -145.203
55.2377 -145.203
55.2377 -145.203
55.2377 -145.203
55.2377 -145.203
55.2377 -145.203
55.2377 -145.203
55.2377 -145.203
55.2377 -145.203
55.2377 -145.203
55.2377 -145.203
55.2377 -145.203
55.2377 -145.203
55.2377 -145.203
55.2377 -145.203
55.2377 -145.203
55.2377 -145.203
55.2377 -145.203
55.2377 -145.203
55.2377 -145.203
55.2377 -145.203
55.2377 -145.203
55.2377 -145.203
55.2377 -145.203
55.2377 -145.203
55.2377 -145.203
55.2377 -145.203
55.2377 -145.203
55.2377 -145.203
55.2377 -145.203
55.2377 -145.203
55.2377 -145.203
55.2377 -145.203
55.2377 -145.203
55.2377 -145.203
55.2377 -145.203
54.1293 -145.203
53.7917 -145.203
54.4188 -145.203
55.2377 -145.203
55.1736 -145.203
54.8995 -145.203
55.2377 -145.203
55.2377 -145.203
55.2377 -145.203
55.2377 -145.203
55.2377 -145.203
52.892 -145.203
53.7569 -145.203
55.2377 -145.203
55.2377 -145.203
55.2377 -145.203
55.2377 -145.203
55.2377 -145.203
55.2377 -145.203
55.2377 -145.203
55.2377 -145.203
54.1301 -145.203
54.4099 -145.203
55.2377 -145.203
52.4906 -145.203
52.892 -145.203
52.6587 -145.203
55.2377 -145.203
55.2377 -145.203
55.2377 -145.203
55.2377 -145.203
55.2377 -145.203
55.2377 -145.203
55.2377 -145.203
55.1129 -145.203
55.2377 -145.203
55.2377 -145.203
55.2377 -145.203
55.2377 -145.203
55.2377 -145.203
55.2377 -145.203
55.2377 -145.203
55.2377 -145.203
55.2377 -145.203
55.2377 -145.203
55.2377 -145.203
55.1544 -145.203
54.2697 -145.203
55.2377 -145.203
55.2377 -145.203
55.2377 -145.203
55.2377 -145.203
55.2377 -145.203
55.2377 -145.203
55.2377 -145.203
55.2377 -145.203
55.2377 -145.203
55.2377 -145.203
55.2377 -145.203
55.2377 -145.203
55.2377 -145.203
55.2377 -145.203
55.2377 -145.203
53.5679 -145.203
55.2377 -145.203
55.2377 -145.203
55.2377 -145.203
55.2377 -145.203
55.2377 -145.203
55.2377 -145.203
55.2377 -145.203
55.2377 -145.203
54.5501 -145.203
55.4989 -145.203
42.5617 -145.203
55.2377 -145.203
55.2377 -145.203
55.2377 -145.203
55.2377 -145.203
55.2377 -145.203
55.2377 -145.203
55.2377 -145.203
55.2377 -145.203
55.2377 -145.203
55.2377 -145.203
55.2377 -145.203
55.2377 -145.203
55.2377 -145.203
55.2377 -145.203
55.2377 -145.203
55.2377 -145.203
55.2377 -145.203
55.2377 -145.203
55.2377 -145.203
55.2377 -145.203
55.2377 -145.203
55.2377 -145.203
55.2377 -145.203
54.857 -145.203
54.9735 -145.203
55.2377 -145.203
54.1297 -145.203
54.0925 -145.203
54.3325 -145.203
55.6798 -145.203
55.2377 -145.203
55.2377 -145.203
55.2377 -145.203
55.2377 -145.203
55.2377 -145.203
55.2377 -145.203
55.2377 -145.203
55.2377 -145.203
55.2377 -145.203
55.2377 -145.203
55.2377 -145.203
55.2377 -145.203
55.2377 -145.203
55.2377 -145.203
55.2377 -145.203
54.9118 -145.203
55.2091 -145.203
55.2377 -145.203
55.2377 -145.203
55.2377 -145.203
55.2377 -145.203
55.2377 -145.203
55.2377 -145.203
55.2377 -145.203
55.2377 -145.203
55.2377 -145.203
55.2377 -145.203
55.2377 -145.203
55.2377 -145.203
46.2041 -145.203
45.7931 -145.203
55.2377 -145.203
55.2377 -145.203
55.2377 -145.203
55.2377 -145.203
53.3207 -145.203
54.711 -145.203
53.8115 -145.203
55.2377 -145.203
53.0447 -145.203
55.143 -145.203
55.2377 -145.203
55.2377 -145.203
55.2377 -145.203
55.2377 -145.203
55.2377 -145.203
55.2377 -145.203
55.2377 -145.203
55.2377 -145.203
55.2377 -145.203
54.7211 -145.203
54.075 -145.203
55.2377 -145.203
55.2377 -145.203
55.2377 -145.203
55.2377 -145.203
55.2377 -145.203
55.2377 -145.203
55.2377 -145.203
53.7917 -145.203
55.3941 -145.203
55.2377 -145.203
55.2377 -145.203
55.2377 -145.203
55.2377 -145.203
55.2377 -145.203
55.2377 -145.203
55.2377 -145.203
55.2377 -145.203
52.892 -145.203
55.471 -145.203
55.3638 -145.203
50.5027 -145.203
55.0866 -145.203
55.2377 -145.203
55.2377 -145.203
55.2377 -145.203
55.2377 -145.203
55.2377 -145.203
55.2377 -145.203
53.7917 -145.203
55.2377 -145.203
55.2377 -145.203
55.2377 -145.203
54.7706 -145.203
52.892 -145.203
55.2377 -145.203
55.2377 -145.203
54.4216 -145.203
55.2719 -145.203
55.2377 -145.203
55.2377 -145.203
52.7876 -145.203
55.5754 -145.203
55.2377 -145.203
55.2377 -145.203
55.2377 -145.203
53.6176 -145.203
54.1968 -145.203
55.2377 -145.203
55.2377 -145.203
55.2377 -145.203
55.2377 -145.203
55.2377 -145.203
55.2377 -145.203
53.9295 -145.203
52.6357 -145.203
55.2345 -145.203
55.2377 -145.203
55.2377 -145.203
55.2377 -145.203
55.2377 -145.203
55.2377 -145.203
55.2377 -145.203
55.2377 -145.203
55.2377 -145.203
55.2377 -145.203
55.2377 -145.203
55.2377 -145.203
55.2377 -145.203
55.3662 -145.203
55.6798 -145.203
55.2377 -145.203
55.2377 -145.203
55.2377 -145.203
55.2377 -145.203
55.2377 -145.203
55.2377 -145.203
54.5299 -145.203
54.414 -145.203
53.1152 -145.203
55.2953 -145.203
55.2377 -145.203
55.2377 -145.203
55.2377 -145.203
54.2108 -145.203
55.911 -145.203
54.2031 -145.203
53.5277 -145.203
55.2377 -145.203
55.2377 -145.203
55.2377 -145.203
55.2377 -145.203
55.2377 -145.203
55.2377 -145.203
55.2377 -145.203
55.2377 -145.203
55.2377 -145.203
55.2377 -145.203
55.2377 -145.203
55.2377 -145.203
55.2377 -145.203
55.2377 -145.203
55.2377 -145.203
55.2377 -145.203
55.2377 -145.203
55.2377 -145.203
55.2377 -145.203
55.2377 -145.203
55.2377 -145.203
55.2377 -145.203
54.4277 -145.203
55.0413 -145.203
55.2377 -145.203
55.2377 -145.203
55.2377 -145.203
55.2377 -145.203
55.2377 -145.203
55.2377 -145.203
55.2377 -145.203
55.2377 -145.203
53.5519 -145.203
53.8248 -145.203
55.2377 -145.203
55.2377 -145.203
45.7963 -145.203
44.8386 -145.203
53.8865 -145.203
53.0227 -145.203
55.3858 -145.203
55.3421 -145.203
55.2377 -145.203
55.2377 -145.203
55.2377 -145.203
55.2377 -145.203
55.2377 -145.203
55.2377 -145.203
55.2377 -145.203
54.0551 -145.203
52.514 -145.203
55.2377 -145.203
55.2377 -145.203
55.2377 -145.203
55.2377 -145.203
55.2377 -145.203
55.6335 -145.203
54.9667 -145.203
55.2377 -145.203
55.2377 -145.203
55.2377 -145.203
53.2798 -145.203
53.3656 -145.203
55.2377 -145.203
55.2377 -145.203
55.2377 -145.203
55.2377 -145.203
55.2377 -145.203
55.2377 -145.203
55.2377 -145.203
52.3209 -145.203
52.892 -145.203
55.2377 -145.203
55.2377 -145.203
55.2377 -145.203
55.2377 -145.203
55.2377 -145.203
55.2377 -145.203
55.2377 -145.203
55.2377 -145.203
55.2377 -145.203
55.2377 -145.203
55.2377 -145.203
55.2377 -145.203
55.2377 -145.203
55.0299 -145.203
54.7474 -145.203
55.2377 -145.203
55.2377 -145.203
55.2377 -145.203
55.2377 -145.203
55.2377 -145.203
55.2377 -145.203
55.2377 -145.203
55.2377 -145.203
53.7293 -145.203
53.6656 -145.203
55.2377 -145.203
55.2377 -145.203
55.2377 -145.203
55.2377 -145.203
54.4627 -145.203
54.5989 -145.203
54.2031 -145.203
54.0159 -145.203
53.6759 -145.203
55.2377 -145.203
55.2377 -145.203
55.2377 -145.203
55.2377 -145.203
55.2377 -145.203
54.8723 -145.203
53.5654 -145.203
55.2377 -145.203
55.2377 -145.203
55.2377 -145.203
55.2377 -145.203
55.2377 -145.203
55.2377 -145.203
55.2377 -145.203
55.2377 -145.203
55.2377 -145.203
55.2377 -145.203
55.2377 -145.203
55.2377 -145.203
55.2377 -145.203
54.8029 -145.203
53.9752 -145.203
55.2377 -145.203
55.2377 -145.203
55.2377 -145.203
55.1793 -145.203
55.111 -145.203
55.2377 -145.203
55.2377 -145.203
55.2377 -145.203
55.2377 -145.203
55.2377 -145.203
55.2377 -145.203
53.3764 -145.203
53.1431 -145.203
55.2377 -145.203
55.2377 -145.203
55.2377 -145.203
55.2377 -145.203
55.2377 -145.203
55.2377 -145.203
55.2377 -145.203
55.2377 -145.203
55.2377 -145.203
55.2377 -145.203
55.2377 -145.203
55.2377 -145.203
55.2377 -145.203
55.2377 -145.203
55.2377 -145.203
53.6854 -145.203
55.6439 -145.203
53.6989 -145.203
55.6334 -145.203
55.2377 -145.203
55.2377 -145.203
55.2377 -145.203
55.2377 -145.203
55.2377 -145.203
55.2377 -145.203
55.2377 -145.203
55.2377 -145.203
55.2377 -145.203
55.2377 -145.203
55.2377 -145.203
55.2377 -145.203
55.2377 -145.203
54.9735 -145.203
54.0042 -145.203
55.2377 -145.203
55.2377 -145.203
55.2377 -145.203
55.2377 -145.203
55.2377 -145.203
55.2377 -145.203
54.2918 -145.203
55.2377 -145.203
55.2377 -145.203
55.2377 -145.203
55.2377 -145.203
55.2377 -145.203
55.2377 -145.203
55.2377 -145.203
55.2377 -145.203
55.2377 -145.203
55.2377 -145.203
55.2377 -145.203
55.2377 -145.203
55.2377 -145.203
55.2377 -145.203
55.2377 -145.203
55.2377 -145.203
54.1934 -145.203
53.1429 -145.203
55.2377 -145.203
53.6237 -145.203
53.3764 -145.203
54.397 -145.203
54.2202 -145.203
54.7946 -145.203
55.2377 -145.203
55.2377 -145.203
55.2377 -145.203
55.2377 -145.203
55.6298 -145.203
55.5 -145.203
55.2377 -145.203
55.2377 -145.203
55.2377 -145.203
55.2377 -145.203
55.2377 -145.203
55.2377 -145.203
55.2377 -145.203
55.2377 -145.203
55.2377 -145.203
55.2377 -145.203
55.2377 -145.203
55.2377 -145.203
55.2377 -145.203
55.2377 -145.203
54.9097 -145.203
54.8745 -145.203
55.2377 -145.203
55.2377 -145.203
55.2377 -145.203
55.2377 -145.203
55.2377 -145.203
55.2377 -145.203
55.2377 -145.203
55.2377 -145.203
55.2377 -145.203
55.2377 -145.203
55.2377 -145.203
55.2377 -145.203
55.2377 -145.203
55.2377 -145.203
55.2377 -145.203
55.2377 -145.203
55.2377 -145.203
55.1109 -145.203
54.1497 -145.203
54.0135 -145.203
55.2377 -145.203
55.2377 -145.203
55.2377 -145.203
55.2377 -145.203
55.2377 -145.203
55.2377 -145.203
55.2377 -145.203
55.2377 -145.203
55.2377 -145.203
55.2377 -145.203
55.2377 -145.203
55.2377 -145.203
52.892 -145.203
54.2035 -145.203
55.2377 -145.203
55.2377 -145.203
55.2377 -145.203
55.2376 -145.203
54.4557 -145.203
54.9293 -145.203
55.2377 -145.203
55.2377 -145.203
55.2377 -145.203
55.2377 -145.203
55.2377 -145.203
55.2377 -145.203
55.2377 -145.203
52.892 -145.203
54.1756 -145.203
55.2377 -145.203
55.2377 -145.203
55.2377 -145.203
52.892 -145.203
54.9637 -145.203
55.2377 -145.203
55.2377 -145.203
55.2377 -145.203
55.2377 -145.203
55.2377 -145.203
53.5532 -145.203
53.3803 -145.203
55.2377 -145.203
55.2377 -145.203
55.2377 -145.203
55.2377 -145.203
55.2377 -145.203
55.2377 -145.203
55.2377 -145.203
55.2377 -145.203
55.2377 -145.203
55.2377 -145.203
55.2377 -145.203
55.2377 -145.203
55.2377 -145.203
55.2377 -145.203
55.2377 -145.203
55.2377 -145.203
55.2377 -145.203
55.2377 -145.203
55.2377 -145.203
55.2377 -145.203
55.2377 -145.203
55.2377 -145.203
55.2377 -145.203
55.2377 -145.203
55.2377 -145.203
55.2377 -145.203
55.2377 -145.203
55.2377 -145.203
55.2377 -145.203
55.2377 -145.203
55.2377 -145.203
54.9949 -145.203
54.5189 -145.203
55.2377 -145.203
55.2377 -145.203
55.2377 -145.203
55.2377 -145.203
55.2377 -145.203
55.2377 -145.203
55.2377 -145.203
55.2377 -145.203
55.2377 -145.203
55.2377 -145.203
55.2377 -145.203
55.2377 -145.203
52.6587 -145.203
54.1595 -145.203
55.2377 -145.203
55.2377 -145.203
55.2377 -145.203
55.2377 -145.203
55.2377 -145.203
55.2377 -145.203
55.2377 -145.203
55.2377 -145.203
55.2377 -145.203
55.2377 -145.203
54.0305 -145.203
53.8005 -145.203
55.2377 -145.203
55.2377 -145.203
55.2377 -145.203
55.2377 -145.203
55.2377 -145.203
55.2377 -145.203
55.2377 -145.203
55.2377 -145.203
55.2377 -145.203
55.2377 -145.203
55.2377 -145.203
55.2377 -145.203
55.2377 -145.203
55.2377 -145.203
54.1599 -145.203
55.0446 -145.203
55.2377 -145.203
55.2377 -145.203
55.2377 -145.203
55.2377 -145.203
55.2377 -145.203
55.2377 -145.203
55.3313 -145.203
54.9544 -145.203
55.2377 -145.203
55.2377 -145.203
55.2315 -145.203
53.2987 -145.203
55.2377 -145.203
55.2377 -145.203
55.2377 -145.203
55.2377 -145.203
55.2377 -145.203
53.1865 -145.203
53.411 -145.203
55.2377 -145.203
55.2377 -145.203
55.2377 -145.203
55.2377 -145.203
55.2377 -145.203
52.3209 -145.203
52.6587 -145.203
55.2377 -145.203
55.2377 -145.203
55.2377 -145.203
55.2377 -145.203
55.2377 -145.203
55.2377 -145.203
55.2377 -145.203
55.2377 -145.203
55.2377 -145.203
55.2377 -145.203
55.2377 -145.203
55.2377 -145.203
55.2377 -145.203
55.2377 -145.203
55.2377 -145.203
55.2377 -145.203
55.2377 -145.203
55.2377 -145.203
55.2377 -145.203
55.2377 -145.203
55.2377 -145.203
55.2377 -145.203
55.2377 -145.203
55.2377 -145.203
55.2377 -145.203
55.2377 -145.203
52.892 -145.203
52.5543 -145.203
55.2377 -145.203
55.2377 -145.203
54.8726 -145.203
55.0577 -145.203
55.2377 -145.203
55.2377 -145.203
55.2377 -145.203
55.2377 -145.203
55.2377 -145.203
53.8168 -145.203
54.0665 -145.203
55.2377 -145.203
55.2377 -145.203
55.2377 -145.203
55.2377 -145.203
55.2377 -145.203
55.2377 -145.203
55.2377 -145.203
55.2377 -145.203
55.2377 -145.203
55.2377 -145.203
55.2377 -145.203
55.2377 -145.203
54.8273 -145.203
53.9428 -145.203
55.2377 -145.203
55.2377 -145.203
55.2377 -145.203
55.2377 -145.203
55.2377 -145.203
55.2377 -145.203
55.2377 -145.203
55.2377 -145.203
55.2377 -145.203
55.2377 -145.203
55.2377 -145.203
55.2377 -145.203
55.2377 -145.203
55.2377 -145.203
55.2377 -145.203
55.2377 -145.203
55.2377 -145.203
55.2377 -145.203
55.2377 -145.203
55.2377 -145.203
55.2377 -145.203
55.2377 -145.203
55.2377 -145.203
55.2377 -145.203
55.2377 -145.203
55.2377 -145.203
55.2377 -145.203
50.8476 -145.203
55.9567 -145.203
55.2377 -145.203
55.2377 -145.203
55.2377 -145.203
55.2377 -145.203
54.0136 -145.203
54.2775 -145.203
55.2377 -145.203
55.2377 -145.203
55.2377 -145.203
55.2377 -145.203
55.2377 -145.203
55.2377 -145.203
55.2377 -145.203
55.2377 -145.203
55.2377 -145.203
55.2377 -145.203
55.2377 -145.203
54.2866 -145.203
55.2377 -145.203
55.2377 -145.203
55.2377 -145.203
55.2377 -145.203
55.2377 -145.203
55.2377 -145.203
55.2377 -145.203
55.2377 -145.203
55.2377 -145.203
55.2377 -145.203
55.2377 -145.203
55.2377 -145.203
55.2377 -145.203
55.2377 -145.203
55.2377 -145.203
55.2377 -145.203
55.2377 -145.203
55.2377 -145.203
55.2377 -145.203
55.2377 -145.203
55.2377 -145.203
55.2377 -145.203
55.2377 -145.203
54.3557 -145.203
54.0136 -145.203
55.2377 -145.203
55.2377 -145.203
55.2377 -145.203
55.2377 -145.203
55.2377 -145.203
55.2377 -145.203
55.2377 -145.203
55.2377 -145.203
55.2377 -145.203
55.2377 -145.203
55.2377 -145.203
55.2377 -145.203
55.2377 -145.203
55.2377 -145.203
55.2377 -145.203
55.2377 -145.203
55.2377 -145.203
53.5282 -145.203
54.6427 -145.203
55.2377 -145.203
55.2377 -145.203
55.2377 -145.203
55.2377 -145.203
55.2377 -145.203
55.2377 -145.203
55.2377 -145.203
55.2377 -145.203
55.2377 -145.203
55.2377 -145.203
51.4567 -145.203
54.4886 -145.203
55.2377 -145.203
55.2377 -145.203
55.2377 -145.203
55.2377 -145.203
55.2377 -145.203
55.2491 -145.203
54.0135 -145.203
54.5746 -145.203
55.2377 -145.203
55.1109 -145.203
42.6696 -145.203
52.6587 -145.203
55.2377 -145.203
55.2377 -145.203
55.2377 -145.203
55.2377 -145.203
55.2377 -145.203
55.2377 -145.203
55.2377 -145.203
55.2377 -145.203
55.2377 -145.203
55.2377 -145.203
55.2377 -145.203
55.2377 -145.203
55.2377 -145.203
55.2377 -145.203
55.2377 -145.203
55.2377 -145.203
55.2377 -145.203
55.2377 -145.203
55.2377 -145.203
55.2377 -145.203
55.2377 -145.203
55.2377 -145.203
55.2377 -145.203
55.2377 -145.203
55.2377 -145.203
55.2377 -145.203
55.2377 -145.203
54.8751 -145.203
54.4438 -145.203
55.2377 -145.203
55.2377 -145.203
55.2377 -145.203
55.2377 -145.203
55.2377 -145.203
55.2377 -145.203
55.2377 -145.203
55.2377 -145.203
55.2377 -145.203
55.2377 -145.203
55.2377 -145.203
55.2377 -145.203
55.2377 -145.203
55.2377 -145.203
55.2377 -145.203
55.2377 -145.203
55.2377 -145.203
55.2377 -145.203
55.2377 -145.203
55.2377 -145.203
55.2377 -145.203
53.3826 -145.203
53.0922 -145.203
55.2377 -145.203
54.7205 -145.203
55.2377 -145.203
55.2377 -145.203
55.2377 -145.203
55.2377 -145.203
55.2377 -145.203
55.2377 -145.203
55.2377 -145.203
52.4854 -145.203
52.4806 -145.203
55.2377 -145.203
55.2377 -145.203
55.2377 -145.203
55.2377 -145.203
55.2377 -145.203
55.2377 -145.203
55.2377 -145.203
55.2377 -145.203
55.2377 -145.203
55.2377 -145.203
55.2377 -145.203
55.2377 -145.203
54.0958 -145.203
55.2377 -145.203
55.2377 -145.203
55.0558 -145.203
53.9571 -145.203
55.2377 -145.203
55.2377 -145.203
55.2377 -145.203
55.5754 -145.203
55.197 -145.203
55.2377 -145.203
55.2377 -145.203
55.2377 -145.203
55.2377 -145.203
55.2377 -145.203
55.2377 -145.203
55.2377 -145.203
55.2377 -145.203
55.2377 -145.203
55.2377 -145.203
55.2377 -145.203
55.3636 -145.203
54.2605 -145.203
55.2377 -145.203
55.2377 -145.203
55.2377 -145.203
55.2377 -145.203
55.2377 -145.203
55.2377 -145.203
55.2377 -145.203
55.2377 -145.203
55.2377 -145.203
55.2377 -145.203
55.2377 -145.203
55.2377 -145.203
55.2375 -145.203
55.2375 -145.203
55.2377 -145.203
55.2377 -145.203
55.2377 -145.203
55.2377 -145.203
55.2377 -145.203
55.2377 -145.203
55.2377 -145.203
55.2377 -145.203
55.2377 -145.203
54.3092 -145.203
55.2377 -145.203
55.2377 -145.203
55.2377 -145.203
55.2377 -145.203
55.2377 -145.203
55.2377 -145.203
55.2377 -145.203
55.2377 -145.203
55.2377 -145.203
55.2377 -145.203
55.2377 -145.203
55.2377 -145.203
55.2377 -145.203
55.2377 -145.203
55.2377 -145.203
55.2377 -145.203
55.2377 -145.203
55.2377 -145.203
55.2377 -145.203
55.2377 -145.203
55.2377 -145.203
55.2377 -145.203
55.2377 -145.203
55.2377 -145.203
55.2377 -145.203
55.2377 -145.203
55.2377 -145.203
55.2377 -145.203
55.2377 -145.203
55.5521 -145.203
54.2333 -145.203
55.2377 -145.203
55.2377 -145.203
55.2377 -145.203
55.2377 -145.203
55.2377 -145.203
55.2377 -145.203
55.2377 -145.203
55.2377 -145.203
55.2377 -145.203
55.2377 -145.203
55.2377 -145.203
55.2377 -145.203
55.2377 -145.203
55.2377 -145.203
55.2377 -145.203
55.2377 -145.203
55.2377 -145.203
55.2377 -145.203
55.2377 -145.203
55.2377 -145.203
55.2377 -145.203
55.2377 -145.203
55.2377 -145.203
55.2377 -145.203
54.4657 -145.203
55.2377 -145.203
55.2377 -145.203
55.2377 -145.203
55.2377 -145.203
55.2377 -145.203
55.2377 -145.203
55.2377 -145.203
55.2377 -145.203
55.2377 -145.203
55.2377 -145.203
55.2377 -145.203
55.2377 -145.203
55.2377 -145.203
55.2377 -145.203
55.4951 -145.203
53.7979 -145.203
55.2377 -145.203
55.2377 -145.203
55.2377 -145.203
55.4254 -145.203
55.5322 -145.203
55.2377 -145.203
55.2377 -145.203
55.2377 -145.203
55.2377 -145.203
55.2377 -145.203
54.9699 -145.203
53.7979 -145.203
55.2377 -145.203
55.2377 -145.203
55.2377 -145.203
55.2377 -145.203
55.2377 -145.203
55.2377 -145.203
55.2377 -145.203
55.2377 -145.203
55.2377 -145.203
55.2377 -145.203
55.2377 -145.203
53.4575 -145.203
53.238 -145.203
55.2377 -145.203
55.2377 -145.203
55.2377 -145.203
55.2377 -145.203
55.2377 -145.203
55.2377 -145.203
55.2377 -145.203
55.2377 -145.203
55.2377 -145.203
55.2377 -145.203
55.2377 -145.203
55.2377 -145.203
55.2377 -145.203
55.2377 -145.203
55.2377 -145.203
55.2377 -145.203
55.2377 -145.203
55.2377 -145.203
53.7328 -145.203
52.1953 -145.203
55.2377 -145.203
55.2377 -145.203
55.2377 -145.203
55.2377 -145.203
55.2377 -145.203
55.2377 -145.203
55.2377 -145.203
55.149 -145.203
52.892 -145.203
55.2377 -145.203
55.2377 -145.203
55.2377 -145.203
55.2377 -145.203
54.8438 -145.203
54.3335 -145.203
55.2377 -145.203
55.2377 -145.203
55.2377 -145.203
55.2377 -145.203
55.2377 -145.203
55.2377 -145.203
55.2377 -145.203
55.2377 -145.203
55.0596 -145.203
54.7762 -145.203
55.2377 -145.203
55.2377 -145.203
55.2377 -145.203
55.2377 -145.203
55.2377 -145.203
55.2377 -145.203
55.2377 -145.203
55.2377 -145.203
55.2377 -145.203
55.2377 -145.203
55.2377 -145.203
55.2377 -145.203
55.2377 -145.203
55.2377 -145.203
55.2377 -145.203
55.2377 -145.203
55.2377 -145.203
54.3967 -145.203
55.4648 -145.203
55.2377 -145.203
55.2377 -145.203
55.2377 -145.203
55.2377 -145.203
52.3209 -145.203
44.5893 -145.203
55.2377 -145.203
55.2377 -145.203
55.2377 -145.203
55.2377 -145.203
55.2377 -145.203
55.2377 -145.203
55.2377 -145.203
54.0533 -145.203
54.1596 -145.203
55.2377 -145.203
55.2377 -145.203
55.2377 -145.203
55.2377 -145.203
55.2377 -145.203
55.2377 -145.203
55.2377 -145.203
55.2377 -145.203
53.6574 -145.203
54.322 -145.203
55.2377 -145.203
55.2377 -145.203
55.2377 -145.203
55.2377 -145.203
55.2377 -145.203
55.2377 -145.203
55.2377 -145.203
55.2377 -145.203
55.2377 -145.203
55.2377 -145.203
55.2377 -145.203
55.2377 -145.203
55.2377 -145.203
55.2377 -145.203
55.2377 -145.203
55.2377 -145.203
55.2377 -145.203
55.2377 -145.203
55.2377 -145.203
55.2377 -145.203
55.2377 -145.203
55.2377 -145.203
55.2377 -145.203
55.6737 -145.203
53.2987 -145.203
55.2377 -145.203
55.2377 -145.203
55.2377 -145.203
55.2377 -145.203
54.0712 -145.203
54.6648 -145.203
55.2377 -145.203
55.2377 -145.203
55.2377 -145.203
55.2377 -145.203
55.2377 -145.203
55.2377 -145.203
55.2377 -145.203
55.2377 -145.203
55.2377 -145.203
55.2377 -145.203
55.2377 -145.203
55.2377 -145.203
55.2377 -145.203
54.2031 -145.203
55.6157 -145.203
55.2377 -145.203
55.2377 -145.203
55.2377 -145.203
55.2537 -145.203
55.2377 -145.203
53.8048 -145.203
52.3429 -145.203
55.2377 -145.203
55.2377 -145.203
55.2377 -145.203
55.2377 -145.203
55.2377 -145.203
55.2377 -145.203
55.2377 -145.203
55.2377 -145.203
55.2377 -145.203
55.2377 -145.203
55.2377 -145.203
55.2377 -145.203
55.2377 -145.203
55.2377 -145.203
55.2377 -145.203
55.2377 -145.203
53.4927 -145.203
55.295 -145.203
55.1019 -145.203
55.2377 -145.203
55.2377 -145.203
55.2377 -145.203
55.2377 -145.203
55.2377 -145.203
55.2377 -145.203
55.2377 -145.203
55.2377 -145.203
55.2377 -145.203
55.2377 -145.203
52.6924 -145.203
52.8737 -145.203
55.2377 -145.203
55.2377 -145.203
55.2377 -145.203
55.2377 -145.203
55.2377 -145.203
55.2377 -145.203
55.2377 -145.203
55.2377 -145.203
55.2377 -145.203
52.892 -145.203
53.5918 -145.203
55.2377 -145.203
55.2377 -145.203
55.2377 -145.203
55.2377 -145.203
55.2377 -145.203
55.2377 -145.203
54.5991 -145.203
55.2377 -145.203
55.2377 -145.203
54.2623 -145.203
53.7837 -145.203
55.2377 -145.203
55.2377 -145.203
55.2377 -145.203
55.2377 -145.203
55.2377 -145.203
55.2377 -145.203
55.2377 -145.203
55.2377 -145.203
55.2377 -145.203
55.2377 -145.203
55.2377 -145.203
53.6595 -145.203
54.075 -145.203
55.2377 -145.203
55.2377 -145.203
55.2377 -145.203
55.2377 -145.203
55.2377 -145.203
55.2377 -145.203
55.2377 -145.203
55.2377 -145.203
55.2377 -145.203
55.2377 -145.203
55.2377 -145.203
55.2377 -145.203
55.2377 -145.203
55.2377 -145.203
55.2377 -145.203
54.9434 -145.203
56.4568 -145.203
55.2377 -145.203
55.2377 -145.203
55.2377 -145.203
55.2377 -145.203
55.2377 -145.203
55.2377 -145.203
55.2377 -145.203
55.2377 -145.203
55.2377 -145.203
55.2377 -145.203
55.2377 -145.203
55.2377 -145.203
55.2377 -145.203
55.2377 -145.203
55.2377 -145.203
54.075 -145.203
55.149 -145.203
55.2377 -145.203
55.2377 -145.203
53.3701 -145.203
53.5158 -145.203
55.2377 -145.203
55.2377 -145.203
55.2377 -145.203
55.2377 -145.203
55.2377 -145.203
55.2377 -145.203
55.2377 -145.203
55.2377 -145.203
55.2377 -145.203
55.2377 -145.203
54.9534 -145.203
54.0019 -145.203
54.7969 -145.203
55.2377 -145.203
55.2377 -145.203
53.1012 -145.203
55.2377 -145.203
55.2377 -145.203
55.2377 -145.203
55.2377 -145.203
55.2377 -145.203
55.2377 -145.203
55.2377 -145.203
55.2377 -145.203
55.2377 -145.203
55.2377 -145.203
55.2377 -145.203
55.2377 -145.203
55.2377 -145.203
55.2377 -145.203
55.2377 -145.203
55.2377 -145.203
54.5917 -145.203
54.7055 -145.203
55.2377 -145.203
55.2377 -145.203
55.2377 -145.203
55.2377 -145.203
55.2377 -145.203
55.2377 -145.203
55.2377 -145.203
55.2377 -145.203
55.2377 -145.203
55.2377 -145.203
55.2377 -145.203
55.2377 -145.203
55.2377 -145.203
55.2377 -145.203
55.2377 -145.203
55.2377 -145.203
54.3239 -145.203
53.3667 -145.203
55.2377 -145.203
55.2377 -145.203
55.5012 -145.203
54.2012 -145.203
55.2377 -145.203
54.7055 -145.203
55.6293 -145.203
55.2377 -145.203
55.2377 -145.203
54.6209 -145.203
53.7438 -145.203
55.2377 -145.203
55.2377 -145.203
55.2377 -145.203
55.2377 -145.203
55.2377 -145.203
55.2377 -145.203
55.2377 -145.203
55.5347 -145.203
54.0188 -145.203
53.5282 -145.203
55.2377 -145.203
55.2377 -145.203
54.5419 -145.203
55.1212 -145.203
55.2377 -145.203
53.9261 -145.203
55.0046 -145.203
55.6836 -145.203
55.2377 -145.203
55.2377 -145.203
55.2377 -145.203
55.2377 -145.203
55.2377 -145.203
55.2377 -145.203
55.2377 -145.203
55.2377 -145.203
53.9295 -145.203
53.7771 -145.203
55.2377 -145.203
55.2377 -145.203
55.2377 -145.203
55.2377 -145.203
55.2377 -145.203
55.2377 -145.203
55.2377 -145.203
55.2377 -145.203
55.2377 -145.203
55.2377 -145.203
53.3764 -145.203
53.2782 -145.203
55.2377 -145.203
54.2035 -145.203
52.892 -145.203
55.2377 -145.203
55.2377 -145.203
55.2377 -145.203
55.2377 -145.203
55.2377 -145.203
55.2377 -145.203
55.2377 -145.203
55.2377 -145.203
55.2377 -145.203
55.2377 -145.203
55.2377 -145.203
55.2334 -145.203
55.2377 -145.203
55.2377 -145.203
55.2377 -145.203
55.2377 -145.203
55.2377 -145.203
55.2377 -145.203
55.2377 -145.203
55.2377 -145.203
55.2377 -145.203
55.2377 -145.203
55.2377 -145.203
55.2377 -145.203
55.2377 -145.203
55.2377 -145.203
55.2377 -145.203
55.2377 -145.203
55.2377 -145.203
55.2377 -145.203
55.9111 -145.203
54.0135 -145.203
54.2201 -145.203
53.272 -145.203
53.7365 -145.203
55.2377 -145.203
55.2377 -145.203
55.2377 -145.203
55.2377 -145.203
55.2377 -145.203
55.2377 -145.203
54.1979 -145.203
55.2377 -145.203
55.2377 -145.203
55.2377 -145.203
55.2377 -145.203
54.4097 -145.203
54.6308 -145.203
55.2377 -145.203
55.2377 -145.203
55.2377 -145.203
55.2377 -145.203
55.2377 -145.203
55.2377 -145.203
55.2377 -145.203
55.2377 -145.203
55.2377 -145.203
55.2377 -145.203
55.2377 -145.203
55.2377 -145.203
55.2377 -145.203
55.2377 -145.203
55.2377 -145.203
55.2377 -145.203
55.2377 -145.203
55.2377 -145.203
55.2377 -145.203
55.2377 -145.203
52.4253 -145.203
53.3987 -145.203
55.4706 -145.203
55.2373 -145.203
55.2377 -145.203
55.2377 -145.203
55.2377 -145.203
55.2377 -145.203
55.2377 -145.203
55.2377 -145.203
55.2377 -145.203
55.2377 -145.203
55.0039 -145.203
53.2704 -145.203
52.7133 -145.203
55.2377 -145.203
55.2377 -145.203
55.2377 -145.203
55.2377 -145.203
55.2377 -145.203
55.2377 -145.203
55.2377 -145.203
55.2377 -145.203
55.2377 -145.203
55.2377 -145.203
55.2377 -145.203
55.2377 -145.203
55.1418 -145.203
54.7151 -145.203
55.2377 -145.203
55.2377 -145.203
55.2377 -145.203
55.2377 -145.203
55.2377 -145.203
55.2377 -145.203
52.892 -145.203
54.3046 -145.203
55.2377 -145.203
55.2377 -145.203
55.2377 -145.203
55.2377 -145.203
55.1178 -145.203
54.8033 -145.203
55.2377 -145.203
55.2377 -145.203
55.2377 -145.203
55.2377 -145.203
55.2377 -145.203
55.2377 -145.203
55.2377 -145.203
55.2377 -145.203
55.2377 -145.203
55.2377 -145.203
55.2377 -145.203
55.2377 -145.203
55.2377 -145.203
55.2377 -145.203
55.2377 -145.203
55.2377 -145.203
55.2377 -145.203
55.2377 -145.203
55.2377 -145.203
52.5219 -145.203
53.3764 -145.203
55.2377 -145.203
55.2377 -145.203
55.2377 -145.203
55.2377 -145.203
55.2377 -145.203
55.2377 -145.203
55.2377 -145.203
55.2377 -145.203
55.2377 -145.203
55.2377 -145.203
55.2377 -145.203
55.2377 -145.203
55.2377 -145.203
55.2377 -145.203
55.2377 -145.203
55.2377 -145.203
55.2377 -145.203
55.2377 -145.203
55.2377 -145.203
55.2377 -145.203
55.2377 -145.203
55.2377 -145.203
55.2377 -145.203
53.6542 -145.203
53.7917 -145.203
55.2377 -145.203
55.2377 -145.203
55.2377 -145.203
55.2377 -145.203
55.2377 -145.203
55.2377 -145.203
55.2377 -145.203
55.2377 -145.203
55.2377 -145.203
55.2377 -145.203
55.2377 -145.203
55.2377 -145.203
55.2377 -145.203
55.2377 -145.203
55.2377 -145.203
55.2376 -145.203
45.2466 -145.203
55.2377 -145.203
55.2377 -145.203
52.892 -145.203
55.3421 -145.203
55.2377 -145.203
55.2377 -145.203
53.942 -145.203
53.7499 -145.203
55.2377 -145.203
48.4132 -145.203
53.3926 -145.203
55.2377 -145.203
55.2377 -145.203
55.2377 -145.203
55.2377 -145.203
55.2377 -145.203
55.2377 -145.203
55.2377 -145.203
55.2377 -145.203
55.2377 -145.203
55.2377 -145.203
55.2377 -145.203
55.2377 -145.203
53.8213 -145.203
55.9413 -145.203
55.2377 -145.203
55.2377 -145.203
55.2377 -145.203
55.2377 -145.203
55.2377 -145.203
55.2377 -145.203
55.2377 -145.203
55.2377 -145.203
55.2377 -145.203
55.2377 -145.203
55.455 -145.203
54.2101 -145.203
55.2377 -145.203
55.2377 -145.203
55.2377 -145.203
55.2377 -145.203
55.2377 -145.203
55.2377 -145.203
55.2377 -145.203
52.3111 -145.203
55.197 -145.203
55.2377 -145.203
55.2377 -145.203
55.2377 -145.203
55.2377 -145.203
53.9421 -145.203
55.3636 -145.203
55.2377 -145.203
55.2406 -145.203
51.6798 -145.203
53.1895 -145.203
55.2377 -145.203
55.4971 -145.203
54.7787 -145.203
55.2377 -145.203
55.2377 -145.203
55.2377 -145.203
55.2377 -145.203
55.2377 -145.203
55.2377 -145.203
55.2377 -145.203
55.2377 -145.203
55.3416 -145.203
53.7569 -145.203
55.2377 -145.203
55.2377 -145.203
55.2377 -145.203
55.2377 -145.203
55.3699 -145.203
53.5282 -145.203
55.2377 -145.203
53.1895 -145.203
52.892 -145.203
55.2377 -145.203
54.6367 -145.203
54.6458 -145.203
55.2377 -145.203
55.2377 -145.203
52.892 -145.203
53.9698 -145.203
55.2377 -145.203
55.2377 -145.203
55.2377 -145.203
55.2377 -145.203
55.2377 -145.203
55.2377 -145.203
54.5741 -145.203
54.3301 -145.203
55.2377 -145.203
55.2377 -145.203
55.2377 -145.203
55.2377 -145.203
55.2377 -145.203
55.2377 -145.203
55.2377 -145.203
55.2377 -145.203
55.2377 -145.203
55.2377 -145.203
55.2377 -145.203
55.2377 -145.203
55.2377 -145.203
55.2377 -145.203
55.2377 -145.203
55.2377 -145.203
55.0819 -145.203
54.2087 -145.203
55.2377 -145.203
55.2377 -145.203
55.2377 -145.203
55.2377 -145.203
55.2377 -145.203
55.2377 -145.203
55.2377 -145.203
55.2377 -145.203
55.2377 -145.203
55.2377 -145.203
54.7429 -145.203
54.443 -145.203
55.2377 -145.203
55.2377 -145.203
55.2377 -145.203
55.2377 -145.203
55.2377 -145.203
54.0011 -145.203
53.3764 -145.203
46.8427 -145.203
52.8283 -145.203
54.2978 -145.203
55.3421 -145.203
55.2377 -145.203
55.2377 -145.203
55.2377 -145.203
55.2377 -145.203
55.2377 -145.203
55.2377 -145.203
55.2377 -145.203
55.2377 -145.203
55.2377 -145.203
55.2377 -145.203
55.2377 -145.203
55.2377 -145.203
55.2377 -145.203
55.2377 -145.203
55.2377 -145.203
55.2377 -145.203
55.2377 -145.203
55.2377 -145.203
53.9266 -145.203
52.892 -145.203
55.2377 -145.203
55.2377 -145.203
55.2377 -145.203
55.2377 -145.203
55.2377 -145.203
55.5504 -145.203
54.0781 -145.203
55.2377 -145.203
55.2377 -145.203
55.2452 -145.203
54.4349 -145.203
53.2302 -145.203
52.892 -145.203
55.2377 -145.203
55.2377 -145.203
55.2377 -145.203
55.2377 -145.203
55.2377 -145.203
55.2377 -145.203
45.5308 -145.203
45.1197 -145.203
55.2377 -145.203
55.2377 -145.203
55.2377 -145.203
55.2377 -145.203
54.5699 -145.203
54.5856 -145.203
55.2377 -145.203
55.2377 -145.203
55.0371 -145.203
53.3826 -145.203
54.5864 -145.203
54.3239 -145.203
55.2377 -145.203
55.2377 -145.203
55.2377 -145.203
55.2377 -145.203
55.2377 -145.203
55.2377 -145.203
55.2377 -145.203
55.9131 -145.203
53.5918 -145.203
55.2377 -145.203
55.2377 -145.203
55.2377 -145.203
55.2377 -145.203
55.2377 -145.203
55.2377 -145.203
53.7917 -145.203
53.4927 -145.203
55.2377 -145.203
55.2377 -145.203
55.2377 -145.203
54.5613 -145.203
54.1394 -145.203
55.3856 -145.203
54.8336 -145.203
55.2377 -145.203
55.2377 -145.203
55.2377 -145.203
55.2377 -145.203
55.2377 -145.203
55.2377 -145.203
55.2377 -145.203
55.2377 -145.203
55.2377 -145.203
55.2377 -145.203
55.2377 -145.203
52.892 -145.203
53.8815 -145.203
55.2377 -145.203
55.2377 -145.203
55.2377 -145.203
55.2377 -145.203
55.2377 -145.203
55.2377 -145.203
55.2377 -145.203
55.2377 -145.203
55.2377 -145.203
55.2377 -145.203
55.2377 -145.203
55.2377 -145.203
55.2377 -145.203
55.2377 -145.203
55.2377 -145.203
55.2377 -145.203
55.2377 -145.203
55.2377 -145.203
54.9563 -145.203
55.0866 -145.203
55.2377 -145.203
52.892 -145.203
54.2918 -145.203
55.2377 -145.203
55.2377 -145.203
55.2377 -145.203
55.2377 -145.203
55.2377 -145.203
55.2377 -145.203
55.2377 -145.203
55.2377 -145.203
55.2377 -145.203
55.2377 -145.203
55.2377 -145.203
55.2377 -145.203
55.2377 -145.203
55.2377 -145.203
55.2377 -145.203
55.2377 -145.203
55.2377 -145.203
55.2377 -145.203
55.2377 -145.203
55.2377 -145.203
55.2377 -145.203
55.2377 -145.203
55.2377 -145.203
55.2377 -145.203
53.2565 -145.203
54.626 -145.203
55.2377 -145.203
55.2377 -145.203
55.2377 -145.203
55.2377 -145.203
55.2377 -145.203
55.2377 -145.203
55.2377 -145.203
55.2377 -145.203
55.2377 -145.203
55.2377 -145.203
55.2377 -145.203
55.2377 -145.203
53.223 -145.203
55.2377 -145.203
55.2377 -145.203
55.2377 -145.203
55.2377 -145.203
55.2377 -145.203
55.2377 -145.203
55.2377 -145.203
55.2377 -145.203
55.2377 -145.203
55.2377 -145.203
55.2377 -145.203
55.2377 -145.203
55.2377 -145.203
55.2377 -145.203
55.2377 -145.203
55.2377 -145.203
55.2377 -145.203
55.2377 -145.203
55.2377 -145.203
55.2377 -145.203
55.2377 -145.203
54.7116 -145.203
54.6053 -145.203
55.2377 -145.203
55.2377 -145.203
55.2377 -145.203
55.2377 -145.203
55.2653 -145.203
55.8741 -145.203
53.3764 -145.203
55.2377 -145.203
55.2377 -145.203
55.2377 -145.203
55.2377 -145.203
55.2377 -145.203
55.2377 -145.203
55.2377 -145.203
55.2377 -145.203
55.2377 -145.203
55.2377 -145.203
55.2377 -145.203
55.2377 -145.203
52.6587 -145.203
54.1394 -145.203
53.9266 -145.203
52.6587 -145.203
55.1474 -145.203
54.8377 -145.203
55.2377 -145.203
55.2377 -145.203
55.2377 -145.203
55.2377 -145.203
55.2377 -145.203
55.2377 -145.203
55.2377 -145.203
55.2377 -145.203
55.2377 -145.203
55.2377 -145.203
55.2377 -145.203
55.2377 -145.203
55.2377 -145.203
55.2377 -145.203
55.2377 -145.203
55.2377 -145.203
55.2377 -145.203
55.2377 -145.203
55.2377 -145.203
55.2377 -145.203
55.2377 -145.203
54.8612 -145.203
55.2377 -145.203
55.2377 -145.203
55.2377 -145.203
55.2377 -145.203
55.2377 -145.203
55.2377 -145.203
55.2377 -145.203
55.2377 -145.203
55.2377 -145.203
55.2377 -145.203
55.2377 -145.203
53.3764 -145.203
53.1431 -145.203
54.9534 -145.203
54.9565 -145.203
55.2377 -145.203
55.2377 -145.203
55.2377 -145.203
55.2377 -145.203
55.2377 -145.203
55.5022 -145.203
54.0177 -145.203
55.2377 -145.203
55.2377 -145.203
53.9702 -145.203
55.2377 -145.203
55.2377 -145.203
55.2377 -145.203
55.2377 -145.203
53.9297 -145.203
55.2377 -145.203
55.2377 -145.203
55.2377 -145.203
55.2377 -145.203
55.2377 -145.203
55.2377 -145.203
55.2377 -145.203
55.2377 -145.203
55.2377 -145.203
55.2377 -145.203
55.1736 -145.203
53.0214 -145.203
55.2377 -145.203
55.2377 -145.203
55.2377 -145.203
55.2377 -145.203
55.2377 -145.203
55.2377 -145.203
55.2377 -145.203
52.7876 -145.203
53.9669 -145.203
55.2377 -145.203
55.2377 -145.203
55.2377 -145.203
55.2377 -145.203
55.2377 -145.203
55.2377 -145.203
55.2377 -145.203
55.2377 -145.203
55.2377 -145.203
55.2377 -145.203
55.2377 -145.203
55.2377 -145.203
55.2377 -145.203
55.2377 -145.203
53.272 -145.203
55.0322 -145.203
55.2377 -145.203
55.2377 -145.203
55.2377 -145.203
55.2377 -145.203
55.2377 -145.203
55.2377 -145.203
55.2377 -145.203
55.2377 -145.203
55.2377 -145.203
55.2377 -145.203
55.2377 -145.203
55.2377 -145.203
55.2377 -145.203
55.2377 -145.203
55.2377 -145.203
55.2377 -145.203
55.2377 -145.203
55.2377 -145.203
55.2377 -145.203
55.2377 -145.203
55.2377 -145.203
55.2377 -145.203
55.2377 -145.203
55.2377 -145.203
55.2377 -145.203
55.2377 -145.203
55.2377 -145.203
55.2377 -145.203
55.2377 -145.203
55.2377 -145.203
55.2377 -145.203
55.2377 -145.203
55.2377 -145.203
55.2377 -145.203
55.2377 -145.203
53.6177 -145.203
54.7429 -145.203
53.5322 -145.203
53.6165 -145.203
55.2377 -145.203
55.2377 -145.203
55.2377 -145.203
55.2377 -145.203
54.3451 -145.203
53.9986 -145.203
55.2377 -145.203
55.2377 -145.203
55.2377 -145.203
55.2377 -145.203
55.2377 -145.203
54.1387 -145.203
54.9813 -145.203
55.2377 -145.203
55.2377 -145.203
55.2377 -145.203
55.2377 -145.203
55.2377 -145.203
55.2377 -145.203
55.2377 -145.203
55.2377 -145.203
55.2377 -145.203
55.2377 -145.203
55.2377 -145.203
55.2377 -145.203
55.2377 -145.203
55.2377 -145.203
55.2377 -145.203
55.2377 -145.203
55.2377 -145.203
55.2377 -145.203
53.7908 -145.203
54.6161 -145.203
55.2377 -145.203
55.2377 -145.203
54.2197 -145.203
53.8084 -145.203
55.2377 -145.203
55.2377 -145.203
55.2377 -145.203
55.2377 -145.203
55.2377 -145.203
55.2377 -145.203
55.2377 -145.203
55.2377 -145.203
55.2377 -145.203
55.2377 -145.203
55.2377 -145.203
55.2377 -145.203
55.2377 -145.203
53.8854 -145.203
55.1525 -145.203
55.2377 -145.203
55.2377 -145.203
55.2377 -145.203
55.2377 -145.203
55.2377 -145.203
55.2377 -145.203
55.2377 -145.203
55.2377 -145.203
55.2377 -145.203
55.2372 -145.203
55.2377 -145.203
54.7012 -145.203
54.7314 -145.203
55.2377 -145.203
55.2377 -145.203
55.2377 -145.203
55.2377 -145.203
55.2377 -145.203
55.2377 -145.203
55.2377 -145.203
55.2377 -145.203
55.2377 -145.203
55.2377 -145.203
55.2377 -145.203
55.2377 -145.203
55.2377 -145.203
55.2377 -145.203
55.2377 -145.203
54.7674 -145.203
54.3885 -145.203
55.2377 -145.203
55.2377 -145.203
55.2377 -145.203
55.2377 -145.203
55.2377 -145.203
55.2377 -145.203
55.2377 -145.203
55.2377 -145.203
55.2377 -145.203
55.2377 -145.203
55.2377 -145.203
55.2377 -145.203
55.2377 -145.203
55.2377 -145.203
55.2377 -145.203
55.2377 -145.203
55.2377 -145.203
55.2377 -145.203
55.2377 -145.203
55.2377 -145.203
55.2377 -145.203
55.2377 -145.203
55.2377 -145.203
55.2377 -145.203
55.2377 -145.203
55.2377 -145.203
55.2377 -145.203
55.2377 -145.203
55.2377 -145.203
55.2377 -145.203
55.2377 -145.203
55.2377 -145.203
55.2377 -145.203
55.2377 -145.203
55.2377 -145.203
55.2377 -145.203
55.2377 -145.203
55.2377 -145.203
55.2377 -145.203
55.2377 -145.203
55.2377 -145.203
55.2377 -145.203
55.2377 -145.203
55.2377 -145.203
55.2377 -145.203
55.2377 -145.203
55.2377 -145.203
55.2377 -145.203
55.2377 -145.203
55.2377 -145.203
55.2377 -145.203
55.2377 -145.203
55.2377 -145.203
55.2377 -145.203
55.2377 -145.203
55.2377 -145.203
55.2377 -145.203
55.2377 -145.203
55.2377 -145.203
55.2377 -145.203
55.2377 -145.203
55.2377 -145.203
55.1625 -145.203
54.4684 -145.203
55.2377 -145.203
55.2377 -145.203
55.2377 -145.203
55.2377 -145.203
55.2377 -145.203
55.2377 -145.203
55.2377 -145.203
55.2377 -145.203
55.2377 -145.203
55.4465 -145.203
54.2031 -145.203
55.2377 -145.203
55.2377 -145.203
55.2377 -145.203
55.2377 -145.203
55.2377 -145.203
55.2377 -145.203
55.2377 -145.203
55.2377 -145.203
55.2377 -145.203
55.2377 -145.203
55.2377 -145.203
55.2377 -145.203
55.2377 -145.203
55.2377 -145.203
55.2377 -145.203
55.2377 -145.203
55.2377 -145.203
55.2377 -145.203
55.2377 -145.203
55.2377 -145.203
55.2377 -145.203
55.2377 -145.203
55.2377 -145.203
55.2377 -145.203
54.3746 -145.203
55.6268 -145.203
53.7549 -145.203
54.9701 -145.203
55.1188 -145.203
55.2377 -145.203
55.2377 -145.203
55.2377 -145.203
55.2377 -145.203
55.2377 -145.203
55.2377 -145.203
55.2377 -145.203
55.2377 -145.203
55.2377 -145.203
55.2377 -145.203
55.2377 -145.203
55.2377 -145.203
55.2377 -145.203
55.2377 -145.203
55.2377 -145.203
55.2377 -145.203
55.2377 -145.203
55.2377 -145.203
55.2377 -145.203
55.2377 -145.203
55.2377 -145.203
55.2377 -145.203
55.2377 -145.203
55.3699 -145.203
54.749 -145.203
55.2377 -145.203
55.2377 -145.203
55.2377 -145.203
54.8656 -145.203
53.4035 -145.203
53.6656 -145.203
55.2377 -145.203
55.2377 -145.203
55.2377 -145.203
55.2377 -145.203
55.2377 -145.203
55.2377 -145.203
55.2377 -145.203
55.2377 -145.203
55.2377 -145.203
55.2377 -145.203
55.2377 -145.203
55.2377 -145.203
55.2377 -145.203
55.2377 -145.203
55.2377 -145.203
54.3046 -145.203
55.2377 -145.203
55.2377 -145.203
55.2377 -145.203
55.2377 -145.203
55.2377 -145.203
55.2377 -145.203
55.2377 -145.203
55.2377 -145.203
55.2377 -145.203
55.2377 -145.203
55.2377 -145.203
55.2377 -145.203
55.2377 -145.203
55.2377 -145.203
55.2377 -145.203
53.5286 -145.203
54.0648 -145.203
55.2377 -145.203
55.2377 -145.203
55.2377 -145.203
55.2377 -145.203
55.2377 -145.203
55.2377 -145.203
55.2377 -145.203
55.2377 -145.203
55.2377 -145.203
55.2377 -145.203
55.2377 -145.203
55.2377 -145.203
55.2377 -145.203
55.2377 -145.203
55.2377 -145.203
55.2377 -145.203
55.2377 -145.203
55.2377 -145.203
55.2377 -145.203
55.2377 -145.203
55.2377 -145.203
55.2377 -145.203
55.2377 -145.203
55.2377 -145.203
55.2377 -145.203
55.2377 -145.203
55.2377 -145.203
55.2377 -145.203
55.2377 -145.203
54.8689 -145.203
53.6595 -145.203
55.2377 -145.203
55.2377 -145.203
55.2377 -145.203
55.2377 -145.203
55.2377 -145.203
55.2377 -145.203
55.2377 -145.203
55.2377 -145.203
55.2377 -145.203
55.2377 -145.203
55.2377 -145.203
55.2377 -145.203
55.2377 -145.203
53.3543 -145.203
54.4377 -145.203
55.2377 -145.203
55.2377 -145.203
55.2377 -145.203
55.2377 -145.203
55.2377 -145.203
55.2377 -145.203
55.2377 -145.203
55.2377 -145.203
55.2377 -145.203
54.8839 -145.203
54.7252 -145.203
55.2377 -145.203
55.2377 -145.203
55.2377 -145.203
55.2377 -145.203
55.2377 -145.203
55.2377 -145.203
55.2377 -145.203
55.2377 -145.203
55.2377 -145.203
55.2377 -145.203
55.2377 -145.203
55.2377 -145.203
55.2377 -145.203
53.7917 -145.203
55.3918 -145.203
55.2377 -145.203
55.2377 -145.203
55.2377 -145.203
55.2377 -145.203
55.2377 -145.203
55.2377 -145.203
55.2377 -145.203
55.2377 -145.203
55.2377 -145.203
55.2377 -145.203
55.2377 -145.203
55.3657 -145.203
55.2377 -145.203
55.2377 -145.203
55.2377 -145.203
55.2377 -145.203
55.2377 -145.203
55.2377 -145.203
55.2377 -145.203
55.2377 -145.203
55.2377 -145.203
55.2377 -145.203
55.2377 -145.203
55.2377 -145.203
55.2377 -145.203
55.2377 -145.203
55.2377 -145.203
55.2377 -145.203
55.2377 -145.203
55.2377 -145.203
55.2377 -145.203
55.2377 -145.203
55.2377 -145.203
55.2377 -145.203
54.2621 -145.203
55.2377 -145.203
55.2377 -145.203
55.2377 -145.203
55.2377 -145.203
55.2377 -145.203
55.2377 -145.203
55.2377 -145.203
55.2377 -145.203
55.2377 -145.203
55.2377 -145.203
55.2377 -145.203
55.2377 -145.203
55.2377 -145.203
55.2377 -145.203
55.2377 -145.203
55.2377 -145.203
55.2377 -145.203
55.2377 -145.203
55.2377 -145.203
55.2377 -145.203
55.2377 -145.203
55.2377 -145.203
55.2377 -145.203
55.2377 -145.203
55.2377 -145.203
55.2377 -145.203
55.2377 -145.203
55.2377 -145.203
55.2377 -145.203
55.2377 -145.203
55.2377 -145.203
55.2377 -145.203
55.2377 -145.203
55.2377 -145.203
55.2377 -145.203
55.2377 -145.203
55.2377 -145.203
55.2377 -145.203
55.2377 -145.203
55.2377 -145.203
55.2377 -145.203
55.2377 -145.203
55.2377 -145.203
55.2377 -145.203
54.8534 -145.203
54.3783 -145.203
55.2377 -145.203
55.2377 -145.203
55.1108 -145.203
54.1299 -145.203
55.2377 -145.203
55.2377 -145.203
55.2377 -145.203
55.2377 -145.203
55.2377 -145.203
55.0866 -145.203
54.3209 -145.203
55.7586 -145.203
54.1299 -145.203
54.8685 -145.203
55.2377 -145.203
54.4123 -145.203
55.2377 -145.203
55.2377 -145.203
55.2377 -145.203
55.2377 -145.203
55.2377 -145.203
55.2377 -145.203
55.2377 -145.203
55.2377 -145.203
55.2377 -145.203
55.2377 -145.203
55.2377 -145.203
55.2377 -145.203
55.2377 -145.203
55.2377 -145.203
55.2377 -145.203
55.2377 -145.203
55.2377 -145.203
55.2377 -145.203
55.2377 -145.203
55.2377 -145.203
55.2377 -145.203
55.2377 -145.203
55.2377 -145.203
55.2377 -145.203
55.2377 -145.203
55.2377 -145.203
55.2377 -145.203
54.9999 -145.203
53.6927 -145.203
55.2377 -145.203
55.2377 -145.203
55.2377 -145.203
55.2377 -145.203
55.2377 -145.203
55.2377 -145.203
55.2377 -145.203
55.2377 -145.203
55.2377 -145.203
55.2377 -145.203
55.2377 -145.203
55.2377 -145.203
55.2377 -145.203
55.2377 -145.203
55.2377 -145.203
53.7507 -145.203
53.272 -145.203
55.2315 -145.203
55.1929 -145.203
55.2377 -145.203
55.2377 -145.203
55.2377 -145.203
55.2377 -145.203
55.2377 -145.203
55.2377 -145.203
55.2377 -145.203
55.2377 -145.203
55.2377 -145.203
55.2377 -145.203
55.2377 -145.203
55.2377 -145.203
55.2377 -145.203
55.2377 -145.203
54.298 -145.203
55.2377 -145.203
55.2377 -145.203
55.2377 -145.203
55.6751 -145.203
55.2377 -145.203
55.6273 -145.203
53.3543 -145.203
55.2377 -145.203
55.2377 -145.203
55.2377 -145.203
55.3359 -145.203
55.1211 -145.203
54.857 -145.203
54.4064 -145.203
52.8917 -145.203
54.0775 -145.203
55.2377 -145.203
55.2377 -145.203
55.2377 -145.203
55.2377 -145.203
54.0907 -145.203
54.4916 -145.203
55.2377 -145.203
55.2377 -145.203
53.7979 -145.203
55.4762 -145.203
55.2377 -145.203
55.2377 -145.203
55.2377 -145.203
55.2377 -145.203
55.2377 -145.203
55.2377 -145.203
55.2377 -145.203
55.2377 -145.203
55.2377 -145.203
55.2377 -145.203
55.2377 -145.203
55.2377 -145.203
55.2377 -145.203
55.2377 -145.203
55.2377 -145.203
55.2377 -145.203
55.2377 -145.203
55.2377 -145.203
55.2377 -145.203
55.2377 -145.203
55.2377 -145.203
55.2377 -145.203
55.6798 -145.203
54.1394 -145.203
55.2377 -145.203
55.2377 -145.203
55.2377 -145.203
55.2377 -145.203
55.2377 -145.203
55.2377 -145.203
55.2377 -145.203
55.2377 -145.203
55.2377 -145.203
55.2377 -145.203
55.2377 -145.203
55.2377 -145.203
55.2377 -145.203
54.29 -145.203
54.9472 -145.203
55.2377 -145.203
55.2377 -145.203
55.2377 -145.203
55.2377 -145.203
55.2377 -145.203
53.3826 -145.203
53.676 -145.203
52.2166 -145.203
54.5413 -145.203
54.8996 -145.203
52.754 -145.203
51.7971 -145.203
55.2377 -145.203
53.9702 -145.203
52.514 -145.203
55.2377 -145.203
55.2377 -145.203
53.9702 -145.203
53.1895 -145.203
55.2377 -145.203
55.2377 -145.203
55.2377 -145.203
55.2377 -145.203
55.2377 -145.203
55.2377 -145.203
55.2377 -145.203
55.2377 -145.203
55.2377 -145.203
55.2377 -145.203
55.2377 -145.203
55.2377 -145.203
55.2377 -145.203
55.2377 -145.203
55.2377 -145.203
53.9698 -145.203
52.892 -145.203
55.2377 -145.203
55.2377 -145.203
55.2377 -145.203
55.2377 -145.203
55.2377 -145.203
55.2377 -145.203
55.2377 -145.203
55.2377 -145.203
55.2377 -145.203
55.2377 -145.203
55.2377 -145.203
55.2377 -145.203
55.2377 -145.203
55.2377 -145.203
55.2377 -145.203
55.2377 -145.203
55.2377 -145.203
55.2377 -145.203
55.2377 -145.203
55.2377 -145.203
55.2377 -145.203
55.2377 -145.203
55.2377 -145.203
55.2377 -145.203
55.2377 -145.203
55.2377 -145.203
55.2377 -145.203
55.2377 -145.203
55.2377 -145.203
53.7972 -145.203
55.575 -145.203
55.2377 -145.203
55.2377 -145.203
55.2377 -145.203
55.2377 -145.203
55.2377 -145.203
55.2377 -145.203
55.2377 -145.203
54.6304 -145.203
53.7917 -145.203
55.2377 -145.203
54.3271 -145.203
54.1698 -145.203
55.2377 -145.203
55.2377 -145.203
53.701 -145.203
54.5565 -145.203
55.2377 -145.203
55.2377 -145.203
55.2377 -145.203
55.2377 -145.203
55.2377 -145.203
55.1039 -145.203
53.9605 -145.203
55.2377 -145.203
55.2377 -145.203
55.2377 -145.203
55.2377 -145.203
55.2377 -145.203
55.2377 -145.203
55.2377 -145.203
55.2377 -145.203
55.2377 -145.203
55.2377 -145.203
55.2377 -145.203
55.2377 -145.203
55.2377 -145.203
55.2377 -145.203
55.2377 -145.203
55.2377 -145.203
55.2377 -145.203
55.2377 -145.203
55.2377 -145.203
55.2377 -145.203
55.2377 -145.203
55.2377 -145.203
55.2377 -145.203
55.2377 -145.203
55.2377 -145.203
55.2377 -145.203
55.2377 -145.203
55.2377 -145.203
55.2377 -145.203
53.4865 -145.203
52.0321 -145.203
51.7109 -145.203
55.2377 -145.203
55.2377 -145.203
55.2377 -145.203
55.2377 -145.203
55.2377 -145.203
55.2377 -145.203
55.2377 -145.203
45.7964 -145.203
55.2377 -145.203
55.2377 -145.203
55.2377 -145.203
55.2377 -145.203
55.2377 -145.203
55.2377 -145.203
55.2377 -145.203
55.2377 -145.203
55.2377 -145.203
55.2377 -145.203
55.2377 -145.203
55.2377 -145.203
55.2377 -145.203
55.1304 -145.203
54.0135 -145.203
55.2377 -145.203
55.2377 -145.203
55.2377 -145.203
55.2377 -145.203
55.2377 -145.203
55.2377 -145.203
55.2377 -145.203
55.2377 -145.203
55.2377 -145.203
55.2377 -145.203
55.2377 -145.203
55.2377 -145.203
55.2377 -145.203
55.2377 -145.203
55.2377 -145.203
55.2377 -145.203
53.4574 -145.203
53.7956 -145.203
55.2377 -145.203
55.2377 -145.203
55.2377 -145.203
55.2377 -145.203
55.2377 -145.203
55.2377 -145.203
55.2377 -145.203
53.422 -145.203
52.7385 -145.203
55.2377 -145.203
54.5479 -145.203
54.8578 -145.203
55.2377 -145.203
55.2377 -145.203
51.7771 -145.203
55.4131 -145.203
55.2377 -145.203
55.2377 -145.203
55.2377 -145.203
55.2377 -145.203
55.2377 -145.203
55.2377 -145.203
55.2377 -145.203
55.2377 -145.203
55.2377 -145.203
55.2377 -145.203
55.2535 -145.203
54.9293 -145.203
55.2377 -145.203
55.2377 -145.203
55.2377 -145.203
55.2377 -145.203
55.2377 -145.203
55.2377 -145.203
53.9725 -145.203
55.2377 -145.203
55.2377 -145.203
55.2377 -145.203
55.2377 -145.203
53.9725 -145.203
54.7012 -145.203
54.1533 -145.203
55.911 -145.203
55.2377 -145.203
55.2377 -145.203
55.2377 -145.203
55.2377 -145.203
55.2377 -145.203
55.2377 -145.203
55.2377 -145.203
53.8209 -145.203
54.5895 -145.203
55.2377 -145.203
55.2377 -145.203
55.2377 -145.203
55.2377 -145.203
55.2377 -145.203
55.2377 -145.203
55.2377 -145.203
55.2377 -145.203
55.2377 -145.203
55.2377 -145.203
55.2377 -145.203
55.2377 -145.203
55.2377 -145.203
55.2377 -145.203
54.3461 -145.203
55.3053 -145.203
55.2377 -145.203
55.2377 -145.203
55.2377 -145.203
55.2377 -145.203
55.2377 -145.203
55.2377 -145.203
55.2377 -145.203
55.2377 -145.203
55.2377 -145.203
55.2377 -145.203
55.2377 -145.203
55.2377 -145.203
55.2377 -145.203
55.2377 -145.203
55.2377 -145.203
55.2377 -145.203
55.2377 -145.203
55.2377 -145.203
55.2377 -145.203
55.2377 -145.203
55.2377 -145.203
55.2377 -145.203
55.2377 -145.203
55.2377 -145.203
55.2377 -145.203
55.2377 -145.203
55.2377 -145.203
55.2377 -145.203
55.2377 -145.203
55.2377 -145.203
55.2377 -145.203
55.2377 -145.203
55.2377 -145.203
55.2377 -145.203
55.2377 -145.203
55.2377 -145.203
55.2377 -145.203
55.2377 -145.203
55.2377 -145.203
55.2377 -145.203
55.2377 -145.203
53.6847 -145.203
54.6707 -145.203
55.1795 -145.203
55.2377 -145.203
55.2377 -145.203
55.2377 -145.203
55.2377 -145.203
55.2377 -145.203
55.2377 -145.203
55.2377 -145.203
55.2377 -145.203
55.2377 -145.203
55.2377 -145.203
53.108 -145.203
55.2377 -145.203
55.2377 -145.203
55.2377 -145.203
55.2377 -145.203
55.2377 -145.203
55.2377 -145.203
55.2377 -145.203
55.2377 -145.203
55.2377 -145.203
55.2377 -145.203
55.2377 -145.203
55.2377 -145.203
55.2377 -145.203
55.2377 -145.203
55.2377 -145.203
55.2377 -145.203
55.2377 -145.203
53.2302 -145.203
54.1595 -145.203
55.2377 -145.203
55.2377 -145.203
55.2377 -145.203
55.2377 -145.203
55.2377 -145.203
55.2377 -145.203
53.5812 -145.203
54.0135 -145.203
55.2377 -145.203
55.2377 -145.203
55.2377 -145.203
55.2377 -145.203
55.2377 -145.203
55.2377 -145.203
55.2377 -145.203
55.4196 -145.203
53.9864 -145.203
55.2377 -145.203
55.2377 -145.203
55.2377 -145.203
55.2377 -145.203
55.2377 -145.203
55.2377 -145.203
55.2377 -145.203
55.2377 -145.203
55.2377 -145.203
55.2377 -145.203
55.2377 -145.203
55.2377 -145.203
55.2377 -145.203
55.2377 -145.203
55.2377 -145.203
55.2377 -145.203
55.2377 -145.203
55.2377 -145.203
55.2377 -145.203
53.756 -145.203
54.8571 -145.203
55.2377 -145.203
55.2377 -145.203
55.2377 -145.203
55.2377 -145.203
55.2377 -145.203
55.2377 -145.203
55.2377 -145.203
55.2377 -145.203
55.2377 -145.203
55.2377 -145.203
55.2377 -145.203
55.2377 -145.203
55.2377 -145.203
54.9606 -145.203
53.7917 -145.203
55.3918 -145.203
55.2377 -145.203
55.2377 -145.203
55.2377 -145.203
55.2377 -145.203
55.2377 -145.203
55.2377 -145.203
55.2377 -145.203
55.2377 -145.203
55.2377 -145.203
55.2377 -145.203
55.2377 -145.203
55.2377 -145.203
55.2377 -145.203
55.2377 -145.203
55.2377 -145.203
55.2377 -145.203
55.2377 -145.203
55.2377 -145.203
55.2377 -145.203
55.2377 -145.203
55.2377 -145.203
55.2377 -145.203
55.2377 -145.203
55.2377 -145.203
55.2377 -145.203
55.2377 -145.203
55.1736 -145.203
53.8251 -145.203
55.2377 -145.203
55.2377 -145.203
55.2377 -145.203
55.2377 -145.203
55.2377 -145.203
55.2377 -145.203
55.2377 -145.203
55.2377 -145.203
55.2377 -145.203
55.2377 -145.203
55.2377 -145.203
55.575 -145.203
52.892 -145.203
55.2377 -145.203
55.2377 -145.203
55.2377 -145.203
55.2377 -145.203
54.6736 -145.203
53.3764 -145.203
53.5384 -145.203
55.2377 -145.203
55.2377 -145.203
55.2377 -145.203
51.2687 -145.203
51.1486 -145.203
55.2377 -145.203
55.2377 -145.203
55.5429 -145.203
55.4824 -145.203
55.2377 -145.203
55.2377 -145.203
55.2377 -145.203
55.2377 -145.203
55.2377 -145.203
55.2377 -145.203
55.2377 -145.203
55.2377 -145.203
54.6824 -145.203
55.1272 -145.203
55.2377 -145.203
55.2377 -145.203
55.2377 -145.203
53.787 -145.203
53.9297 -145.203
54.3962 -145.203
53.2943 -145.203
55.2377 -145.203
55.2377 -145.203
55.2377 -145.203
55.2377 -145.203
55.2377 -145.203
55.2377 -145.203
55.2377 -145.203
53.166 -145.203
54.1628 -145.203
55.2377 -145.203
55.2377 -145.203
55.2377 -145.203
55.2377 -145.203
55.2377 -145.203
55.2377 -145.203
55.2377 -145.203
55.2377 -145.203
55.2377 -145.203
55.2377 -145.203
53.2157 -145.203
53.5033 -145.203
55.2377 -145.203
54.4091 -145.203
54.0133 -145.203
55.2377 -145.203
55.2377 -145.203
55.0866 -145.203
54.3231 -145.203
55.2377 -145.203
55.2377 -145.203
55.2377 -145.203
55.2377 -145.203
55.2377 -145.203
55.2377 -145.203
55.2377 -145.203
55.2377 -145.203
55.2377 -145.203
55.2377 -145.203
55.2377 -145.203
54.4611 -145.203
55.0043 -145.203
55.2377 -145.203
55.2377 -145.203
55.1121 -145.203
53.6503 -145.203
55.2377 -145.203
53.8355 -145.203
54.7786 -145.203
55.2377 -145.203
55.2377 -145.203
55.2377 -145.203
55.2377 -145.203
55.2377 -145.203
55.2377 -145.203
55.2377 -145.203
55.2377 -145.203
55.2377 -145.203
55.2377 -145.203
55.2377 -145.203
55.2377 -145.203
55.2377 -145.203
55.2377 -145.203
53.3543 -145.203
53.7917 -145.203
54.4377 -145.203
55.2377 -145.203
55.2377 -145.203
55.2377 -145.203
55.2377 -145.203
54.5195 -145.203
55.7903 -145.203
55.2377 -145.203
55.2377 -145.203
55.2377 -145.203
55.2377 -145.203
55.2377 -145.203
55.2377 -145.203
55.2377 -145.203
55.2377 -145.203
55.2377 -145.203
55.2377 -145.203
55.2377 -145.203
55.2377 -145.203
55.2377 -145.203
55.2377 -145.203
55.2377 -145.203
55.2377 -145.203
55.2377 -145.203
55.2377 -145.203
55.2377 -145.203
55.2377 -145.203
52.1763 -145.203
53.8017 -145.203
55.2377 -145.203
55.2377 -145.203
53.1431 -145.203
53.3764 -145.203
55.2377 -145.203
55.2377 -145.203
55.2377 -145.203
55.2377 -145.203
55.2377 -145.203
55.2377 -145.203
55.2377 -145.203
55.2377 -145.203
55.2377 -145.203
53.7917 -145.203
54.6053 -145.203
54.1394 -145.203
54.2672 -145.203
55.2377 -145.203
55.2377 -145.203
55.2377 -145.203
55.2377 -145.203
52.6587 -145.203
52.892 -145.203
55.2377 -145.203
55.2377 -145.203
55.2377 -145.203
55.2377 -145.203
55.2377 -145.203
55.2377 -145.203
55.2377 -145.203
55.2377 -145.203
55.2377 -145.203
55.2377 -145.203
55.2377 -145.203
55.2377 -145.203
55.2377 -145.203
55.2377 -145.203
55.2377 -145.203
55.2377 -145.203
55.2377 -145.203
55.2377 -145.203
55.2377 -145.203
55.2377 -145.203
55.2377 -145.203
55.2377 -145.203
55.2377 -145.203
55.2377 -145.203
55.2377 -145.203
55.2377 -145.203
55.2377 -145.203
54.0584 -145.203
55.471 -145.203
55.2377 -145.203
55.2377 -145.203
55.2377 -145.203
55.2377 -145.203
55.2376 -145.203
54.9534 -145.203
55.2377 -145.203
55.2377 -145.203
55.2377 -145.203
55.2377 -145.203
55.2377 -145.203
55.2377 -145.203
54.3765 -145.203
51.9284 -145.203
52.892 -145.203
54.0136 -145.203
54.6619 -145.203
55.2377 -145.203
55.2377 -145.203
55.2377 -145.203
55.2377 -145.203
55.2377 -145.203
55.2377 -145.203
55.2377 -145.203
55.2377 -145.203
55.2377 -145.203
55.2377 -145.203
55.2377 -145.203
55.2377 -145.203
55.2377 -145.203
52.4499 -145.203
52.4253 -145.203
55.2377 -145.203
55.4385 -145.203
53.7917 -145.203
55.2377 -145.203
55.2377 -145.203
55.2377 -145.203
55.2377 -145.203
55.2377 -145.203
55.2377 -145.203
55.2377 -145.203
55.2377 -145.203
55.2377 -145.203
55.2377 -145.203
55.2377 -145.203
55.2377 -145.203
55.2377 -145.203
53.8069 -145.203
55.3344 -145.203
55.2377 -145.203
55.1083 -145.203
52.595 -145.203
55.8087 -145.203
53.1895 -145.203
55.2377 -145.203
55.2377 -145.203
55.2377 -145.203
55.2377 -145.203
55.2377 -145.203
55.2377 -145.203
55.2377 -145.203
55.2377 -145.203
55.2377 -145.203
55.2377 -145.203
55.2377 -145.203
55.2377 -145.203
55.2377 -145.203
55.2377 -145.203
55.2377 -145.203
55.2377 -145.203
55.2377 -145.203
55.2377 -145.203
55.2377 -145.203
55.2377 -145.203
55.2377 -145.203
55.2377 -145.203
53.6595 -145.203
54.5917 -145.203
55.2377 -145.203
55.2377 -145.203
55.2377 -145.203
53.3764 -145.203
55.3763 -145.203
55.2377 -145.203
55.2377 -145.203
55.2377 -145.203
55.2377 -145.203
55.2377 -145.203
55.1329 -145.203
55.2377 -145.203
54.0135 -145.203
55.1737 -145.203
55.1203 -145.203
54.9166 -145.203
55.2377 -145.203
55.2377 -145.203
55.2377 -145.203
55.2377 -145.203
55.2377 -145.203
55.2377 -145.203
55.2377 -145.203
55.2377 -145.203
55.2377 -145.203
55.2377 -145.203
55.2377 -145.203
55.2377 -145.203
55.2377 -145.203
55.2377 -145.203
55.2377 -145.203
55.2377 -145.203
55.2377 -145.203
54.9752 -145.203
54.3428 -145.203
55.2377 -145.203
55.2377 -145.203
55.498 -145.203
53.7446 -145.203
55.2377 -145.203
55.2377 -145.203
55.2377 -145.203
55.2377 -145.203
55.2377 -145.203
55.2377 -145.203
55.2377 -145.203
53.7917 -145.203
53.7917 -145.203
55.2377 -145.203
54.7324 -145.203
53.7803 -145.203
55.2377 -145.203
55.2377 -145.203
55.2377 -145.203
55.2377 -145.203
55.2377 -145.203
52.9561 -145.203
54.2035 -145.203
55.2377 -145.203
55.2377 -145.203
54.0854 -145.203
54.2919 -145.203
55.2377 -145.203
55.2377 -145.203
55.3421 -145.203
52.8037 -145.203
55.2377 -145.203
55.2377 -145.203
53.7917 -145.203
55.1116 -145.203
55.2377 -145.203
55.2377 -145.203
55.2377 -145.203
55.2377 -145.203
55.2377 -145.203
55.2377 -145.203
55.2377 -145.203
55.2377 -145.203
55.2377 -145.203
53.8106 -145.203
55.2315 -145.203
55.2377 -145.203
55.2377 -145.203
54.2189 -145.203
55.1785 -145.203
55.2377 -145.203
55.2377 -145.203
55.2377 -145.203
55.2377 -145.203
54.63 -145.203
54.7559 -145.203
55.2377 -145.203
55.2377 -145.203
55.2377 -145.203
55.2377 -145.203
55.2377 -145.203
55.2377 -145.203
55.2377 -145.203
55.2377 -145.203
55.2377 -145.203
55.2377 -145.203
53.3762 -145.203
55.4711 -145.203
55.2377 -145.203
54.9544 -145.203
53.7917 -145.203
55.2377 -145.203
55.2377 -145.203
55.2377 -145.203
55.2377 -145.203
55.2377 -145.203
55.2377 -145.203
55.2377 -145.203
55.2377 -145.203
55.2377 -145.203
55.2377 -145.203
55.2377 -145.203
55.2377 -145.203
55.2377 -145.203
55.2377 -145.203
55.2377 -145.203
55.2377 -145.203
55.2377 -145.203
55.2377 -145.203
55.2377 -145.203
55.2377 -145.203
55.2377 -145.203
55.2377 -145.203
55.2377 -145.203
55.2377 -145.203
53.547 -145.203
55.2315 -145.203
53.7917 -145.203
54.4657 -145.203
55.2377 -145.203
55.2377 -145.203
55.2377 -145.203
55.2377 -145.203
55.2377 -145.203
55.2377 -145.203
55.2377 -145.203
55.2377 -145.203
55.2377 -145.203
55.2377 -145.203
55.2377 -145.203
55.2377 -145.203
52.6832 -145.203
55.2377 -145.203
55.2377 -145.203
55.2377 -145.203
55.0366 -145.203
42.1199 -145.203
51.9623 -145.203
55.2377 -145.203
55.2377 -145.203
55.2377 -145.203
54.5076 -145.203
55.0639 -145.203
55.2377 -145.203
55.2377 -145.203
55.2377 -145.203
55.2377 -145.203
54.6796 -145.203
51.5022 -145.203
52.8517 -145.203
55.2377 -145.203
55.2377 -145.203
55.2377 -145.203
55.2377 -145.203
55.2377 -145.203
55.2377 -145.203
55.2377 -145.203
55.2377 -145.203
55.2377 -145.203
55.2377 -145.203
55.2377 -145.203
55.2377 -145.203
55.2377 -145.203
55.2377 -145.203
55.2377 -145.203
53.0167 -145.203
55.2315 -145.203
55.2377 -145.203
55.2377 -145.203
55.2377 -145.203
55.2377 -145.203
55.2377 -145.203
55.2377 -145.203
55.2377 -145.203
50.2234 -145.203
50.9162 -145.203
53.122 -145.203
55.2376 -145.203
55.2377 -145.203
55.2377 -145.203
55.2377 -145.203
55.2377 -145.203
55.2377 -145.203
54.4595 -145.203
54.0345 -145.203
55.2377 -145.203
55.2377 -145.203
55.2377 -145.203
55.2377 -145.203
55.2377 -145.203
55.2377 -145.203
55.2377 -145.203
55.2377 -145.203
54.1083 -145.203
55.3359 -145.203
54.0251 -145.203
55.7625 -145.203
55.2377 -145.203
55.2377 -145.203
55.2377 -145.203
55.2377 -145.203
55.2377 -145.203
55.2377 -145.203
55.2377 -145.203
55.2377 -145.203
55.2377 -145.203
55.2377 -145.203
55.2377 -145.203
55.2377 -145.203
55.2377 -145.203
55.2377 -145.203
55.2377 -145.203
55.2377 -145.203
55.2377 -145.203
55.2377 -145.203
55.2377 -145.203
55.2377 -145.203
55.2377 -145.203
55.2377 -145.203
55.2377 -145.203
55.2377 -145.203
55.2377 -145.203
55.2377 -145.203
55.2377 -145.203
55.2377 -145.203
55.2377 -145.203
55.2377 -145.203
55.2377 -145.203
55.2377 -145.203
55.2377 -145.203
55.2377 -145.203
55.2377 -145.203
53.8263 -145.203
55.2377 -145.203
55.2377 -145.203
55.2377 -145.203
55.2377 -145.203
55.2377 -145.203
55.2377 -145.203
55.2377 -145.203
55.2377 -145.203
55.2377 -145.203
55.2377 -145.203
55.2377 -145.203
55.2379 -145.203
55.2377 -145.203
55.2377 -145.203
55.2377 -145.203
55.2377 -145.203
55.2377 -145.203
55.2377 -145.203
55.2377 -145.203
55.2377 -145.203
53.7293 -145.203
54.2167 -145.203
55.2377 -145.203
55.2377 -145.203
54.7178 -145.203
54.8689 -145.203
55.2377 -145.203
55.2377 -145.203
55.2377 -145.203
55.2377 -145.203
55.2377 -145.203
55.2377 -145.203
55.2377 -145.203
55.2377 -145.203
55.2377 -145.203
55.2377 -145.203
55.2377 -145.203
55.2377 -145.203
55.2377 -145.203
53.8811 -145.203
55.2377 -145.203
55.2377 -145.203
55.2377 -145.203
55.2377 -145.203
55.2377 -145.203
55.2377 -145.203
54.2212 -145.203
53.7012 -145.203
54.0561 -145.203
53.3986 -145.203
55.2377 -145.203
55.2377 -145.203
55.2377 -145.203
55.2377 -145.203
55.2377 -145.203
55.2377 -145.203
55.2377 -145.203
55.2377 -145.203
55.2377 -145.203
55.2377 -145.203
55.2377 -145.203
55.2377 -145.203
55.2377 -145.203
55.2377 -145.203
55.2377 -145.203
55.2377 -145.203
55.2377 -145.203
55.2377 -145.203
55.2377 -145.203
55.2377 -145.203
55.2377 -145.203
55.2377 -145.203
55.2377 -145.203
55.2377 -145.203
53.3803 -145.203
55.0366 -145.203
55.2377 -145.203
55.2377 -145.203
54.8593 -145.203
55.2377 -145.203
55.2377 -145.203
55.2377 -145.203
55.2377 -145.203
55.2377 -145.203
55.2377 -145.203
55.2377 -145.203
55.2377 -145.203
55.2377 -145.203
55.2377 -145.203
55.2377 -145.203
55.2377 -145.203
55.2377 -145.203
55.2377 -145.203
55.2377 -145.203
55.2377 -145.203
55.2377 -145.203
55.2377 -145.203
52.9097 -145.203
54.9034 -145.203
55.2377 -145.203
55.2377 -145.203
55.2377 -145.203
55.2377 -145.203
55.2377 -145.203
55.2377 -145.203
55.2377 -145.203
55.2377 -145.203
55.2377 -145.203
55.2377 -145.203
55.2377 -145.203
55.2377 -145.203
55.2377 -145.203
55.2377 -145.203
55.2377 -145.203
55.2377 -145.203
55.2377 -145.203
55.2377 -145.203
55.2377 -145.203
55.2377 -145.203
50.9866 -145.203
54.0604 -145.203
55.2377 -145.203
55.2377 -145.203
55.2377 -145.203
55.2377 -145.203
55.2377 -145.203
55.2377 -145.203
53.4648 -145.203
55.2377 -145.203
54.695 -145.203
53.5116 -145.203
55.2377 -145.203
54.282 -145.203
54.2385 -145.203
55.2377 -145.203
55.2377 -145.203
55.2377 -145.203
55.2377 -145.203
55.2377 -145.203
55.2377 -145.203
55.2377 -145.203
55.2377 -145.203
55.2377 -145.203
55.2377 -145.203
55.2377 -145.203
55.2377 -145.203
55.2377 -145.203
55.2377 -145.203
55.2377 -145.203
55.2377 -145.203
55.2377 -145.203
55.2377 -145.203
55.2377 -145.203
55.2377 -145.203
55.2377 -145.203
55.2377 -145.203
53.1492 -145.203
53.5322 -145.203
55.2377 -145.203
55.2377 -145.203
55.73 -145.203
54.2655 -145.203
55.2377 -145.203
55.2377 -145.203
55.2377 -145.203
55.2377 -145.203
55.2377 -145.203
54.8751 -145.203
55.2377 -145.203
55.2377 -145.203
55.2377 -145.203
55.2377 -145.203
55.2377 -145.203
55.2377 -145.203
53.727 -145.203
55.2378 -145.203
55.2377 -145.203
55.2377 -145.203
55.2377 -145.203
55.2377 -145.203
55.2377 -145.203
53.7917 -145.203
55.8012 -145.203
55.2377 -145.203
55.2377 -145.203
55.2377 -145.203
55.2377 -145.203
55.2377 -145.203
55.2377 -145.203
55.2241 -145.203
54.6053 -145.203
55.2377 -145.203
55.2377 -145.203
55.2377 -145.203
55.2377 -145.203
55.2377 -145.203
55.2377 -145.203
55.2377 -145.203
55.2377 -145.203
55.2377 -145.203
55.2377 -145.203
55.2377 -145.203
54.1354 -145.203
53.8654 -145.203
55.2377 -145.203
55.4898 -145.203
54.5544 -145.203
55.2377 -145.203
55.2377 -145.203
55.2377 -145.203
55.2377 -145.203
55.2377 -145.203
52.7228 -145.203
54.2031 -145.203
55.2377 -145.203
52.7881 -145.203
55.5113 -145.203
55.2377 -145.203
55.2934 -145.203
55.2377 -145.203
55.2377 -145.203
55.2377 -145.203
55.2377 -145.203
55.2377 -145.203
55.2377 -145.203
55.2377 -145.203
49.7596 -145.203
54.7055 -145.203
55.2377 -145.203
55.2377 -145.203
55.2377 -145.203
54.5979 -145.203
53.949 -145.203
55.2377 -145.203
55.2377 -145.203
55.2377 -145.203
55.2377 -145.203
55.2377 -145.203
55.2377 -145.203
55.2377 -145.203
55.2377 -145.203
55.2377 -145.203
55.2377 -145.203
55.2377 -145.203
55.2377 -145.203
55.2377 -145.203
53.1139 -145.203
52.5388 -145.203
54.9402 -145.203
55.2377 -145.203
55.2377 -145.203
55.2377 -145.203
55.2377 -145.203
55.2377 -145.203
55.2377 -145.203
55.2377 -145.203
45.512 -145.203
43.772 -145.203
54.0199 -145.203
55.2377 -145.203
54.5595 -145.203
55.0304 -145.203
55.2377 -145.203
55.2377 -145.203
55.2377 -145.203
55.2377 -145.203
55.2377 -145.203
55.2377 -145.203
55.2377 -145.203
55.2377 -145.203
55.2377 -145.203
55.2377 -145.203
55.2377 -145.203
55.2377 -145.203
55.2377 -145.203
55.2377 -145.203
55.2377 -145.203
55.2377 -145.203
55.2377 -145.203
55.2377 -145.203
55.2377 -145.203
55.2377 -145.203
55.2377 -145.203
55.2377 -145.203
55.2377 -145.203
55.2377 -145.203
55.2377 -145.203
55.2377 -145.203
55.2377 -145.203
55.2377 -145.203
55.2377 -145.203
55.2377 -145.203
55.2377 -145.203
55.2377 -145.203
55.1231 -145.203
55.2377 -145.203
55.2377 -145.203
55.2377 -145.203
55.2377 -145.203
53.3764 -145.203
53.1969 -145.203
55.2377 -145.203
55.2377 -145.203
55.2377 -145.203
55.2377 -145.203
55.2377 -145.203
55.2377 -145.203
55.2377 -145.203
55.2377 -145.203
55.2377 -145.203
55.2377 -145.203
55.2377 -145.203
55.2377 -145.203
55.2377 -145.203
55.2377 -145.203
55.2377 -145.203
55.2377 -145.203
55.2377 -145.203
55.2377 -145.203
55.2377 -145.203
55.2377 -145.203
55.2377 -145.203
55.2377 -145.203
55.2377 -145.203
55.2377 -145.203
55.2377 -145.203
55.2377 -145.203
55.2377 -145.203
55.4711 -145.203
53.3764 -145.203
55.2377 -145.203
55.2377 -145.203
55.2377 -145.203
55.2377 -145.203
55.2377 -145.203
55.2377 -145.203
55.2377 -145.203
53.9266 -145.203
53.8658 -145.203
55.2377 -145.203
55.2377 -145.203
55.2377 -145.203
55.2377 -145.203
55.2377 -145.203
55.2377 -145.203
55.2377 -145.203
55.2377 -145.203
55.2377 -145.203
55.2377 -145.203
53.3764 -145.203
54.859 -145.203
55.2377 -145.203
54.8377 -145.203
54.3461 -145.203
55.2377 -145.203
55.2377 -145.203
55.2377 -145.203
55.2377 -145.203
55.2377 -145.203
55.2377 -145.203
55.2377 -145.203
55.2377 -145.203
55.2377 -145.203
55.2377 -145.203
55.2377 -145.203
55.2377 -145.203
55.2377 -145.203
55.2377 -145.203
54.2031 -145.203
55.0926 -145.203
55.2377 -145.203
55.2377 -145.203
55.2377 -145.203
55.2377 -145.203
55.2377 -145.203
55.2377 -145.203
55.2377 -145.203
55.2377 -145.203
55.2377 -145.203
55.2377 -145.203
55.2377 -145.203
55.2377 -145.203
55.2377 -145.203
55.2377 -145.203
55.2377 -145.203
55.5539 -145.203
54.8306 -145.203
55.2377 -145.203
55.2377 -145.203
55.2377 -145.203
55.2377 -145.203
55.2377 -145.203
55.2377 -145.203
55.2377 -145.203
55.2377 -145.203
55.2377 -145.203
55.2377 -145.203
55.2377 -145.203
55.2377 -145.203
55.2377 -145.203
55.2377 -145.203
55.2377 -145.203
53.3959 -145.203
55.2377 -145.203
55.2377 -145.203
55.2377 -145.203
55.3423 -145.203
54.6587 -145.203
55.2377 -145.203
55.2377 -145.203
55.2377 -145.203
55.2377 -145.203
54.2639 -145.203
52.892 -145.203
53.5971 -145.203
53.3764 -145.203
55.2377 -145.203
55.2377 -145.203
55.2377 -145.203
53.2391 -145.203
53.9264 -145.203
55.2377 -145.203
55.2377 -145.203
55.2377 -145.203
55.2377 -145.203
55.2377 -145.203
55.2377 -145.203
55.2377 -145.203
55.2377 -145.203
55.2377 -145.203
55.2534 -145.203
54.9733 -145.203
55.2377 -145.203
55.2377 -145.203
55.2377 -145.203
55.2377 -145.203
55.2377 -145.203
55.2377 -145.203
55.2377 -145.203
55.2377 -145.203
55.2377 -145.203
55.2377 -145.203
55.2377 -145.203
55.2377 -145.203
55.2377 -145.203
55.2377 -145.203
55.2377 -145.203
55.2377 -145.203
55.2377 -145.203
55.2377 -145.203
55.2377 -145.203
53.7917 -145.203
55.2377 -145.203
55.2377 -145.203
55.2377 -145.203
55.2377 -145.203
55.2377 -145.203
55.2377 -145.203
55.2377 -145.203
55.2377 -145.203
55.2377 -145.203
55.2377 -145.203
55.2377 -145.203
53.7548 -145.203
54.4328 -145.203
55.2377 -145.203
55.2377 -145.203
55.2377 -145.203
55.2377 -145.203
55.2377 -145.203
55.2377 -145.203
55.2377 -145.203
55.2377 -145.203
55.2377 -145.203
55.2377 -145.203
55.2377 -145.203
55.2377 -145.203
55.2377 -145.203
55.2377 -145.203
54.5814 -145.203
54.3273 -145.203
55.2377 -145.203
55.2377 -145.203
55.2377 -145.203
55.2377 -145.203
55.2377 -145.203
55.2377 -145.203
55.2377 -145.203
55.2377 -145.203
55.2377 -145.203
55.2377 -145.203
55.2377 -145.203
55.2377 -145.203
55.2377 -145.203
55.2377 -145.203
55.2377 -145.203
55.2377 -145.203
55.2377 -145.203
55.2377 -145.203
55.2377 -145.203
55.2377 -145.203
55.2377 -145.203
55.2377 -145.203
55.2377 -145.203
55.2377 -145.203
55.2377 -145.203
55.2377 -145.203
55.2377 -145.203
55.2377 -145.203
55.2377 -145.203
55.2377 -145.203
55.2377 -145.203
55.2377 -145.203
55.2377 -145.203
55.2377 -145.203
55.2377 -145.203
55.2377 -145.203
54.6316 -145.203
54.0135 -145.203
55.2377 -145.203
55.2377 -145.203
55.2377 -145.203
55.2377 -145.203
55.2377 -145.203
55.2377 -145.203
54.0746 -145.203
55.2377 -145.203
55.2377 -145.203
55.2377 -145.203
55.2377 -145.203
55.2377 -145.203
55.2377 -145.203
55.2377 -145.203
55.2377 -145.203
55.2377 -145.203
55.2377 -145.203
55.2377 -145.203
53.8099 -145.203
54.2986 -145.203
55.2377 -145.203
55.2377 -145.203
54.8011 -145.203
55.3638 -145.203
55.2377 -145.203
55.2377 -145.203
55.2377 -145.203
55.2377 -145.203
55.2377 -145.203
55.2377 -145.203
55.2377 -145.203
55.2377 -145.203
55.2377 -145.203
55.2377 -145.203
55.2377 -145.203
55.2377 -145.203
53.1431 -145.203
53.3764 -145.203
55.0866 -145.203
55.2377 -145.203
55.2377 -145.203
55.2377 -145.203
55.2377 -145.203
55.2377 -145.203
55.2377 -145.203
55.2377 -145.203
53.6595 -145.203
54.4657 -145.203
55.2377 -145.203
55.2377 -145.203
55.2377 -145.203
55.3592 -145.203
55.2377 -145.203
55.2377 -145.203
55.2377 -145.203
55.2377 -145.203
55.2377 -145.203
55.2377 -145.203
55.2377 -145.203
55.2377 -145.203
55.2377 -145.203
55.2377 -145.203
55.2377 -145.203
55.2377 -145.203
55.2377 -145.203
55.2377 -145.203
55.2377 -145.203
54.886 -145.203
54.473 -145.203
53.9262 -145.203
55.6157 -145.203
55.2377 -145.203
55.2377 -145.203
55.2377 -145.203
55.2377 -145.203
55.2377 -145.203
55.2377 -145.203
53.7917 -145.203
54.6823 -145.203
55.2377 -145.203
55.2377 -145.203
55.2377 -145.203
55.2377 -145.203
55.2377 -145.203
55.2377 -145.203
55.2377 -145.203
55.2377 -145.203
55.2377 -145.203
55.2377 -145.203
55.2377 -145.203
55.2377 -145.203
55.2377 -145.203
55.2377 -145.203
55.2377 -145.203
55.2377 -145.203
55.2377 -145.203
55.2377 -145.203
55.2377 -145.203
55.2377 -145.203
52.385 -145.203
54.4976 -145.203
55.2377 -145.203
55.2377 -145.203
55.2377 -145.203
53.8989 -145.203
54.6053 -145.203
55.2377 -145.203
55.2377 -145.203
55.2377 -145.203
55.2377 -145.203
55.2377 -145.203
55.2377 -145.203
54.0066 -145.203
53.5607 -145.203
55.2377 -145.203
55.2377 -145.203
55.2377 -145.203
54.7336 -145.203
55.2869 -145.203
55.2377 -145.203
55.2377 -145.203
55.2377 -145.203
53.3764 -145.203
55.0803 -145.203
55.2377 -145.203
55.2377 -145.203
55.2377 -145.203
55.2377 -145.203
55.2377 -145.203
55.2377 -145.203
55.2377 -145.203
55.2377 -145.203
55.2377 -145.203
55.2377 -145.203
55.2377 -145.203
55.2377 -145.203
55.2377 -145.203
55.2377 -145.203
52.892 -145.203
55.4742 -145.203
55.3654 -145.203
55.2377 -145.203
55.2377 -145.203
55.2377 -145.203
55.2377 -145.203
55.2377 -145.203
52.7876 -145.203
55.3421 -145.203
55.2377 -145.203
55.2377 -145.203
46.312 -145.203
55.2376 -145.203
55.2377 -145.203
55.2377 -145.203
55.2377 -145.203
55.2377 -145.203
55.2377 -145.203
55.2377 -145.203
55.2377 -145.203
54.0856 -145.203
54.9169 -145.203
55.2377 -145.203
55.2377 -145.203
55.2377 -145.203
53.2782 -145.203
55.6134 -145.203
44.7394 -145.203
53.9297 -145.203
52.4253 -145.203
52.892 -145.203
55.2377 -145.203
55.2377 -145.203
55.2377 -145.203
55.2377 -145.203
55.2377 -145.203
55.2377 -145.203
55.2377 -145.203
55.2377 -145.203
55.2377 -145.203
55.2377 -145.203
55.2377 -145.203
55.2377 -145.203
55.2377 -145.203
55.2377 -145.203
55.2377 -145.203
55.2377 -145.203
55.2377 -145.203
55.2377 -145.203
55.2377 -145.203
55.2377 -145.203
55.2377 -145.203
55.2377 -145.203
55.2377 -145.203
55.2377 -145.203
54.8855 -145.203
54.3186 -145.203
44.3533 -145.203
54.4377 -145.203
55.2377 -145.203
55.2377 -145.203
55.2377 -145.203
55.2377 -145.203
55.2377 -145.203
55.2377 -145.203
55.2377 -145.203
55.2377 -145.203
55.2377 -145.203
55.2377 -145.203
55.2377 -145.203
55.2377 -145.203
55.2377 -145.203
55.2377 -145.203
55.2377 -145.203
55.2377 -145.203
55.2377 -145.203
55.2377 -145.203
55.2377 -145.203
55.2377 -145.203
55.2377 -145.203
55.2377 -145.203
55.2377 -145.203
55.2377 -145.203
55.2377 -145.203
55.2377 -145.203
55.2377 -145.203
55.2377 -145.203
55.2377 -145.203
55.2377 -145.203
55.2377 -145.203
55.2377 -145.203
55.2377 -145.203
54.2865 -145.203
55.2377 -145.203
55.2377 -145.203
55.1162 -145.203
55.3912 -145.203
55.2377 -145.203
55.2377 -145.203
55.2377 -145.203
55.2377 -145.203
55.2377 -145.203
55.2377 -145.203
55.2377 -145.203
55.2377 -145.203
55.2377 -145.203
55.1579 -145.203
52.7876 -145.203
55.2377 -145.203
55.2377 -145.203
55.2377 -145.203
55.2377 -145.203
53.7499 -145.203
55.5756 -145.203
53.3764 -145.203
55.2878 -145.203
55.2377 -145.203
55.2377 -145.203
55.2377 -145.203
55.2377 -145.203
55.2377 -145.203
55.2377 -145.203
55.2377 -145.203
55.2377 -145.203
55.4108 -145.203
55.2377 -145.203
55.2377 -145.203
55.2377 -145.203
55.2377 -145.203
55.2377 -145.203
55.2377 -145.203
53.272 -145.203
53.3764 -145.203
55.2377 -145.203
53.8854 -145.203
55.1693 -145.203
55.2377 -145.203
55.2377 -145.203
55.2377 -145.203
55.2377 -145.203
55.2377 -145.203
55.2377 -145.203
53.5276 -145.203
55.2377 -145.203
55.2377 -145.203
55.2377 -145.203
55.2377 -145.203
55.2377 -145.203
55.2377 -145.203
55.2377 -145.203
55.2377 -145.203
55.2377 -145.203
55.2377 -145.203
55.2377 -145.203
55.2377 -145.203
55.2377 -145.203
55.2377 -145.203
55.2377 -145.203
54.0543 -145.203
54.1151 -145.203
55.2377 -145.203
55.2377 -145.203
55.2377 -145.203
55.2377 -145.203
55.2377 -145.203
55.2377 -145.203
55.2377 -145.203
53.0388 -145.203
53.4243 -145.203
55.2377 -145.203
55.2377 -145.203
55.2377 -145.203
55.2377 -145.203
55.2377 -145.203
55.2377 -145.203
55.2377 -145.203
55.2377 -145.203
55.2377 -145.203
55.2377 -145.203
55.2377 -145.203
55.2377 -145.203
53.7364 -145.203
53.5884 -145.203
55.2377 -145.203
55.2377 -145.203
54.0899 -145.203
54.5343 -145.203
55.2377 -145.203
55.2377 -145.203
55.2377 -145.203
55.2377 -145.203
55.2377 -145.203
54.9575 -145.203
56.0422 -145.203
55.2377 -145.203
55.2377 -145.203
55.2377 -145.203
55.2377 -145.203
55.2377 -145.203
55.2377 -145.203
55.2377 -145.203
53.0371 -145.203
53.2621 -145.203
54.9698 -145.203
55.2377 -145.203
55.2377 -145.203
55.2377 -145.203
55.2377 -145.203
55.2377 -145.203
55.2377 -145.203
55.2377 -145.203
54.8241 -145.203
54.7074 -145.203
55.2377 -145.203
55.2377 -145.203
54.9772 -145.203
55.2375 -145.203
55.149 -145.203
54.3526 -145.203
55.2377 -145.203
55.2377 -145.203
55.2377 -145.203
55.2377 -145.203
55.2377 -145.203
55.2377 -145.203
55.2377 -145.203
55.2377 -145.203
55.2377 -145.203
55.2377 -145.203
55.2377 -145.203
55.2377 -145.203
55.2377 -145.203
55.2377 -145.203
55.2377 -145.203
55.2377 -145.203
55.2377 -145.203
55.2377 -145.203
55.2377 -145.203
55.2377 -145.203
55.2377 -145.203
55.2377 -145.203
55.2377 -145.203
55.2377 -145.203
55.2377 -145.203
55.2377 -145.203
55.2377 -145.203
55.2377 -145.203
55.2377 -145.203
55.2377 -145.203
55.2377 -145.203
55.2377 -145.203
55.2377 -145.203
55.2377 -145.203
55.2377 -145.203
55.2377 -145.203
52.892 -145.203
55.5429 -145.203
55.2708 -145.203
55.2377 -145.203
55.2377 -145.203
55.2377 -145.203
55.2377 -145.203
55.2377 -145.203
55.2377 -145.203
53.9262 -145.203
52.3209 -145.203
55.2377 -145.203
55.2377 -145.203
55.2377 -145.203
55.0412 -145.203
53.5715 -145.203
53.012 -145.203
54.9817 -145.203
55.2377 -145.203
55.2377 -145.203
55.2377 -145.203
55.2377 -145.203
55.2377 -145.203
55.2377 -145.203
55.2377 -145.203
53.073 -145.203
52.7323 -145.203
55.2377 -145.203
55.2377 -145.203
55.2377 -145.203
55.2377 -145.203
55.2377 -145.203
55.2377 -145.203
53.9375 -145.203
53.5313 -145.203
55.2377 -145.203
55.2377 -145.203
55.2377 -145.203
55.2377 -145.203
55.2377 -145.203
55.2377 -145.203
55.2377 -145.203
55.2377 -145.203
55.2377 -145.203
55.2377 -145.203
55.2377 -145.203
55.8073 -145.203
53.7917 -145.203
54.9563 -145.203
55.2377 -145.203
55.2377 -145.203
55.2377 -145.203
55.2377 -145.203
55.2377 -145.203
55.2916 -145.203
50.2515 -145.203
55.2377 -145.203
55.5754 -145.203
52.6832 -145.203
55.2377 -145.203
55.2377 -145.203
55.2377 -145.203
55.2377 -145.203
55.2377 -145.203
55.2377 -145.203
55.2377 -145.203
55.2377 -145.203
55.2377 -145.203
55.2377 -145.203
55.2377 -145.203
55.2377 -145.203
55.2377 -145.203
55.2377 -145.203
55.2377 -145.203
54.3471 -145.203
53.8908 -145.203
55.2377 -145.203
55.2377 -145.203
55.2377 -145.203
55.2377 -145.203
55.2377 -145.203
55.2377 -145.203
55.2377 -145.203
55.2377 -145.203
55.2377 -145.203
54.8916 -145.203
54.8315 -145.203
55.2377 -145.203
55.2377 -145.203
55.2377 -145.203
55.2377 -145.203
55.2377 -145.203
55.2377 -145.203
55.2377 -145.203
51.9763 -145.203
52.892 -145.203
55.2377 -145.203
55.2377 -145.203
55.2377 -145.203
55.2377 -145.203
53.6964 -145.203
55.1428 -145.203
55.2377 -145.203
55.2377 -145.203
53.9266 -145.203
55.5754 -145.203
55.2377 -145.203
55.2377 -145.203
54.0699 -145.203
53.308 -145.203
54.1024 -145.203
55.2377 -145.203
55.2377 -145.203
55.2377 -145.203
55.2377 -145.203
55.2377 -145.203
55.2377 -145.203
52.6832 -145.203
55.5754 -145.203
55.2377 -145.203
54.2236 -145.203
52.6587 -145.203
55.2377 -145.203
55.2377 -145.203
55.2377 -145.203
55.264 -145.203
54.4627 -145.203
55.2377 -145.203
55.2377 -145.203
55.2377 -145.203
55.2377 -145.203
55.2377 -145.203
55.2377 -145.203
55.2377 -145.203
54.595 -145.203
55.2377 -145.203
55.2377 -145.203
53.7979 -145.203
54.6053 -145.203
55.2377 -145.203
55.2377 -145.203
55.2377 -145.203
55.2377 -145.203
55.2377 -145.203
54.2615 -145.203
54.7116 -145.203
55.2377 -145.203
55.2377 -145.203
54.3366 -145.203
54.0135 -145.203
55.3701 -145.203
52.5543 -145.203
53.8218 -145.203
53.2782 -145.203
53.1656 -145.203
55.2377 -145.203
55.2377 -145.203
55.2377 -145.203
55.2377 -145.203
55.2377 -145.203
55.2377 -145.203
55.2377 -145.203
55.2151 -145.203
54.5788 -145.203
54.8377 -145.203
55.0866 -145.203
55.2377 -145.203
54.0595 -145.203
55.2179 -145.203
55.2377 -145.203
55.2377 -145.203
45.512 -145.203
45.5119 -145.203
54.1544 -145.203
55.9325 -145.203
55.2377 -145.203
55.2377 -145.203
55.2377 -145.203
55.2377 -145.203
55.2377 -145.203
55.2377 -145.203
55.2377 -145.203
55.2377 -145.203
55.2377 -145.203
55.2377 -145.203
55.2377 -145.203
55.4044 -145.203
55.2377 -145.203
55.2377 -145.203
55.2377 -145.203
55.2377 -145.203
55.2377 -145.203
55.2377 -145.203
55.3638 -145.203
54.7055 -145.203
55.2377 -145.203
55.2377 -145.203
55.2377 -145.203
55.2377 -145.203
55.2377 -145.203
55.2377 -145.203
55.2377 -145.203
55.2377 -145.203
55.2377 -145.203
55.2377 -145.203
55.2377 -145.203
55.2377 -145.203
55.2377 -145.203
55.2377 -145.203
55.2377 -145.203
55.2377 -145.203
55.2377 -145.203
55.2377 -145.203
55.2377 -145.203
55.5012 -145.203
55.2377 -145.203
55.2377 -145.203
55.2377 -145.203
55.2377 -145.203
55.2377 -145.203
55.2377 -145.203
55.2377 -145.203
55.2377 -145.203
55.2377 -145.203
55.2377 -145.203
55.2377 -145.203
55.2377 -145.203
55.2377 -145.203
55.2377 -145.203
55.2377 -145.203
55.2377 -145.203
55.2377 -145.203
55.2377 -145.203
55.2485 -145.203
54.5084 -145.203
55.2377 -145.203
55.2377 -145.203
55.2377 -145.203
55.2377 -145.203
55.2377 -145.203
55.2377 -145.203
55.2377 -145.203
55.2377 -145.203
55.2377 -145.203
55.2377 -145.203
55.2377 -145.203
55.2377 -145.203
55.2377 -145.203
55.2377 -145.203
55.2377 -145.203
55.2377 -145.203
55.2377 -145.203
55.2377 -145.203
55.2377 -145.203
55.2377 -145.203
55.2377 -145.203
55.2377 -145.203
55.2377 -145.203
55.2377 -145.203
55.2377 -145.203
55.2377 -145.203
55.2377 -145.203
55.2377 -145.203
55.2377 -145.203
55.2377 -145.203
55.2377 -145.203
55.2377 -145.203
55.2377 -145.203
55.2377 -145.203
55.2377 -145.203
55.2377 -145.203
55.2377 -145.203
55.2377 -145.203
55.2377 -145.203
55.2377 -145.203
55.2377 -145.203
55.2377 -145.203
55.2377 -145.203
55.2377 -145.203
55.2377 -145.203
55.2377 -145.203
55.2377 -145.203
55.2377 -145.203
55.2377 -145.203
55.2377 -145.203
55.2377 -145.203
55.2377 -145.203
55.2377 -145.203
53.5288 -145.203
55.355 -145.203
55.2377 -145.203
55.2377 -145.203
55.2377 -145.203
55.1172 -145.203
54.0738 -145.203
55.2377 -145.203
55.2377 -145.203
55.2377 -145.203
55.2377 -145.203
55.2377 -145.203
55.2377 -145.203
55.2377 -145.203
55.2377 -145.203
55.2377 -145.203
55.2377 -145.203
55.2377 -145.203
55.2377 -145.203
54.3239 -145.203
54.3335 -145.203
55.2377 -145.203
55.2377 -145.203
55.2377 -145.203
55.2377 -145.203
55.2377 -145.203
55.2377 -145.203
55.2377 -145.203
55.2377 -145.203
54.7042 -145.203
53.5796 -145.203
55.2377 -145.203
55.2377 -145.203
55.2377 -145.203
55.2377 -145.203
53.5543 -145.203
54.0135 -145.203
55.2377 -145.203
55.2377 -145.203
55.2377 -145.203
55.2377 -145.203
55.2377 -145.203
55.2377 -145.203
55.2377 -145.203
55.2377 -145.203
55.2377 -145.203
55.2377 -145.203
55.2377 -145.203
55.2377 -145.203
55.2377 -145.203
55.2377 -145.203
55.2377 -145.203
55.2377 -145.203
54.7239 -145.203
53.7802 -145.203
55.2377 -145.203
55.2377 -145.203
55.2377 -145.203
55.2377 -145.203
55.2377 -145.203
55.2377 -145.203
55.2377 -145.203
55.2377 -145.203
55.2377 -145.203
55.2377 -145.203
55.2377 -145.203
55.2377 -145.203
55.2377 -145.203
55.2377 -145.203
55.2377 -145.203
55.2377 -145.203
55.2377 -145.203
55.2377 -145.203
55.2377 -145.203
54.9761 -145.203
55.496 -145.203
55.2377 -145.203
55.2377 -145.203
55.2377 -145.203
55.2377 -145.203
55.2377 -145.203
55.2377 -145.203
55.2377 -145.203
55.2377 -145.203
55.2377 -145.203
55.2377 -145.203
55.2377 -145.203
55.2377 -145.203
55.2377 -145.203
55.2377 -145.203
55.2377 -145.203
55.2377 -145.203
55.2377 -145.203
55.2377 -145.203
55.2377 -145.203
55.2377 -145.203
55.2377 -145.203
55.2377 -145.203
55.2377 -145.203
55.2377 -145.203
55.2377 -145.203
55.2377 -145.203
55.2377 -145.203
55.2377 -145.203
55.2377 -145.203
55.0866 -145.203
54.9563 -145.203
55.2377 -145.203
55.2377 -145.203
55.2377 -145.203
54.7507 -145.203
52.3586 -145.203
45.2941 -145.203
46.2042 -145.203
55.2377 -145.203
55.2377 -145.203
55.2377 -145.203
55.2377 -145.203
55.2377 -145.203
55.2377 -145.203
54.4312 -145.203
52.235 -145.203
55.2377 -145.203
55.2377 -145.203
55.2377 -145.203
55.2377 -145.203
55.2377 -145.203
55.2377 -145.203
55.2377 -145.203
55.0427 -145.203
55.2377 -145.203
55.2377 -145.203
55.2377 -145.203
55.2377 -145.203
55.2377 -145.203
55.2377 -145.203
55.2377 -145.203
55.2377 -145.203
55.2377 -145.203
55.2377 -145.203
55.2377 -145.203
55.2377 -145.203
55.2377 -145.203
55.2377 -145.203
54.0731 -145.203
55.3895 -145.203
55.2377 -145.203
55.2377 -145.203
55.2377 -145.203
53.7917 -145.203
53.6291 -145.203
55.2377 -145.203
55.2377 -145.203
55.2377 -145.203
55.2377 -145.203
55.2377 -145.203
53.5592 -145.203
55.2377 -145.203
55.2377 -145.203
54.6161 -145.203
54.7845 -145.203
55.2377 -145.203
55.2377 -145.203
55.2377 -145.203
55.2377 -145.203
55.2377 -145.203
55.2377 -145.203
55.2377 -145.203
55.2377 -145.203
55.2377 -145.203
55.2377 -145.203
55.149 -145.203
55.2377 -145.203
55.2377 -145.203
55.2377 -145.203
55.2377 -145.203
55.2377 -145.203
55.2377 -145.203
55.2377 -145.203
55.2377 -145.203
55.2377 -145.203
55.2377 -145.203
55.2377 -145.203
55.2377 -145.203
54.1394 -145.203
52.8875 -145.203
54.8182 -145.203
46.3121 -145.203
55.2377 -145.203
55.2377 -145.203
55.2377 -145.203
55.2377 -145.203
55.2377 -145.203
55.2377 -145.203
55.2377 -145.203
55.2377 -145.203
54.7055 -145.203
53.8053 -145.203
55.2377 -145.203
55.2377 -145.203
55.2377 -145.203
55.2377 -145.203
55.2377 -145.203
55.2377 -145.203
55.2377 -145.203
55.2377 -145.203
55.2377 -145.203
55.2377 -145.203
55.2377 -145.203
55.3962 -145.203
54.7794 -145.203
55.2377 -145.203
55.2377 -145.203
55.2377 -145.203
55.2377 -145.203
55.2377 -145.203
55.2377 -145.203
55.2377 -145.203
55.2377 -145.203
55.2377 -145.203
55.2377 -145.203
55.2377 -145.203
55.2377 -145.203
55.2377 -145.203
55.2377 -145.203
53.3764 -145.203
53.182 -145.203
54.27 -145.203
55.2377 -145.203
55.2377 -145.203
55.2377 -145.203
52.9327 -145.203
55.2377 -145.203
55.2377 -145.203
55.2377 -145.203
55.2377 -145.203
55.2377 -145.203
55.2377 -145.203
55.2377 -145.203
55.2377 -145.203
54.0647 -145.203
53.3764 -145.203
52.393 -145.203
54.0135 -145.203
55.2377 -145.203
55.2377 -145.203
55.2377 -145.203
55.2377 -145.203
55.2377 -145.203
55.2377 -145.203
55.2377 -145.203
55.2377 -145.203
55.2377 -145.203
55.2377 -145.203
55.2377 -145.203
55.2377 -145.203
55.2377 -145.203
55.2377 -145.203
55.2377 -145.203
55.2377 -145.203
55.2377 -145.203
55.2377 -145.203
55.2377 -145.203
55.2377 -145.203
55.2377 -145.203
55.2377 -145.203
55.2377 -145.203
55.2377 -145.203
55.2377 -145.203
55.2377 -145.203
55.2377 -145.203
55.2377 -145.203
55.2377 -145.203
55.2377 -145.203
55.2377 -145.203
55.2377 -145.203
55.0946 -145.203
53.5613 -145.203
55.2377 -145.203
55.2377 -145.203
55.2377 -145.203
55.2377 -145.203
55.2377 -145.203
55.2377 -145.203
55.2377 -145.203
55.2377 -145.203
55.2377 -145.203
55.2377 -145.203
55.2377 -145.203
55.2377 -145.203
55.2377 -145.203
55.2377 -145.203
55.2377 -145.203
55.2377 -145.203
55.2377 -145.203
55.3638 -145.203
53.4865 -145.203
55.2377 -145.203
55.2377 -145.203
55.2377 -145.203
55.2377 -145.203
55.2377 -145.203
55.2377 -145.203
55.2377 -145.203
55.2377 -145.203
55.2377 -145.203
55.2377 -145.203
55.2377 -145.203
55.2377 -145.203
55.2377 -145.203
55.2377 -145.203
55.2377 -145.203
55.2377 -145.203
55.2377 -145.203
55.2377 -145.203
55.2377 -145.203
55.2377 -145.203
55.2377 -145.203
55.2377 -145.203
55.2377 -145.203
55.2377 -145.203
55.2377 -145.203
55.2377 -145.203
55.2377 -145.203
54.8315 -145.203
53.949 -145.203
55.2377 -145.203
55.2377 -145.203
55.2377 -145.203
55.2377 -145.203
55.2377 -145.203
55.2377 -145.203
55.2377 -145.203
55.2377 -145.203
55.2377 -145.203
55.2377 -145.203
55.2377 -145.203
55.2377 -145.203
55.2377 -145.203
55.2377 -145.203
55.2377 -145.203
55.2377 -145.203
55.2377 -145.203
55.2377 -145.203
55.2377 -145.203
55.2377 -145.203
54.2031 -145.203
52.892 -145.203
55.2377 -145.203
55.2377 -145.203
53.6656 -145.203
53.7917 -145.203
55.2377 -145.203
55.2377 -145.203
55.2377 -145.203
55.2377 -145.203
55.2377 -145.203
55.2377 -145.203
55.2377 -145.203
55.2377 -145.203
55.2377 -145.203
55.2377 -145.203
55.2377 -145.203
55.2377 -145.203
55.2377 -145.203
55.2377 -145.203
55.2377 -145.203
51.1508 -145.203
54.2641 -145.203
55.2377 -145.203
55.2377 -145.203
55.2377 -145.203
55.2377 -145.203
54.944 -145.203
53.7917 -145.203
54.9544 -145.203
55.2377 -145.203
55.2377 -145.203
55.2377 -145.203
55.2377 -145.203
55.2377 -145.203
55.2377 -145.203
55.3154 -145.203
54.7212 -145.203
55.2377 -145.203
55.2377 -145.203
55.2377 -145.203
55.2377 -145.203
55.2377 -145.203
55.2377 -145.203
55.2377 -145.203
55.2377 -145.203
55.2377 -145.203
53.8809 -145.203
54.9828 -145.203
55.2377 -145.203
55.2377 -145.203
55.2377 -145.203
55.2377 -145.203
55.2377 -145.203
53.0547 -145.203
53.3764 -145.203
55.2377 -145.203
55.2377 -145.203
55.2377 -145.203
55.2377 -145.203
55.2377 -145.203
55.2377 -145.203
55.2377 -145.203
55.2377 -145.203
55.2377 -145.203
55.2377 -145.203
55.2377 -145.203
55.2377 -145.203
55.2377 -145.203
55.2377 -145.203
55.2377 -145.203
55.2377 -145.203
55.2377 -145.203
55.2377 -145.203
55.2377 -145.203
55.2377 -145.203
55.2377 -145.203
55.2377 -145.203
55.2377 -145.203
55.2377 -145.203
54.2502 -145.203
53.8132 -145.203
55.3153 -145.203
55.2879 -145.203
55.2377 -145.203
55.2377 -145.203
55.2377 -145.203
55.2377 -145.203
55.2377 -145.203
55.2377 -145.203
55.2377 -145.203
54.1979 -145.203
55.3638 -145.203
55.2377 -145.203
55.2377 -145.203
55.2377 -145.203
55.2377 -145.203
55.2377 -145.203
55.2377 -145.203
55.2377 -145.203
55.2377 -145.203
55.2377 -145.203
55.2377 -145.203
55.2377 -145.203
55.2377 -145.203
55.2377 -145.203
55.2377 -145.203
55.2377 -145.203
55.2377 -145.203
55.2377 -145.203
55.2377 -145.203
55.2377 -145.203
53.6284 -145.203
55.2377 -145.203
55.2377 -145.203
55.2377 -145.203
55.2377 -145.203
55.2377 -145.203
55.2377 -145.203
55.5756 -145.203
54.2581 -145.203
55.2377 -145.203
55.2377 -145.203
55.2377 -145.203
55.2377 -145.203
55.2377 -145.203
55.2377 -145.203
55.2377 -145.203
55.2377 -145.203
55.2377 -145.203
55.2377 -145.203
55.2377 -145.203
55.2377 -145.203
55.2377 -145.203
55.2377 -145.203
55.3421 -145.203
53.9064 -145.203
53.9297 -145.203
55.2377 -145.203
55.2377 -145.203
55.2377 -145.203
55.2377 -145.203
55.2377 -145.203
55.2377 -145.203
55.2377 -145.203
55.2377 -145.203
55.2377 -145.203
55.2377 -145.203
55.2377 -145.203
55.2377 -145.203
55.2377 -145.203
55.2377 -145.203
54.6662 -145.203
55.2377 -145.203
55.2377 -145.203
55.2377 -145.203
53.7483 -145.203
53.2508 -145.203
55.2377 -145.203
55.2377 -145.203
55.2377 -145.203
55.2377 -145.203
55.2377 -145.203
55.2377 -145.203
55.9386 -145.203
54.4292 -145.203
55.2377 -145.203
56.0189 -145.203
55.5032 -145.203
52.3484 -145.203
53.5153 -145.203
55.2377 -145.203
55.2377 -145.203
55.2377 -145.203
55.2377 -145.203
55.2377 -145.203
55.2377 -145.203
55.2377 -145.203
55.2377 -145.203
55.2377 -145.203
55.2377 -145.203
55.2377 -145.203
55.2377 -145.203
54.4377 -145.203
53.4865 -145.203
55.2377 -145.203
55.2377 -145.203
55.2377 -145.203
55.2377 -145.203
55.2377 -145.203
54.5413 -145.203
54.5618 -145.203
55.2377 -145.203
55.2377 -145.203
55.2377 -145.203
55.2377 -145.203
55.2377 -145.203
54.3399 -145.203
54.5348 -145.203
53.8249 -145.203
54.7248 -145.203
55.2377 -145.203
55.2377 -145.203
54.3928 -145.203
54.8179 -145.203
55.2377 -145.203
55.2377 -145.203
54.1565 -145.203
45.5121 -145.203
55.2377 -145.203
55.2377 -145.203
55.2377 -145.203
54.1917 -145.203
55.2377 -145.203
55.2377 -145.203
55.2377 -145.203
55.2377 -145.203
55.2377 -145.203
55.0852 -145.203
54.0963 -145.203
55.2377 -145.203
55.2377 -145.203
54.2202 -145.203
54.2777 -145.203
55.2377 -145.203
51.2516 -145.203
55.3813 -145.203
54.2106 -145.203
55.2377 -145.203
55.2377 -145.203
55.2377 -145.203
55.2377 -145.203
55.2377 -145.203
55.2377 -145.203
53.6928 -145.203
55.5754 -145.203
55.2377 -145.203
55.2377 -145.203
55.2377 -145.203
55.2377 -145.203
55.2377 -145.203
55.2377 -145.203
55.2377 -145.203
55.2377 -145.203
55.2377 -145.203
55.2377 -145.203
55.2377 -145.203
55.2377 -145.203
55.2377 -145.203
55.2377 -145.203
55.2377 -145.203
53.7739 -145.203
54.445 -145.203
55.2377 -145.203
55.2377 -145.203
55.2377 -145.203
55.2377 -145.203
55.2377 -145.203
55.2377 -145.203
55.2377 -145.203
55.2377 -145.203
55.2377 -145.203
55.2377 -145.203
55.2377 -145.203
55.2377 -145.203
55.2377 -145.203
55.2377 -145.203
55.2377 -145.203
55.2377 -145.203
53.9158 -145.203
54.298 -145.203
55.2377 -145.203
55.2377 -145.203
55.2377 -145.203
55.2377 -145.203
55.2377 -145.203
55.2377 -145.203
55.2377 -145.203
55.6439 -145.203
55.3699 -145.203
55.2377 -145.203
53.9698 -145.203
52.892 -145.203
53.9428 -145.203
53.7917 -145.203
54.7239 -145.203
55.2377 -145.203
55.2377 -145.203
55.2377 -145.203
54.5021 -145.203
55.1538 -145.203
55.2377 -145.203
55.2377 -145.203
55.2377 -145.203
55.2377 -145.203
55.2377 -145.203
55.2377 -145.203
54.0173 -145.203
55.2377 -145.203
55.2377 -145.203
55.2377 -145.203
54.0148 -145.203
55.1898 -145.203
55.2377 -145.203
55.2377 -145.203
55.2377 -145.203
55.2377 -145.203
55.2377 -145.203
55.2377 -145.203
55.2377 -145.203
54.9942 -145.203
55.2335 -145.203
55.2377 -145.203
55.2377 -145.203
55.2377 -145.203
55.2377 -145.203
55.2377 -145.203
55.2377 -145.203
55.2377 -145.203
55.2377 -145.203
54.3239 -145.203
53.5273 -145.203
55.2377 -145.203
55.2377 -145.203
55.2378 -145.203
55.2377 -145.203
53.3591 -145.203
52.5543 -145.203
55.2377 -145.203
55.2377 -145.203
55.2377 -145.203
55.2377 -145.203
55.3014 -145.203
55.2377 -145.203
55.2377 -145.203
55.2377 -145.203
54.7437 -145.203
54.9859 -145.203
55.2377 -145.203
55.2377 -145.203
55.2377 -145.203
55.2377 -145.203
55.2377 -145.203
55.2377 -145.203
55.2377 -145.203
55.2377 -145.203
55.2377 -145.203
55.2377 -145.203
55.2377 -145.203
55.2377 -145.203
55.2377 -145.203
55.2377 -145.203
55.2377 -145.203
55.2377 -145.203
55.2377 -145.203
55.2377 -145.203
55.2377 -145.203
55.2377 -145.203
55.2377 -145.203
55.2377 -145.203
55.2377 -145.203
55.2377 -145.203
53.6574 -145.203
55.3638 -145.203
55.2377 -145.203
55.2377 -145.203
55.2377 -145.203
55.2377 -145.203
55.2377 -145.203
55.2377 -145.203
55.2377 -145.203
55.2377 -145.203
55.2315 -145.203
53.8615 -145.203
55.2377 -145.203
55.2377 -145.203
55.2377 -145.203
55.2377 -145.203
55.2377 -145.203
55.2377 -145.203
55.2377 -145.203
55.2377 -145.203
55.2377 -145.203
54.3939 -145.203
54.7528 -145.203
55.2377 -145.203
55.2377 -145.203
55.2377 -145.203
55.2377 -145.203
53.7917 -145.203
54.2229 -145.203
55.2377 -145.203
55.2377 -145.203
55.2377 -145.203
55.2377 -145.203
55.2377 -145.203
55.2377 -145.203
55.2377 -145.203
55.2377 -145.203
55.2377 -145.203
54.5613 -145.203
54.9637 -145.203
55.2377 -145.203
55.2377 -145.203
55.2377 -145.203
55.2377 -145.203
55.2377 -145.203
55.2377 -145.203
55.2377 -145.203
55.2377 -145.203
55.2377 -145.203
55.2377 -145.203
55.2377 -145.203
55.2377 -145.203
55.2377 -145.203
55.2377 -145.203
54.067 -145.203
54.6896 -145.203
55.2377 -145.203
55.2377 -145.203
55.2377 -145.203
55.2377 -145.203
55.2377 -145.203
55.2377 -145.203
55.2377 -145.203
55.2377 -145.203
55.2377 -145.203
53.5322 -145.203
55.3135 -145.203
55.2377 -145.203
55.2377 -145.203
54.6013 -145.203
54.5851 -145.203
55.2377 -145.203
55.2377 -145.203
55.2377 -145.203
55.2377 -145.203
55.2377 -145.203
55.2377 -145.203
55.2377 -145.203
55.2377 -145.203
55.2377 -145.203
55.2377 -145.203
55.2377 -145.203
55.2377 -145.203
55.2377 -145.203
55.2377 -145.203
55.2377 -145.203
55.2377 -145.203
55.2377 -145.203
55.2377 -145.203
55.2377 -145.203
55.2377 -145.203
53.8742 -145.203
54.6866 -145.203
55.2377 -145.203
55.2377 -145.203
55.2377 -145.203
55.2377 -145.203
55.2377 -145.203
55.2377 -145.203
55.2377 -145.203
53.0136 -145.203
54.6589 -145.203
55.2377 -145.203
55.2377 -145.203
54.8593 -145.203
55.2377 -145.203
55.2377 -145.203
55.2377 -145.203
55.2377 -145.203
55.2377 -145.203
54.8567 -145.203
54.387 -145.203
55.2377 -145.203
55.2377 -145.203
53.3763 -145.203
55.2151 -145.203
55.2377 -145.203
55.2377 -145.203
55.2377 -145.203
55.2377 -145.203
54.9001 -145.203
55.1844 -145.203
55.2377 -145.203
55.2377 -145.203
55.2377 -145.203
55.2377 -145.203
55.2377 -145.203
55.2377 -145.203
54.8118 -145.203
55.0866 -145.203
55.4762 -145.203
54.7324 -145.203
55.2377 -145.203
55.2377 -145.203
55.2377 -145.203
55.2377 -145.203
55.2377 -145.203
55.2377 -145.203
53.7917 -145.203
55.3638 -145.203
55.2377 -145.203
55.2377 -145.203
55.2377 -145.203
55.5429 -145.203
54.8179 -145.203
55.2377 -145.203
55.2377 -145.203
55.2377 -145.203
55.2377 -145.203
55.2377 -145.203
55.911 -145.203
55.2377 -145.203
55.2377 -145.203
55.2377 -145.203
55.2377 -145.203
55.2377 -145.203
55.2377 -145.203
55.2377 -145.203
55.2377 -145.203
55.2377 -145.203
55.2377 -145.203
55.2377 -145.203
55.2377 -145.203
55.2377 -145.203
55.2377 -145.203
55.2377 -145.203
55.2377 -145.203
55.2377 -145.203
53.7917 -145.203
55.2751 -145.203
55.2377 -145.203
55.2377 -145.203
55.2377 -145.203
55.2377 -145.203
55.2377 -145.203
52.892 -145.203
53.0372 -145.203
54.7054 -145.203
55.2377 -145.203
55.2377 -145.203
55.2377 -145.203
55.2377 -145.203
55.2377 -145.203
55.2377 -145.203
55.2377 -145.203
55.2377 -145.203
55.2377 -145.203
55.2377 -145.203
55.2377 -145.203
55.2377 -145.203
55.2377 -145.203
55.2377 -145.203
55.2377 -145.203
55.2377 -145.203
55.2377 -145.203
55.2377 -145.203
55.2377 -145.203
55.2377 -145.203
55.2377 -145.203
55.0952 -145.203
55.3699 -145.203
55.2377 -145.203
55.2377 -145.203
55.2377 -145.203
55.2377 -145.203
55.2377 -145.203
55.2377 -145.203
55.2377 -145.203
55.2377 -145.203
55.2377 -145.203
55.2377 -145.203
55.2377 -145.203
55.2377 -145.203
55.2377 -145.203
55.2377 -145.203
55.2377 -145.203
55.2377 -145.203
55.2377 -145.203
55.2377 -145.203
55.2377 -145.203
55.2377 -145.203
55.2377 -145.203
55.2377 -145.203
55.2377 -145.203
55.2377 -145.203
55.2377 -145.203
55.2377 -145.203
55.2377 -145.203
55.2377 -145.203
55.2377 -145.203
55.0285 -145.203
52.5543 -145.203
55.2377 -145.203
55.1897 -145.203
55.5758 -145.203
55.2377 -145.203
55.2377 -145.203
55.2377 -145.203
55.2377 -145.203
55.2377 -145.203
55.2377 -145.203
55.2377 -145.203
55.2377 -145.203
55.2377 -145.203
55.2377 -145.203
55.2377 -145.203
55.2377 -145.203
54.1769 -145.203
55.2638 -145.203
55.2377 -145.203
55.2377 -145.203
55.2377 -145.203
55.2377 -145.203
55.2377 -145.203
55.2377 -145.203
55.2377 -145.203
55.2377 -145.203
55.2377 -145.203
55.2377 -145.203
55.2377 -145.203
55.2377 -145.203
55.2377 -145.203
55.2377 -145.203
55.2377 -145.203
55.2377 -145.203
55.2377 -145.203
55.5134 -145.203
54.5411 -145.203
55.2377 -145.203
55.2377 -145.203
55.2377 -145.203
55.2377 -145.203
55.2377 -145.203
55.2377 -145.203
55.2377 -145.203
55.2377 -145.203
55.2377 -145.203
55.2377 -145.203
55.2377 -145.203
55.2377 -145.203
55.2377 -145.203
55.2377 -145.203
55.2377 -145.203
55.2377 -145.203
55.2377 -145.203
55.2377 -145.203
55.2377 -145.203
55.2377 -145.203
55.2377 -145.203
55.2377 -145.203
55.2377 -145.203
55.2377 -145.203
55.2377 -145.203
55.2377 -145.203
55.2377 -145.203
55.2377 -145.203
55.2377 -145.203
55.2377 -145.203
55.2377 -145.203
55.2377 -145.203
55.2377 -145.203
55.2377 -145.203
55.2377 -145.203
45.2497 -145.203
55.911 -145.203
55.2377 -145.203
55.2377 -145.203
55.2377 -145.203
55.2377 -145.203
55.2377 -145.203
55.2377 -145.203
55.2377 -145.203
55.2377 -145.203
55.2377 -145.203
55.111 -145.203
55.2377 -145.203
55.2377 -145.203
55.2377 -145.203
55.2377 -145.203
55.2377 -145.203
55.2377 -145.203
55.2377 -145.203
55.2377 -145.203
55.2377 -145.203
55.2377 -145.203
55.2377 -145.203
55.2377 -145.203
55.2377 -145.203
55.2377 -145.203
55.2377 -145.203
54.0882 -145.203
53.7343 -145.203
55.2377 -145.203
55.2377 -145.203
55.2377 -145.203
53.7917 -145.203
54.0534 -145.203
54.4855 -145.203
55.2377 -145.203
55.2377 -145.203
55.2377 -145.203
55.2377 -145.203
55.2377 -145.203
55.2377 -145.203
55.2377 -145.203
55.2377 -145.203
55.2377 -145.203
55.2377 -145.203
55.2377 -145.203
55.2377 -145.203
55.2377 -145.203
55.2377 -145.203
55.2377 -145.203
55.2377 -145.203
55.2377 -145.203
55.2377 -145.203
55.2377 -145.203
55.2377 -145.203
55.2377 -145.203
55.2377 -145.203
55.2377 -145.203
55.2377 -145.203
55.2377 -145.203
55.2377 -145.203
55.2377 -145.203
55.2377 -145.203
55.2377 -145.203
55.2377 -145.203
55.2377 -145.203
55.2377 -145.203
55.2377 -145.203
55.2377 -145.203
55.2377 -145.203
55.2377 -145.203
55.2377 -145.203
55.2377 -145.203
55.2377 -145.203
55.2377 -145.203
53.1895 -145.203
55.471 -145.203
55.2377 -145.203
55.2377 -145.203
55.2377 -145.203
55.2377 -145.203
55.2377 -145.203
55.2377 -145.203
55.2377 -145.203
55.2377 -145.203
55.2377 -145.203
55.2377 -145.203
55.2377 -145.203
55.2377 -145.203
54.7396 -145.203
54.7428 -145.203
55.2377 -145.203
55.2377 -145.203
55.2377 -145.203
55.2377 -145.203
55.2377 -145.203
52.4253 -145.203
54.5618 -145.203
55.2377 -145.203
55.2377 -145.203
55.5429 -145.203
54.4949 -145.203
54.2286 -145.203
54.0135 -145.203
55.2377 -145.203
55.2377 -145.203
55.2377 -145.203
55.2377 -145.203
55.2377 -145.203
55.2377 -145.203
55.2377 -145.203
55.2377 -145.203
55.2377 -145.203
55.2377 -145.203
55.2377 -145.203
55.2377 -145.203
55.2377 -145.203
55.2377 -145.203
55.2377 -145.203
55.2377 -145.203
55.2377 -145.203
55.2377 -145.203
55.2377 -145.203
55.2377 -145.203
55.2377 -145.203
55.2377 -145.203
55.2377 -145.203
55.2377 -145.203
55.2377 -145.203
55.2377 -145.203
55.2377 -145.203
54.2035 -145.203
53.1895 -145.203
55.2377 -145.203
55.2377 -145.203
55.2377 -145.203
55.2377 -145.203
55.2377 -145.203
55.2377 -145.203
54.3734 -145.203
53.3826 -145.203
55.2377 -145.203
55.2377 -145.203
55.2377 -145.203
55.2377 -145.203
55.2377 -145.203
55.2377 -145.203
55.2377 -145.203
55.2377 -145.203
55.849 -145.203
55.2377 -145.203
55.2377 -145.203
55.2377 -145.203
55.2377 -145.203
55.2377 -145.203
55.2377 -145.203
55.2377 -145.203
55.0819 -145.203
53.3764 -145.203
55.2377 -145.203
55.2377 -145.203
55.2377 -145.203
55.2377 -145.203
55.2377 -145.203
55.2377 -145.203
55.2377 -145.203
55.2377 -145.203
54.2918 -145.203
54.2236 -145.203
55.2377 -145.203
55.2377 -145.203
55.2377 -145.203
55.2377 -145.203
55.2377 -145.203
55.2377 -145.203
55.2377 -145.203
55.2377 -145.203
55.2377 -145.203
53.2704 -145.203
55.471 -145.203
55.2377 -145.203
55.2377 -145.203
55.2377 -145.203
55.2377 -145.203
55.2377 -145.203
55.2377 -145.203
55.2377 -145.203
55.2377 -145.203
55.2377 -145.203
55.2377 -145.203
55.2377 -145.203
55.2377 -145.203
55.2377 -145.203
55.2377 -145.203
55.2377 -145.203
55.2377 -145.203
55.2377 -145.203
55.2377 -145.203
55.2377 -145.203
55.2377 -145.203
55.2377 -145.203
55.2377 -145.203
55.2377 -145.203
55.2377 -145.203
55.2377 -145.203
55.2377 -145.203
55.2377 -145.203
55.2377 -145.203
55.2377 -145.203
53.8812 -145.203
53.6663 -145.203
55.2377 -145.203
54.357 -145.203
53.9979 -145.203
55.2377 -145.203
55.2377 -145.203
55.2377 -145.203
55.2377 -145.203
52.5543 -145.203
52.5543 -145.203
55.2377 -145.203
55.2377 -145.203
55.2377 -145.203
55.2377 -145.203
55.2377 -145.203
55.2377 -145.203
55.2377 -145.203
55.2377 -145.203
55.2377 -145.203
55.2377 -145.203
55.2377 -145.203
55.2377 -145.203
55.2377 -145.203
55.2377 -145.203
55.2377 -145.203
55.2377 -145.203
55.2377 -145.203
55.2377 -145.203
55.2377 -145.203
55.2377 -145.203
53.3764 -145.203
53.5831 -145.203
54.1917 -145.203
55.2377 -145.203
55.2377 -145.203
55.2377 -145.203
55.2377 -145.203
55.2377 -145.203
55.2377 -145.203
55.2377 -145.203
45.123 -145.203
45.123 -145.203
55.2377 -145.203
55.2377 -145.203
55.2377 -145.203
55.2377 -145.203
55.2377 -145.203
55.2377 -145.203
55.2377 -145.203
55.2377 -145.203
55.2377 -145.203
55.2377 -145.203
53.9073 -145.203
53.8251 -145.203
55.2377 -145.203
55.2377 -145.203
55.2377 -145.203
55.2377 -145.203
55.2377 -145.203
55.2377 -145.203
55.2377 -145.203
55.2377 -145.203
55.2377 -145.203
55.2377 -145.203
55.2377 -145.203
55.2377 -145.203
55.2377 -145.203
55.2377 -145.203
55.2377 -145.203
55.2377 -145.203
53.166 -145.203
54.3079 -145.203
55.2377 -145.203
51.523 -145.203
54.3749 -145.203
53.844 -145.203
54.7376 -145.203
55.2377 -145.203
55.2377 -145.203
55.2377 -145.203
55.2377 -145.203
55.2377 -145.203
55.2377 -145.203
55.2377 -145.203
55.2377 -145.203
55.2377 -145.203
55.2377 -145.203
55.2377 -145.203
55.2377 -145.203
55.2377 -145.203
55.2377 -145.203
54.5137 -145.203
55.4681 -145.203
55.2377 -145.203
55.2377 -145.203
55.2377 -145.203
55.2377 -145.203
55.2377 -145.203
55.2377 -145.203
55.2377 -145.203
55.2377 -145.203
55.2377 -145.203
55.2377 -145.203
55.2377 -145.203
55.2377 -145.203
52.892 -145.203
54.2236 -145.203
55.2377 -145.203
55.2377 -145.203
55.2377 -145.203
55.2377 -145.203
52.2166 -145.203
53.9295 -145.203
55.2377 -145.203
55.2377 -145.203
55.2377 -145.203
55.2377 -145.203
55.2377 -145.203
55.2377 -145.203
53.1258 -145.203
55.2377 -145.203
55.2377 -145.203
55.2377 -145.203
55.2377 -145.203
55.278 -145.203
53.0832 -145.203
54.4412 -145.203
55.2377 -145.203
55.2377 -145.203
55.2377 -145.203
55.2377 -145.203
55.2377 -145.203
55.2377 -145.203
55.2377 -145.203
45.4042 -145.203
45.512 -145.203
55.2377 -145.203
55.2377 -145.203
55.2377 -145.203
55.2377 -145.203
55.2377 -145.203
55.2377 -145.203
55.2377 -145.203
55.2377 -145.203
55.2377 -145.203
55.2377 -145.203
55.2377 -145.203
55.2377 -145.203
55.2377 -145.203
55.2377 -145.203
55.2377 -145.203
55.2377 -145.203
55.2377 -145.203
55.2377 -145.203
55.2377 -145.203
55.2377 -145.203
55.2377 -145.203
54.0136 -145.203
54.2923 -145.203
55.2377 -145.203
55.2377 -145.203
55.2377 -145.203
55.2377 -145.203
53.8859 -145.203
52.892 -145.203
55.2377 -145.203
55.2377 -145.203
55.2377 -145.203
55.2377 -145.203
55.2377 -145.203
55.2377 -145.203
55.2377 -145.203
55.2377 -145.203
55.2377 -145.203
53.7917 -145.203
53.7917 -145.203
55.2377 -145.203
53.8379 -145.203
55.471 -145.203
55.2377 -145.203
55.2377 -145.203
55.2377 -145.203
55.2377 -145.203
55.2377 -145.203
55.2377 -145.203
55.2377 -145.203
55.2377 -145.203
55.2377 -145.203
55.2377 -145.203
55.2377 -145.203
55.2377 -145.203
55.2377 -145.203
55.2377 -145.203
55.2377 -145.203
55.2377 -145.203
55.2377 -145.203
53.7917 -145.203
54.2021 -145.203
55.2377 -145.203
55.2377 -145.203
54.4826 -145.203
54.6104 -145.203
55.2377 -145.203
55.2377 -145.203
55.2377 -145.203
55.2377 -145.203
55.2377 -145.203
54.4986 -145.203
55.2743 -145.203
55.2377 -145.203
55.2377 -145.203
55.2377 -145.203
55.2377 -145.203
55.2377 -145.203
55.2377 -145.203
55.2377 -145.203
55.2377 -145.203
55.2377 -145.203
55.2377 -145.203
55.3701 -145.203
55.2533 -145.203
54.4369 -145.203
54.2643 -145.203
55.2377 -145.203
54.6003 -145.203
55.2533 -145.203
55.2377 -145.203
55.2377 -145.203
55.2377 -145.203
55.2377 -145.203
55.2377 -145.203
55.2377 -145.203
55.2377 -145.203
55.2377 -145.203
55.3421 -145.203
52.2807 -145.203
55.2377 -145.203
53.7281 -145.203
55.1193 -145.203
55.2377 -145.203
55.2377 -145.203
55.2377 -145.203
55.2377 -145.203
55.2377 -145.203
55.2377 -145.203
55.2377 -145.203
54.3978 -145.203
54.6009 -145.203
55.2377 -145.203
55.2377 -145.203
55.2377 -145.203
55.2377 -145.203
55.2377 -145.203
55.2377 -145.203
55.2377 -145.203
53.3764 -145.203
52.9097 -145.203
55.2377 -145.203
55.2377 -145.203
55.2377 -145.203
54.0135 -145.203
54.8937 -145.203
55.2377 -145.203
54.5752 -145.203
55.2315 -145.203
55.2377 -145.203
55.2377 -145.203
55.2377 -145.203
55.2377 -145.203
55.2377 -145.203
55.2377 -145.203
45.9199 -145.203
45.1198 -145.203
55.2377 -145.203
55.2377 -145.203
55.2377 -145.203
55.2377 -145.203
55.2377 -145.203
55.2377 -145.203
55.2377 -145.203
55.2377 -145.203
55.2377 -145.203
55.2377 -145.203
55.2377 -145.203
55.2377 -145.203
55.2377 -145.203
55.2377 -145.203
55.2377 -145.203
54.9402 -145.203
54.8995 -145.203
55.2377 -145.203
55.2377 -145.203
55.2377 -145.203
55.2377 -145.203
55.2377 -145.203
55.2377 -145.203
55.2377 -145.203
55.2377 -145.203
55.2377 -145.203
55.2377 -145.203
55.2377 -145.203
55.2377 -145.203
55.2377 -145.203
55.02 -145.203
54.8787 -145.203
55.2377 -145.203
55.2377 -145.203
55.2377 -145.203
53.6293 -145.203
53.8776 -145.203
55.2377 -145.203
55.2377 -145.203
55.2377 -145.203
55.2377 -145.203
55.2377 -145.203
55.2377 -145.203
55.2377 -145.203
55.2377 -145.203
55.2377 -145.203
55.2377 -145.203
55.2377 -145.203
55.2377 -145.203
55.2377 -145.203
55.2377 -145.203
45.512 -145.203
44.4392 -145.203
53.3724 -145.203
53.3764 -145.203
55.2377 -145.203
55.2377 -145.203
55.2377 -145.203
55.2377 -145.203
55.2377 -145.203
54.5459 -145.203
54.857 -145.203
55.2377 -145.203
55.2377 -145.203
55.2377 -145.203
55.2377 -145.203
55.2377 -145.203
52.7876 -145.203
54.875 -145.203
55.2377 -145.203
55.2377 -145.203
55.2377 -145.203
55.2377 -145.203
55.2377 -145.203
55.2377 -145.203
55.2377 -145.203
55.2377 -145.203
54.3046 -145.203
53.0371 -145.203
55.2377 -145.203
55.2377 -145.203
55.2377 -145.203
55.2377 -145.203
55.2377 -145.203
54.3367 -145.203
53.5282 -145.203
55.2377 -145.203
53.8083 -145.203
55.5178 -145.203
55.2377 -145.203
55.2377 -145.203
55.2377 -145.203
55.2377 -145.203
55.2377 -145.203
55.2377 -145.203
55.2377 -145.203
50.0037 -145.203
50.878 -145.203
54.4139 -145.203
54.602 -145.203
52.4409 -145.203
54.7533 -145.203
55.2377 -145.203
55.2377 -145.203
55.2377 -145.203
55.2377 -145.203
55.2377 -145.203
55.3421 -145.203
53.5322 -145.203
55.2377 -145.203
55.2377 -145.203
54.6423 -145.203
53.9698 -145.203
55.2377 -145.203
55.2377 -145.203
55.2377 -145.203
55.2377 -145.203
55.2377 -145.203
55.2377 -145.203
55.2377 -145.203
55.2377 -145.203
52.6587 -145.203
54.4731 -145.203
55.2377 -145.203
55.2377 -145.203
55.2377 -145.203
54.4412 -145.203
55.4065 -145.203
55.2377 -145.203
55.2377 -145.203
55.2377 -145.203
55.2377 -145.203
55.2377 -145.203
52.6555 -145.203
54.4241 -145.203
55.2377 -145.203
55.2377 -145.203
55.2377 -145.203
55.2377 -145.203
55.2377 -145.203
55.2377 -145.203
55.2377 -145.203
55.2377 -145.203
55.2377 -145.203
55.2377 -145.203
55.2377 -145.203
54.5917 -145.203
53.8168 -145.203
55.2377 -145.203
55.2377 -145.203
55.2377 -145.203
55.2377 -145.203
52.6587 -145.203
55.4303 -145.203
55.2377 -145.203
55.2377 -145.203
55.2377 -145.203
55.0275 -145.203
54.8028 -145.203
55.2377 -145.203
55.2377 -145.203
55.2377 -145.203
55.2377 -145.203
55.2377 -145.203
55.2377 -145.203
55.2377 -145.203
55.2377 -145.203
55.2377 -145.203
55.2377 -145.203
55.2377 -145.203
55.2377 -145.203
55.2377 -145.203
55.2377 -145.203
55.2377 -145.203
55.2377 -145.203
55.2377 -145.203
55.2377 -145.203
55.2377 -145.203
55.2377 -145.203
55.2377 -145.203
54.0135 -145.203
53.8856 -145.203
55.2377 -145.203
55.2377 -145.203
55.2377 -145.203
55.2377 -145.203
55.2377 -145.203
55.2377 -145.203
54.2643 -145.203
52.892 -145.203
54.2122 -145.203
53.3889 -145.203
55.2377 -145.203
55.2377 -145.203
55.2377 -145.203
55.2377 -145.203
55.2377 -145.203
55.2377 -145.203
55.2377 -145.203
55.2377 -145.203
55.2377 -145.203
55.2377 -145.203
55.2377 -145.203
55.2377 -145.203
55.5012 -145.203
55.0041 -145.203
55.2377 -145.203
55.2377 -145.203
55.2377 -145.203
55.2377 -145.203
55.2377 -145.203
55.2377 -145.203
55.2377 -145.203
55.2377 -145.203
55.2377 -145.203
55.2377 -145.203
55.2377 -145.203
55.2377 -145.203
55.2377 -145.203
55.2377 -145.203
55.2377 -145.203
55.2377 -145.203
55.2377 -145.203
55.2377 -145.203
55.2377 -145.203
55.2377 -145.203
55.2377 -145.203
55.2377 -145.203
54.2236 -145.203
52.892 -145.203
55.8881 -145.203
55.2377 -145.203
55.2377 -145.203
55.2377 -145.203
55.2377 -145.203
55.2377 -145.203
55.2377 -145.203
55.2377 -145.203
55.2377 -145.203
55.2377 -145.203
55.2377 -145.203
53.8812 -145.203
53.1179 -145.203
55.2377 -145.203
55.2377 -145.203
55.2377 -145.203
55.2377 -145.203
55.2377 -145.203
55.2377 -145.203
55.2377 -145.203
55.2377 -145.203
55.2377 -145.203
53.2344 -145.203
53.7917 -145.203
55.2377 -145.203
52.9327 -145.203
55.471 -145.203
55.2377 -145.203
55.2377 -145.203
55.2377 -145.203
55.2377 -145.203
55.2377 -145.203
55.2377 -145.203
55.2377 -145.203
55.2377 -145.203
55.2377 -145.203
55.6335 -145.203
54.1856 -145.203
55.2377 -145.203
55.2377 -145.203
55.2377 -145.203
55.2377 -145.203
55.2377 -145.203
55.2377 -145.203
55.2377 -145.203
55.2377 -145.203
55.2377 -145.203
55.2377 -145.203
55.2377 -145.203
55.2377 -145.203
55.2377 -145.203
55.2377 -145.203
55.2377 -145.203
55.2377 -145.203
55.2377 -145.203
55.2377 -145.203
52.892 -145.203
52.892 -145.203
55.2377 -145.203
55.2377 -145.203
54.1543 -145.203
53.4865 -145.203
55.2377 -145.203
55.2377 -145.203
55.2377 -145.203
55.2377 -145.203
55.2377 -145.203
55.2377 -145.203
55.2377 -145.203
55.2377 -145.203
55.2377 -145.203
55.2377 -145.203
55.2377 -145.203
55.2377 -145.203
55.2377 -145.203
55.2377 -145.203
55.2377 -145.203
55.2377 -145.203
55.5429 -145.203
53.8365 -145.203
55.2377 -145.203
53.3155 -145.203
55.44 -145.203
55.2377 -145.203
55.2377 -145.203
55.2377 -145.203
55.2377 -145.203
54.5637 -145.203
54.6959 -145.203
55.2377 -145.203
55.2377 -145.203
55.2377 -145.203
55.2377 -145.203
55.2377 -145.203
55.2377 -145.203
55.2377 -145.203
55.2835 -145.203
55.2377 -145.203
53.7917 -145.203
55.2377 -145.203
55.2377 -145.203
55.2377 -145.203
55.2377 -145.203
55.2377 -145.203
55.2377 -145.203
55.2377 -145.203
55.2377 -145.203
55.2377 -145.203
55.2377 -145.203
55.2377 -145.203
55.2377 -145.203
55.2377 -145.203
55.2377 -145.203
55.2377 -145.203
55.2377 -145.203
55.2377 -145.203
55.2377 -145.203
55.2377 -145.203
55.2377 -145.203
55.2377 -145.203
55.2377 -145.203
55.2377 -145.203
55.2377 -145.203
55.2377 -145.203
55.2377 -145.203
55.2377 -145.203
55.2377 -145.203
55.2377 -145.203
55.2377 -145.203
52.2693 -145.203
52.5351 -145.203
55.2377 -145.203
55.2377 -145.203
55.2377 -145.203
55.2377 -145.203
55.2377 -145.203
55.2377 -145.203
55.2377 -145.203
55.2377 -145.203
55.2377 -145.203
55.2377 -145.203
55.2377 -145.203
55.2377 -145.203
55.2377 -145.203
55.2377 -145.203
55.2377 -145.203
55.2377 -145.203
55.2377 -145.203
55.2377 -145.203
55.2377 -145.203
55.2377 -145.203
52.9159 -145.203
53.3764 -145.203
55.2377 -145.203
55.2377 -145.203
55.2377 -145.203
55.2377 -145.203
55.2377 -145.203
54.3625 -145.203
53.7814 -145.203
55.2377 -145.203
54.9101 -145.203
55.2377 -145.203
55.2377 -145.203
55.2377 -145.203
55.0804 -145.203
53.7346 -145.203
55.2377 -145.203
55.2377 -145.203
55.2377 -145.203
55.2377 -145.203
55.2377 -145.203
55.2377 -145.203
55.2377 -145.203
55.2377 -145.203
55.2377 -145.203
55.2377 -145.203
55.2377 -145.203
55.2377 -145.203
55.2377 -145.203
55.2377 -145.203
55.2377 -145.203
55.0819 -145.203
53.331 -145.203
55.1152 -145.203
53.7532 -145.203
55.2377 -145.203
53.3551 -145.203
54.4369 -145.203
55.2377 -145.203
55.2377 -145.203
55.2377 -145.203
55.2377 -145.203
55.2377 -145.203
55.2377 -145.203
55.2377 -145.203
51.55 -145.203
51.7528 -145.203
55.2377 -145.203
54.5981 -145.203
54.7297 -145.203
55.2377 -145.203
55.2377 -145.203
55.2377 -145.203
55.149 -145.203
55.795 -145.203
55.2377 -145.203
55.2377 -145.203
55.2377 -145.203
55.2377 -145.203
55.2377 -145.203
55.2377 -145.203
55.2377 -145.203
55.2377 -145.203
55.2377 -145.203
55.2377 -145.203
55.2377 -145.203
55.2377 -145.203
53.9652 -145.203
53.9266 -145.203
52.8517 -145.203
55.2377 -145.203
55.2377 -145.203
55.2377 -145.203
55.2377 -145.203
55.2377 -145.203
55.2377 -145.203
55.2377 -145.203
55.2377 -145.203
55.2377 -145.203
55.2377 -145.203
55.2377 -145.203
55.2377 -145.203
55.2377 -145.203
55.2377 -145.203
55.2377 -145.203
55.2377 -145.203
55.2377 -145.203
55.2377 -145.203
55.2377 -145.203
52.7635 -145.203
53.1012 -145.203
55.2377 -145.203
55.2377 -145.203
55.2377 -145.203
55.2377 -145.203
55.2377 -145.203
55.2377 -145.203
55.2377 -145.203
55.2377 -145.203
55.2377 -145.203
55.2377 -145.203
55.2377 -145.203
55.2377 -145.203
55.2377 -145.203
55.2377 -145.203
55.2377 -145.203
55.2377 -145.203
55.2377 -145.203
52.385 -145.203
55.2779 -145.203
55.2377 -145.203
55.2377 -145.203
55.2377 -145.203
55.2377 -145.203
55.2377 -145.203
54.725 -145.203
55.2377 -145.203
55.2377 -145.203
55.2377 -145.203
55.2377 -145.203
55.2377 -145.203
55.2377 -145.203
55.2377 -145.203
55.2377 -145.203
55.2377 -145.203
55.2377 -145.203
55.2377 -145.203
55.2377 -145.203
55.2377 -145.203
55.2377 -145.203
55.2377 -145.203
55.2377 -145.203
55.2377 -145.203
55.2377 -145.203
55.2377 -145.203
55.2377 -145.203
55.2377 -145.203
55.2377 -145.203
55.2377 -145.203
55.2377 -145.203
55.2377 -145.203
55.2377 -145.203
55.2377 -145.203
55.5699 -145.203
54.0602 -145.203
53.7074 -145.203
54.6372 -145.203
55.4711 -145.203
53.6558 -145.203
55.2377 -145.203
55.2377 -145.203
55.2377 -145.203
55.2377 -145.203
55.2377 -145.203
54.349 -145.203
53.4896 -145.203
53.6596 -145.203
55.2377 -145.203
55.2377 -145.203
55.2377 -145.203
55.3813 -145.203
54.2473 -145.203
55.2377 -145.203
55.2377 -145.203
55.2377 -145.203
55.2377 -145.203
55.2377 -145.203
55.2377 -145.203
55.2377 -145.203
53.7917 -145.203
51.6307 -145.203
54.0453 -145.203
54.6272 -145.203
55.2377 -145.203
52.7876 -145.203
52.9327 -145.203
55.2377 -145.203
55.2377 -145.203
53.7082 -145.203
48.1973 -145.203
54.1599 -145.203
55.2377 -145.203
55.2377 -145.203
55.2377 -145.203
55.2377 -145.203
55.2377 -145.203
55.2377 -145.203
55.2377 -145.203
55.2377 -145.203
55.2377 -145.203
55.2377 -145.203
55.2377 -145.203
55.2377 -145.203
55.2377 -145.203
55.2377 -145.203
55.5754 -145.203
53.8017 -145.203
55.2377 -145.203
55.2377 -145.203
55.2377 -145.203
55.2377 -145.203
55.2377 -145.203
55.2377 -145.203
55.2377 -145.203
52.9561 -145.203
55.6798 -145.203
55.2377 -145.203
55.2377 -145.203
55.2377 -145.203
55.2377 -145.203
55.2377 -145.203
55.2377 -145.203
55.2377 -145.203
55.0619 -145.203
55.3219 -145.203
55.2377 -145.203
55.2377 -145.203
55.2377 -145.203
55.2377 -145.203
55.2377 -145.203
55.2377 -145.203
55.2377 -145.203
55.2377 -145.203
55.2377 -145.203
55.2377 -145.203
55.2377 -145.203
55.2377 -145.203
55.2377 -145.203
55.2377 -145.203
55.2377 -145.203
55.2377 -145.203
55.2377 -145.203
55.2377 -145.203
55.2377 -145.203
55.2377 -145.203
55.2377 -145.203
55.2377 -145.203
55.2377 -145.203
55.2377 -145.203
55.2377 -145.203
55.2377 -145.203
55.2377 -145.203
55.2377 -145.203
55.2377 -145.203
55.2377 -145.203
55.2377 -145.203
55.2377 -145.203
55.2377 -145.203
55.2377 -145.203
55.2377 -145.203
55.2377 -145.203
55.2377 -145.203
55.2377 -145.203
55.2377 -145.203
55.2377 -145.203
55.2377 -145.203
55.2377 -145.203
54.7359 -145.203
53.3923 -145.203
55.2377 -145.203
55.2377 -145.203
55.2377 -145.203
55.2377 -145.203
55.2377 -145.203
55.2377 -145.203
55.2377 -145.203
55.2377 -145.203
55.2377 -145.203
55.2377 -145.203
55.2377 -145.203
55.2377 -145.203
55.2377 -145.203
55.2377 -145.203
55.2377 -145.203
55.2377 -145.203
55.2377 -145.203
55.2377 -145.203
55.2377 -145.203
55.2377 -145.203
54.0135 -145.203
55.2752 -145.203
55.2377 -145.203
55.2377 -145.203
55.2377 -145.203
55.2377 -145.203
53.1895 -145.203
55.1083 -145.203
55.2377 -145.203
55.2377 -145.203
55.2377 -145.203
55.2377 -145.203
55.2377 -145.203
55.2377 -145.203
55.2377 -145.203
55.2377 -145.203
55.2377 -145.203
55.2377 -145.203
55.2377 -145.203
55.2377 -145.203
55.2377 -145.203
55.2377 -145.203
55.0413 -145.203
52.9884 -145.203
55.2377 -145.203
55.2377 -145.203
55.2377 -145.203
55.2377 -145.203
55.2377 -145.203
55.2377 -145.203
55.2377 -145.203
55.2377 -145.203
55.2377 -145.203
55.2377 -145.203
55.2377 -145.203
55.2377 -145.203
55.2377 -145.203
55.2377 -145.203
55.2377 -145.203
55.2377 -145.203
55.2377 -145.203
55.2377 -145.203
55.2377 -145.203
55.2377 -145.203
55.2377 -145.203
55.2377 -145.203
55.2377 -145.203
55.2377 -145.203
55.2377 -145.203
54.7284 -145.203
54.0042 -145.203
55.2377 -145.203
55.2377 -145.203
55.2377 -145.203
55.3421 -145.203
52.7876 -145.203
55.2377 -145.203
55.2377 -145.203
55.2377 -145.203
55.2377 -145.203
55.2377 -145.203
55.2377 -145.203
54.5729 -145.203
53.7917 -145.203
55.2377 -145.203
55.2377 -145.203
55.2377 -145.203
55.2377 -145.203
55.2377 -145.203
55.2377 -145.203
55.2377 -145.203
55.2377 -145.203
55.2377 -145.203
55.2377 -145.203
55.2377 -145.203
55.2377 -145.203
55.2377 -145.203
55.2377 -145.203
55.2377 -145.203
55.2377 -145.203
55.0446 -145.203
52.892 -145.203
55.2377 -145.203
55.2377 -145.203
55.2377 -145.203
55.3014 -145.203
52.892 -145.203
55.2377 -145.203
55.2377 -145.203
55.2377 -145.203
55.2377 -145.203
55.2377 -145.203
55.2377 -145.203
55.2377 -145.203
55.2377 -145.203
55.2377 -145.203
55.2377 -145.203
55.2377 -145.203
55.2377 -145.203
55.2377 -145.203
54.6662 -145.203
55.497 -145.203
52.892 -145.203
53.0851 -145.203
55.2377 -145.203
55.2377 -145.203
55.2377 -145.203
55.2377 -145.203
55.2377 -145.203
55.2377 -145.203
55.2377 -145.203
55.2377 -145.203
55.2377 -145.203
55.2377 -145.203
55.2377 -145.203
55.2377 -145.203
55.2377 -145.203
55.2377 -145.203
55.2377 -145.203
55.2377 -145.203
55.2377 -145.203
55.2377 -145.203
55.2377 -145.203
55.2377 -145.203
55.2377 -145.203
55.2377 -145.203
55.2377 -145.203
55.2377 -145.203
55.2377 -145.203
55.2377 -145.203
55.2377 -145.203
55.2377 -145.203
55.2377 -145.203
55.2377 -145.203
55.2377 -145.203
55.2377 -145.203
55.2377 -145.203
55.2377 -145.203
55.2377 -145.203
55.2377 -145.203
55.2377 -145.203
55.2377 -145.203
55.0446 -145.203
53.7335 -145.203
55.2377 -145.203
53.2704 -145.203
54.1595 -145.203
55.2377 -145.203
55.2377 -145.203
54.0305 -145.203
54.2643 -145.203
55.2377 -145.203
55.2377 -145.203
55.2377 -145.203
55.2377 -145.203
55.2377 -145.203
55.2377 -145.203
53.5396 -145.203
55.2377 -145.203
55.2377 -145.203
55.2377 -145.203
55.2377 -145.203
55.2377 -145.203
55.2377 -145.203
55.2377 -145.203
55.2377 -145.203
55.2377 -145.203
55.2377 -145.203
55.2377 -145.203
55.2377 -145.203
55.2377 -145.203
55.2377 -145.203
55.2377 -145.203
55.2377 -145.203
54.7092 -145.203
53.1647 -145.203
53.5282 -145.203
55.2377 -145.203
55.2377 -145.203
53.8415 -145.203
53.1393 -145.203
55.2377 -145.203
55.2377 -145.203
55.6335 -145.203
54.621 -145.203
55.2377 -145.203
55.2377 -145.203
55.2377 -145.203
55.2377 -145.203
55.2377 -145.203
55.2377 -145.203
55.2377 -145.203
55.2377 -145.203
55.2377 -145.203
55.2377 -145.203
55.2377 -145.203
55.2377 -145.203
55.2377 -145.203
55.2377 -145.203
55.2377 -145.203
55.2377 -145.203
55.2377 -145.203
55.2377 -145.203
55.2377 -145.203
55.3416 -145.203
52.4499 -145.203
54.2639 -145.203
53.9266 -145.203
55.2377 -145.203
55.2377 -145.203
55.2377 -145.203
55.2377 -145.203
55.2377 -145.203
55.2377 -145.203
55.2284 -145.203
53.6595 -145.203
55.098 -145.203
53.6799 -145.203
55.2377 -145.203
55.2377 -145.203
55.2377 -145.203
55.2377 -145.203
55.2377 -145.203
55.2377 -145.203
55.2377 -145.203
55.2377 -145.203
55.2377 -145.203
55.2377 -145.203
55.2377 -145.203
55.2377 -145.203
55.2377 -145.203
55.2377 -145.203
53.7917 -145.203
54.8718 -145.203
55.2377 -145.203
55.2377 -145.203
55.2377 -145.203
53.7917 -145.203
55.3699 -145.203
55.2377 -145.203
55.2377 -145.203
55.2377 -145.203
55.2377 -145.203
55.2377 -145.203
55.2377 -145.203
53.3764 -145.203
53.68 -145.203
55.2377 -145.203
55.2377 -145.203
55.2377 -145.203
55.2377 -145.203
55.2377 -145.203
53.323 -145.203
55.2533 -145.203
55.2377 -145.203
55.2377 -145.203
55.2377 -145.203
55.2377 -145.203
55.2377 -145.203
55.2377 -145.203
55.2377 -145.203
55.2377 -145.203
54.4682 -145.203
55.643 -145.203
55.2377 -145.203
55.2377 -145.203
55.2377 -145.203
55.2377 -145.203
55.2377 -145.203
55.2377 -145.203
44.1748 -145.203
44.7476 -145.203
54.0048 -145.203
55.2377 -145.203
54.7344 -145.203
53.4339 -145.203
55.2377 -145.203
55.2377 -145.203
55.2377 -145.203
55.2377 -145.203
55.2377 -145.203
53.272 -145.203
55.2377 -145.203
55.2377 -145.203
55.2377 -145.203
55.2377 -145.203
55.2377 -145.203
55.2377 -145.203
55.2377 -145.203
55.2377 -145.203
55.2377 -145.203
55.0875 -145.203
52.1026 -145.203
53.7917 -145.203
55.2377 -145.203
55.2377 -145.203
53.5918 -145.203
53.8859 -145.203
55.2377 -145.203
55.2377 -145.203
55.2377 -145.203
55.2377 -145.203
55.2377 -145.203
55.2377 -145.203
55.2377 -145.203
55.2377 -145.203
55.2377 -145.203
55.2377 -145.203
55.2377 -145.203
55.2377 -145.203
55.2377 -145.203
55.2377 -145.203
55.2377 -145.203
55.2377 -145.203
55.2377 -145.203
55.2377 -145.203
55.2377 -145.203
55.2377 -145.203
55.2377 -145.203
55.2377 -145.203
55.2377 -145.203
55.2377 -145.203
55.2179 -145.203
54.3471 -145.203
55.2377 -145.203
54.0188 -145.203
54.5699 -145.203
55.2377 -145.203
55.2377 -145.203
55.2377 -145.203
54.5613 -145.203
52.892 -145.203
55.2377 -145.203
53.9943 -145.203
53.6727 -145.203
55.2377 -145.203
55.2377 -145.203
55.2377 -145.203
55.2377 -145.203
55.2377 -145.203
55.2377 -145.203
55.2377 -145.203
55.2377 -145.203
55.2377 -145.203
55.2377 -145.203
55.2377 -145.203
55.2377 -145.203
53.3198 -145.203
54.9034 -145.203
55.2377 -145.203
55.2377 -145.203
55.2377 -145.203
55.2377 -145.203
55.2377 -145.203
54.5217 -145.203
54.6577 -145.203
55.2377 -145.203
55.2377 -145.203
55.2377 -145.203
55.2377 -145.203
55.2377 -145.203
55.2377 -145.203
55.2377 -145.203
55.2377 -145.203
53.6595 -145.203
54.322 -145.203
55.0629 -145.203
55.3848 -145.203
55.2377 -145.203
55.2377 -145.203
55.2377 -145.203
55.2377 -145.203
55.2377 -145.203
55.2377 -145.203
55.2377 -145.203
52.3209 -145.203
55.3421 -145.203
55.2377 -145.203
55.2377 -145.203
55.2377 -145.203
55.2377 -145.203
55.2377 -145.203
55.2377 -145.203
55.2377 -145.203
55.2377 -145.203
55.2377 -145.203
54.0021 -145.203
53.8893 -145.203
55.2377 -145.203
55.2377 -145.203
55.2377 -145.203
55.2377 -145.203
55.2377 -145.203
55.2377 -145.203
55.2377 -145.203
55.2377 -145.203
55.2377 -145.203
55.2377 -145.203
55.2377 -145.203
55.2377 -145.203
55.2377 -145.203
53.7917 -145.203
55.2377 -145.203
55.2377 -145.203
55.2377 -145.203
55.2377 -145.203
55.2377 -145.203
55.2377 -145.203
55.2377 -145.203
55.2377 -145.203
55.4706 -145.203
53.1895 -145.203
55.2377 -145.203
55.2377 -145.203
55.2377 -145.203
55.2377 -145.203
55.2377 -145.203
55.2377 -145.203
55.2377 -145.203
55.2377 -145.203
55.2377 -145.203
54.846 -145.203
45.8336 -145.203
55.2377 -145.203
55.2377 -145.203
55.2377 -145.203
55.2377 -145.203
55.2377 -145.203
55.2377 -145.203
55.2377 -145.203
55.2377 -145.203
53.7972 -145.203
53.2704 -145.203
55.2377 -145.203
55.2377 -145.203
55.2377 -145.203
55.2377 -145.203
55.2377 -145.203
55.2377 -145.203
55.2377 -145.203
55.2377 -145.203
55.2377 -145.203
55.2377 -145.203
55.2377 -145.203
55.2377 -145.203
55.2377 -145.203
55.6553 -145.203
54.4419 -145.203
55.2377 -145.203
55.3359 -145.203
54.2827 -145.203
54.7068 -145.203
53.3189 -145.203
55.2377 -145.203
55.2377 -145.203
55.4706 -145.203
53.2704 -145.203
55.2377 -145.203
55.2377 -145.203
55.2377 -145.203
55.2377 -145.203
55.2377 -145.203
55.2377 -145.203
55.2377 -145.203
55.2377 -145.203
55.2377 -145.203
51.8788 -145.203
54.2002 -145.203
55.2377 -145.203
55.2377 -145.203
55.2377 -145.203
55.2377 -145.203
55.2377 -145.203
55.2377 -145.203
55.2377 -145.203
55.2377 -145.203
55.2377 -145.203
55.2377 -145.203
55.2377 -145.203
55.2377 -145.203
55.2377 -145.203
55.2377 -145.203
55.2377 -145.203
55.2377 -145.203
55.2377 -145.203
55.2377 -145.203
55.2377 -145.203
55.2377 -145.203
55.1172 -145.203
53.8819 -145.203
55.2377 -145.203
55.2377 -145.203
55.2377 -145.203
55.2377 -145.203
55.2377 -145.203
55.2377 -145.203
55.2377 -145.203
55.2377 -145.203
55.2377 -145.203
55.2377 -145.203
55.2377 -145.203
55.2377 -145.203
55.2377 -145.203
55.2377 -145.203
55.2377 -145.203
55.2377 -145.203
55.2377 -145.203
54.1408 -145.203
53.3361 -145.203
55.2377 -145.203
55.2377 -145.203
55.2377 -145.203
55.2377 -145.203
55.2377 -145.203
55.2377 -145.203
55.2377 -145.203
55.2377 -145.203
55.2377 -145.203
55.2377 -145.203
55.2377 -145.203
55.2377 -145.203
55.2377 -145.203
55.2377 -145.203
55.2377 -145.203
55.2377 -145.203
51.5773 -145.203
53.8182 -145.203
55.2377 -145.203
55.2377 -145.203
55.2377 -145.203
55.2377 -145.203
55.2377 -145.203
55.5012 -145.203
54.3547 -145.203
54.4977 -145.203
55.2377 -145.203
55.2377 -145.203
55.2377 -145.203
55.2377 -145.203
55.2377 -145.203
55.2377 -145.203
55.2377 -145.203
55.2377 -145.203
55.2377 -145.203
55.2377 -145.203
55.2377 -145.203
55.2377 -145.203
55.2377 -145.203
54.1856 -145.203
54.1605 -145.203
55.2377 -145.203
55.2377 -145.203
55.2377 -145.203
54.2804 -145.203
55.4951 -145.203
52.9736 -145.203
53.8926 -145.203
55.2377 -145.203
55.2377 -145.203
55.2377 -145.203
55.697 -145.203
55.6707 -145.203
54.7961 -145.203
55.2954 -145.203
52.9561 -145.203
55.2377 -145.203
55.2377 -145.203
55.2377 -145.203
55.2377 -145.203
55.2377 -145.203
54.6266 -145.203
52.5543 -145.203
54.9734 -145.203
54.4718 -145.203
55.2377 -145.203
55.2377 -145.203
55.2377 -145.203
55.2377 -145.203
55.2377 -145.203
54.929 -145.203
52.1121 -145.203
55.2377 -145.203
55.2377 -145.203
55.2377 -145.203
55.2377 -145.203
55.2377 -145.203
55.2377 -145.203
55.2377 -145.203
55.2377 -145.203
55.2377 -145.203
49.4597 -145.203
55.2269 -145.203
55.2377 -145.203
55.2377 -145.203
54.7914 -145.203
54.9566 -145.203
55.2377 -145.203
55.2377 -145.203
55.2377 -145.203
55.2606 -145.203
54.0135 -145.203
55.2377 -145.203
55.2377 -145.203
55.2377 -145.203
55.2377 -145.203
54.6882 -145.203
54.7168 -145.203
55.2377 -145.203
55.2377 -145.203
55.2377 -145.203
55.2377 -145.203
55.2377 -145.203
55.2377 -145.203
55.2377 -145.203
55.2377 -145.203
55.2377 -145.203
55.2377 -145.203
55.7814 -145.203
55.2377 -145.203
55.2377 -145.203
55.2377 -145.203
55.2377 -145.203
55.2377 -145.203
55.2377 -145.203
55.2377 -145.203
55.2377 -145.203
55.3842 -145.203
44.0838 -145.203
55.351 -145.203
55.2377 -145.203
55.2377 -145.203
55.2377 -145.203
55.2377 -145.203
53.8658 -145.203
53.2704 -145.203
55.2377 -145.203
55.2377 -145.203
55.2377 -145.203
55.2377 -145.203
55.2377 -145.203
55.2377 -145.203
55.2377 -145.203
55.2377 -145.203
54.2779 -145.203
55.2379 -145.203
55.2377 -145.203
55.2377 -145.203
55.2377 -145.203
55.2377 -145.203
55.2377 -145.203
55.2377 -145.203
55.2377 -145.203
55.2377 -145.203
55.2377 -145.203
55.2377 -145.203
55.2377 -145.203
55.2377 -145.203
55.2377 -145.203
55.2377 -145.203
55.2377 -145.203
55.2377 -145.203
55.2377 -145.203
55.2377 -145.203
55.2377 -145.203
55.2377 -145.203
55.2377 -145.203
55.2377 -145.203
55.2377 -145.203
55.2377 -145.203
55.2377 -145.203
55.2377 -145.203
55.2377 -145.203
55.2377 -145.203
55.2377 -145.203
55.2377 -145.203
55.2377 -145.203
55.2377 -145.203
55.2377 -145.203
55.2377 -145.203
55.2377 -145.203
55.2377 -145.203
55.2377 -145.203
55.2377 -145.203
55.2377 -145.203
55.2377 -145.203
55.2377 -145.203
55.2377 -145.203
55.5021 -145.203
54.6961 -145.203
55.2377 -145.203
55.2377 -145.203
55.2377 -145.203
55.2377 -145.203
55.2377 -145.203
55.2377 -145.203
55.2377 -145.203
55.2377 -145.203
55.2377 -145.203
55.1612 -145.203
54.0135 -145.203
55.2377 -145.203
55.2377 -145.203
55.3638 -145.203
54.7055 -145.203
55.2377 -145.203
55.2377 -145.203
55.2377 -145.203
55.2377 -145.203
55.2377 -145.203
55.2377 -145.203
55.2377 -145.203
55.2377 -145.203
55.2377 -145.203
55.2377 -145.203
55.2377 -145.203
55.2377 -145.203
55.2377 -145.203
55.2377 -145.203
55.2377 -145.203
55.2377 -145.203
55.2377 -145.203
55.2377 -145.203
55.2377 -145.203
55.2377 -145.203
55.2377 -145.203
55.2377 -145.203
55.2377 -145.203
53.3741 -145.203
54.0604 -145.203
55.2377 -145.203
55.2377 -145.203
55.2377 -145.203
55.2377 -145.203
55.2377 -145.203
55.2377 -145.203
55.2377 -145.203
55.2377 -145.203
55.2377 -145.203
55.2377 -145.203
55.2377 -145.203
55.2377 -145.203
55.2372 -145.203
53.0214 -145.203
55.2377 -145.203
55.2377 -145.203
55.2377 -145.203
55.2377 -145.203
55.2377 -145.203
55.2377 -145.203
55.2377 -145.203
55.2377 -145.203
55.2377 -145.203
55.2377 -145.203
55.2377 -145.203
55.2377 -145.203
55.2377 -145.203
55.2377 -145.203
55.2377 -145.203
55.2377 -145.203
54.5735 -145.203
54.6208 -145.203
55.2377 -145.203
55.2377 -145.203
55.2377 -145.203
55.2377 -145.203
55.2377 -145.203
55.2377 -145.203
55.2377 -145.203
55.2377 -145.203
55.2377 -145.203
55.2377 -145.203
55.3001 -145.203
55.2303 -145.203
55.3014 -145.203
55.0942 -145.203
55.5012 -145.203
55.2377 -145.203
55.2377 -145.203
55.2377 -145.203
55.2377 -145.203
55.2377 -145.203
55.2377 -145.203
55.2377 -145.203
55.2377 -145.203
54.7777 -145.203
54.2621 -145.203
55.2377 -145.203
55.2377 -145.203
55.2377 -145.203
54.875 -145.203
54.6053 -145.203
55.2377 -145.203
55.2377 -145.203
55.2377 -145.203
55.2377 -145.203
55.2377 -145.203
55.2377 -145.203
55.2377 -145.203
55.2377 -145.203
55.2377 -145.203
53.8852 -145.203
55.0004 -145.203
55.2377 -145.203
55.2377 -145.203
55.2377 -145.203
55.2377 -145.203
55.2377 -145.203
55.6865 -145.203
54.6918 -145.203
55.2377 -145.203
55.2377 -145.203
55.2377 -145.203
55.2377 -145.203
55.2377 -145.203
54.247 -145.203
55.6387 -145.203
55.2377 -145.203
55.2377 -145.203
55.2377 -145.203
54.4594 -145.203
55.2377 -145.203
55.2377 -145.203
55.2377 -145.203
55.2377 -145.203
55.2377 -145.203
55.2377 -145.203
55.2377 -145.203
55.2377 -145.203
55.2377 -145.203
55.2377 -145.203
54.6459 -145.203
54.0135 -145.203
55.6081 -145.203
54.6736 -145.203
55.2377 -145.203
55.2377 -145.203
55.2377 -145.203
55.2377 -145.203
55.2377 -145.203
55.2377 -145.203
55.2377 -145.203
52.1122 -145.203
55.4303 -145.203
55.2377 -145.203
55.2377 -145.203
55.2377 -145.203
55.2377 -145.203
55.2377 -145.203
55.2377 -145.203
55.2377 -145.203
55.2377 -145.203
55.2377 -145.203
55.2377 -145.203
55.2377 -145.203
55.2377 -145.203
55.2377 -145.203
55.2377 -145.203
55.2377 -145.203
55.2377 -145.203
55.2377 -145.203
55.2377 -145.203
55.2377 -145.203
55.2377 -145.203
55.2377 -145.203
55.2377 -145.203
55.2377 -145.203
55.2377 -145.203
55.2377 -145.203
55.2377 -145.203
55.2377 -145.203
55.2377 -145.203
55.2377 -145.203
55.2377 -145.203
55.2377 -145.203
55.2377 -145.203
55.2377 -145.203
54.3046 -145.203
54.031 -145.203
55.2377 -145.203
55.2377 -145.203
55.2377 -145.203
55.2377 -145.203
55.2377 -145.203
55.2377 -145.203
55.2377 -145.203
55.2377 -145.203
53.9678 -145.203
54.4345 -145.203
55.2377 -145.203
55.2377 -145.203
55.2377 -145.203
55.2377 -145.203
55.2377 -145.203
55.2377 -145.203
55.2377 -145.203
55.2377 -145.203
55.2377 -145.203
55.2377 -145.203
55.2377 -145.203
55.2377 -145.203
55.2377 -145.203
55.2377 -145.203
55.2377 -145.203
55.2377 -145.203
53.3722 -145.203
54.6365 -145.203
55.2377 -145.203
55.2377 -145.203
55.2377 -145.203
54.031 -145.203
53.5276 -145.203
55.2377 -145.203
55.2377 -145.203
55.2377 -145.203
55.2377 -145.203
55.2377 -145.203
55.2377 -145.203
55.2377 -145.203
55.0926 -145.203
53.8658 -145.203
55.2377 -145.203
55.2377 -145.203
55.2377 -145.203
55.2377 -145.203
55.2377 -145.203
55.2377 -145.203
55.2377 -145.203
55.2377 -145.203
55.2377 -145.203
43.8284 -145.203
55.2377 -145.203
54.9523 -145.203
55.2377 -145.203
55.2377 -145.203
55.2377 -145.203
55.2377 -145.203
55.2377 -145.203
53.8448 -145.203
54.4347 -145.203
55.2377 -145.203
55.2377 -145.203
55.2377 -145.203
55.2377 -145.203
55.2377 -145.203
55.2377 -145.203
55.2377 -145.203
55.2377 -145.203
55.2377 -145.203
55.2377 -145.203
55.2377 -145.203
55.2377 -145.203
55.2377 -145.203
55.2377 -145.203
55.2377 -145.203
55.2377 -145.203
55.2377 -145.203
55.2377 -145.203
55.2377 -145.203
55.2377 -145.203
54.8751 -145.203
54.1979 -145.203
53.7917 -145.203
53.8774 -145.203
53.8854 -145.203
55.2377 -145.203
55.2377 -145.203
55.2377 -145.203
55.2377 -145.203
55.2377 -145.203
55.2377 -145.203
55.2377 -145.203
55.2377 -145.203
55.2377 -145.203
55.2377 -145.203
55.2377 -145.203
55.2377 -145.203
55.2377 -145.203
55.2377 -145.203
55.2377 -145.203
55.2377 -145.203
55.2377 -145.203
55.2377 -145.203
55.2377 -145.203
55.2377 -145.203
55.2377 -145.203
54.3335 -145.203
54.023 -145.203
55.2377 -145.203
55.2377 -145.203
55.2377 -145.203
55.2377 -145.203
54.1856 -145.203
54.1917 -145.203
55.2377 -145.203
55.2377 -145.203
55.2377 -145.203
55.2377 -145.203
55.2377 -145.203
55.2377 -145.203
55.2377 -145.203
55.2377 -145.203
55.2377 -145.203
55.2377 -145.203
55.2377 -145.203
55.2377 -145.203
55.2377 -145.203
55.2377 -145.203
55.2377 -145.203
55.2377 -145.203
55.2377 -145.203
55.2377 -145.203
55.2377 -145.203
55.2377 -145.203
55.2377 -145.203
55.2377 -145.203
54.0135 -145.203
54.3415 -145.203
55.2377 -145.203
55.2377 -145.203
55.2377 -145.203
54.298 -145.203
54.3367 -145.203
55.2377 -145.203
55.2377 -145.203
55.2377 -145.203
55.2377 -145.203
55.2377 -145.203
55.2377 -145.203
55.2377 -145.203
55.2377 -145.203
55.2377 -145.203
55.2377 -145.203
55.2377 -145.203
55.2377 -145.203
52.7876 -145.203
52.9561 -145.203
55.2377 -145.203
55.2377 -145.203
55.2377 -145.203
55.2377 -145.203
55.2377 -145.203
55.2377 -145.203
55.2377 -145.203
55.2377 -145.203
55.2377 -145.203
55.2377 -145.203
55.2377 -145.203
54.7844 -145.203
55.2377 -145.203
55.2377 -145.203
55.2377 -145.203
55.2377 -145.203
55.2377 -145.203
55.2377 -145.203
55.2377 -145.203
55.2377 -145.203
55.2377 -145.203
55.2377 -145.203
55.2377 -145.203
55.2377 -145.203
55.2377 -145.203
55.2377 -145.203
55.2377 -145.203
55.2377 -145.203
55.2377 -145.203
55.2377 -145.203
55.2377 -145.203
55.2377 -145.203
55.2377 -145.203
55.2377 -145.203
55.2377 -145.203
55.2377 -145.203
55.2377 -145.203
55.2377 -145.203
55.2377 -145.203
55.2377 -145.203
55.2377 -145.203
55.2377 -145.203
55.2377 -145.203
55.2377 -145.203
55.2377 -145.203
53.5802 -145.203
55.2377 -145.203
54.4377 -145.203
54.6053 -145.203
55.2377 -145.203
55.2377 -145.203
45.9199 -145.203
54.6722 -145.203
55.2377 -145.203
55.2377 -145.203
55.2377 -145.203
55.2377 -145.203
55.2377 -145.203
55.2377 -145.203
55.2377 -145.203
55.2377 -145.203
55.2377 -145.203
55.2377 -145.203
55.2377 -145.203
55.2377 -145.203
55.2377 -145.203
54.853 -145.203
55.7239 -145.203
55.2377 -145.203
55.2377 -145.203
55.2377 -145.203
55.2377 -145.203
55.2377 -145.203
55.2377 -145.203
55.2377 -145.203
55.2377 -145.203
55.2377 -145.203
55.2377 -145.203
55.2377 -145.203
55.2377 -145.203
55.2377 -145.203
54.3169 -145.203
54.5992 -145.203
55.2377 -145.203
55.2377 -145.203
55.2377 -145.203
55.2377 -145.203
55.2377 -145.203
55.2377 -145.203
55.2377 -145.203
55.2377 -145.203
55.2377 -145.203
55.2377 -145.203
55.2377 -145.203
55.2377 -145.203
55.2377 -145.203
55.2377 -145.203
54.0584 -145.203
54.602 -145.203
55.2377 -145.203
55.2377 -145.203
55.2377 -145.203
55.2377 -145.203
55.2377 -145.203
55.0853 -145.203
53.9297 -145.203
55.2377 -145.203
55.2377 -145.203
55.2377 -145.203
55.2377 -145.203
55.2377 -145.203
55.2377 -145.203
55.2377 -145.203
55.2377 -145.203
55.2377 -145.203
55.2377 -145.203
55.2377 -145.203
55.2377 -145.203
55.2377 -145.203
55.2377 -145.203
55.2377 -145.203
55.2377 -145.203
55.2377 -145.203
55.2377 -145.203
55.2377 -145.203
55.2377 -145.203
55.1404 -145.203
55.2337 -145.203
55.2377 -145.203
55.2377 -145.203
55.2377 -145.203
55.2377 -145.203
55.2377 -145.203
55.2377 -145.203
55.2377 -145.203
55.2377 -145.203
55.2377 -145.203
55.2377 -145.203
55.2377 -145.203
55.2377 -145.203
55.2377 -145.203
55.2377 -145.203
55.2377 -145.203
55.2377 -145.203
55.2377 -145.203
55.2377 -145.203
55.2377 -145.203
55.2377 -145.203
55.2377 -145.203
55.2377 -145.203
55.2377 -145.203
55.2377 -145.203
55.2377 -145.203
55.2377 -145.203
55.2377 -145.203
55.2377 -145.203
55.2377 -145.203
53.546 -145.203
55.3422 -145.203
55.2377 -145.203
53.6083 -145.203
54.1298 -145.203
55.2377 -145.203
55.2377 -145.203
55.2377 -145.203
55.2377 -145.203
55.2377 -145.203
55.2377 -145.203
55.2377 -145.203
55.2377 -145.203
55.2377 -145.203
55.2377 -145.203
55.2377 -145.203
55.2377 -145.203
55.2377 -145.203
55.2377 -145.203
55.2377 -145.203
55.2377 -145.203
55.2377 -145.203
55.2377 -145.203
55.2377 -145.203
55.2377 -145.203
55.2377 -145.203
55.2377 -145.203
55.2377 -145.203
55.2377 -145.203
55.2377 -145.203
55.2377 -145.203
55.2377 -145.203
55.2377 -145.203
55.2377 -145.203
55.2377 -145.203
55.2377 -145.203
55.2377 -145.203
55.2377 -145.203
55.2377 -145.203
55.2377 -145.203
55.2377 -145.203
54.6877 -145.203
55.2377 -145.203
55.2377 -145.203
54.6155 -145.203
54.1565 -145.203
55.2377 -145.203
55.471 -145.203
54.9402 -145.203
55.2377 -145.203
53.7917 -145.203
55.2377 -145.203
55.2377 -145.203
55.2377 -145.203
53.5803 -145.203
53.8325 -145.203
55.2377 -145.203
55.2377 -145.203
55.2377 -145.203
55.2377 -145.203
55.2377 -145.203
54.0207 -145.203
54.0238 -145.203
55.2377 -145.203
55.2377 -145.203
55.2377 -145.203
55.2377 -145.203
55.2377 -145.203
55.2377 -145.203
55.2377 -145.203
55.2377 -145.203
55.2377 -145.203
55.2377 -145.203
55.2377 -145.203
55.2377 -145.203
55.2377 -145.203
55.2377 -145.203
55.2377 -145.203
55.2377 -145.203
52.892 -145.203
52.4096 -145.203
55.2377 -145.203
55.2377 -145.203
55.2377 -145.203
55.2377 -145.203
55.2377 -145.203
55.2377 -145.203
55.2377 -145.203
55.2377 -145.203
55.2377 -145.203
55.2377 -145.203
55.2377 -145.203
55.2377 -145.203
55.2377 -145.203
55.2377 -145.203
55.2377 -145.203
55.2377 -145.203
55.2377 -145.203
55.2377 -145.203
55.2377 -145.203
55.2377 -145.203
55.2377 -145.203
55.2377 -145.203
55.2377 -145.203
55.2377 -145.203
55.2377 -145.203
55.2377 -145.203
55.2377 -145.203
55.2377 -145.203
55.2377 -145.203
55.2377 -145.203
55.2377 -145.203
53.7083 -145.203
54.0818 -145.203
53.2292 -145.203
55.2377 -145.203
55.2377 -145.203
55.2377 -145.203
55.2377 -145.203
55.2377 -145.203
55.2377 -145.203
55.2377 -145.203
55.2377 -145.203
55.278 -145.203
54.875 -145.203
55.2377 -145.203
55.2377 -145.203
55.2377 -145.203
55.2377 -145.203
55.2377 -145.203
55.2377 -145.203
55.3421 -145.203
53.2943 -145.203
55.2377 -145.203
54.4377 -145.203
54.8596 -145.203
55.2377 -145.203
55.2377 -145.203
55.2377 -145.203
55.1136 -145.203
55.7752 -145.203
55.2377 -145.203
55.2377 -145.203
55.2377 -145.203
55.2377 -145.203
55.2377 -145.203
55.2377 -145.203
55.2377 -145.203
55.2377 -145.203
55.2377 -145.203
55.2377 -145.203
55.2377 -145.203
55.2377 -145.203
55.2377 -145.203
55.2377 -145.203
55.2377 -145.203
55.2377 -145.203
55.2377 -145.203
55.2377 -145.203
55.2377 -145.203
55.2377 -145.203
55.7595 -145.203
54.8302 -145.203
55.2377 -145.203
55.2377 -145.203
55.2377 -145.203
55.2377 -145.203
55.2377 -145.203
55.2377 -145.203
55.2377 -145.203
55.2377 -145.203
55.2377 -145.203
55.2377 -145.203
55.2377 -145.203
55.2377 -145.203
55.2377 -145.203
55.2377 -145.203
55.2377 -145.203
55.2377 -145.203
53.3764 -145.203
54.5536 -145.203
55.2377 -145.203
55.2377 -145.203
55.2377 -145.203
55.2377 -145.203
55.2377 -145.203
55.2377 -145.203
55.2377 -145.203
55.2377 -145.203
55.2377 -145.203
55.2377 -145.203
55.2377 -145.203
53.4865 -145.203
55.2377 -145.203
55.2377 -145.203
55.2377 -145.203
55.2377 -145.203
55.2377 -145.203
55.2377 -145.203
55.2377 -145.203
55.2377 -145.203
55.2377 -145.203
55.2377 -145.203
55.2377 -145.203
55.2377 -145.203
55.2377 -145.203
55.2377 -145.203
55.2377 -145.203
55.2377 -145.203
55.2377 -145.203
55.2377 -145.203
55.2377 -145.203
55.2377 -145.203
55.2377 -145.203
55.2377 -145.203
55.2377 -145.203
53.1974 -145.203
53.883 -145.203
55.2377 -145.203
55.2377 -145.203
52.7881 -145.203
52.3917 -145.203
53.8221 -145.203
55.2377 -145.203
45.512 -145.203
54.9566 -145.203
55.2377 -145.203
53.5676 -145.203
54.9889 -145.203
55.2377 -145.203
55.2377 -145.203
55.2377 -145.203
55.2377 -145.203
55.2377 -145.203
55.2377 -145.203
55.2377 -145.203
55.2377 -145.203
55.2377 -145.203
55.2377 -145.203
55.2377 -145.203
55.2377 -145.203
55.2377 -145.203
55.2377 -145.203
55.2377 -145.203
55.2377 -145.203
55.2377 -145.203
54.3634 -145.203
53.3262 -145.203
55.2377 -145.203
55.2377 -145.203
55.2377 -145.203
55.2377 -145.203
55.2377 -145.203
55.2377 -145.203
55.2377 -145.203
55.2377 -145.203
55.2377 -145.203
55.2377 -145.203
55.2377 -145.203
55.2377 -145.203
55.2377 -145.203
55.47 -145.203
54.698 -145.203
55.0866 -145.203
54.0604 -145.203
55.2377 -145.203
55.2377 -145.203
55.2377 -145.203
54.1301 -145.203
53.9439 -145.203
55.2377 -145.203
55.2377 -145.203
55.2377 -145.203
55.2377 -145.203
55.2377 -145.203
55.2377 -145.203
55.167 -145.203
54.0135 -145.203
55.2377 -145.203
55.1636 -145.203
54.748 -145.203
55.2377 -145.203
55.2377 -145.203
55.2377 -145.203
55.2377 -145.203
55.2377 -145.203
55.2377 -145.203
55.2377 -145.203
55.2377 -145.203
53.7917 -145.203
55.0177 -145.203
55.2377 -145.203
55.2377 -145.203
55.2377 -145.203
55.2377 -145.203
55.2377 -145.203
55.2377 -145.203
55.2377 -145.203
55.2377 -145.203
55.2377 -145.203
55.2377 -145.203
55.0421 -145.203
53.7083 -145.203
55.2377 -145.203
55.2377 -145.203
55.2377 -145.203
55.2377 -145.203
55.2377 -145.203
55.2377 -145.203
55.2377 -145.203
55.2377 -145.203
55.2377 -145.203
55.2377 -145.203
55.2377 -145.203
55.2377 -145.203
55.2377 -145.203
55.2377 -145.203
55.2377 -145.203
55.2377 -145.203
55.2377 -145.203
55.2377 -145.203
55.2377 -145.203
53.9297 -145.203
55.0947 -145.203
55.2377 -145.203
55.2377 -145.203
55.2377 -145.203
55.2377 -145.203
55.2377 -145.203
55.2377 -145.203
55.2377 -145.203
55.2377 -145.203
55.2377 -145.203
55.2377 -145.203
55.2377 -145.203
55.2377 -145.203
55.2377 -145.203
55.2377 -145.203
55.2377 -145.203
55.2377 -145.203
55.2377 -145.203
55.2377 -145.203
55.2377 -145.203
55.2377 -145.203
55.2377 -145.203
53.3647 -145.203
55.3576 -145.203
55.2377 -145.203
55.2377 -145.203
55.2377 -145.203
55.2377 -145.203
55.2377 -145.203
55.2377 -145.203
55.2377 -145.203
55.2377 -145.203
55.2377 -145.203
55.2377 -145.203
55.2377 -145.203
55.4303 -145.203
54.2876 -145.203
55.2377 -145.203
55.2377 -145.203
55.2377 -145.203
55.2377 -145.203
55.2377 -145.203
53.8865 -145.203
55.2377 -145.203
55.2377 -145.203
55.2377 -145.203
55.2377 -145.203
55.2377 -145.203
55.2377 -145.203
55.2377 -145.203
55.2377 -145.203
55.2377 -145.203
55.2377 -145.203
55.2377 -145.203
55.2377 -145.203
53.7917 -145.203
53.223 -145.203
55.2377 -145.203
55.2377 -145.203
55.2377 -145.203
55.2377 -145.203
55.2377 -145.203
55.2377 -145.203
55.2377 -145.203
55.2377 -145.203
55.2377 -145.203
55.2377 -145.203
55.2377 -145.203
55.2377 -145.203
55.2377 -145.203
55.2377 -145.203
55.2377 -145.203
55.2377 -145.203
55.2377 -145.203
55.2377 -145.203
55.2377 -145.203
55.2377 -145.203
55.2377 -145.203
55.2377 -145.203
55.2377 -145.203
55.2377 -145.203
55.2377 -145.203
55.2377 -145.203
55.2377 -145.203
55.2377 -145.203
55.2377 -145.203
55.2377 -145.203
55.2377 -145.203
55.2377 -145.203
55.2377 -145.203
55.2179 -145.203
55.2377 -145.203
55.2377 -145.203
55.2377 -145.203
55.2377 -145.203
55.2377 -145.203
55.2377 -145.203
55.2377 -145.203
55.2377 -145.203
55.2377 -145.203
54.6528 -145.203
54.3664 -145.203
55.2377 -145.203
55.2377 -145.203
55.2377 -145.203
55.2377 -145.203
55.2377 -145.203
55.2377 -145.203
55.2377 -145.203
55.2377 -145.203
55.2377 -145.203
55.2377 -145.203
55.2377 -145.203
55.2377 -145.203
55.2377 -145.203
54.3933 -145.203
55.471 -145.203
55.2377 -145.203
55.2377 -145.203
55.2377 -145.203
55.2377 -145.203
55.2377 -145.203
55.2377 -145.203
55.2377 -145.203
54.5379 -145.203
54.031 -145.203
55.2377 -145.203
55.2314 -145.203
55.2377 -145.203
55.2377 -145.203
53.9702 -145.203
55.2377 -145.203
55.2377 -145.203
55.2377 -145.203
55.2377 -145.203
55.2377 -145.203
55.2377 -145.203
55.2377 -145.203
55.2377 -145.203
55.2377 -145.203
55.2377 -145.203
55.2377 -145.203
55.2377 -145.203
55.2377 -145.203
55.2377 -145.203
55.2377 -145.203
55.2377 -145.203
55.2377 -145.203
55.2377 -145.203
55.2377 -145.203
55.2377 -145.203
55.2377 -145.203
55.2377 -145.203
55.2377 -145.203
55.2377 -145.203
55.2377 -145.203
55.2377 -145.203
55.2377 -145.203
55.2377 -145.203
55.2377 -145.203
55.2377 -145.203
55.2377 -145.203
55.2377 -145.203
55.2377 -145.203
55.2377 -145.203
55.2377 -145.203
55.2377 -145.203
55.2377 -145.203
55.2377 -145.203
55.2377 -145.203
55.2377 -145.203
55.2377 -145.203
55.2377 -145.203
55.2377 -145.203
55.2377 -145.203
55.2377 -145.203
55.2377 -145.203
55.2377 -145.203
55.2377 -145.203
55.2377 -145.203
55.2377 -145.203
55.2377 -145.203
55.2377 -145.203
55.2377 -145.203
55.2377 -145.203
55.2377 -145.203
55.2377 -145.203
55.2377 -145.203
55.2377 -145.203
55.2377 -145.203
55.2377 -145.203
55.2377 -145.203
51.2919 -145.203
54.9268 -145.203
55.2377 -145.203
55.2377 -145.203
55.2377 -145.203
55.2377 -145.203
55.2377 -145.203
55.2377 -145.203
55.2377 -145.203
55.0919 -145.203
53.9054 -145.203
55.2377 -145.203
55.2377 -145.203
55.2377 -145.203
52.6126 -145.203
52.7148 -145.203
55.2377 -145.203
55.2377 -145.203
53.8658 -145.203
52.2166 -145.203
55.2377 -145.203
55.2377 -145.203
55.2377 -145.203
55.2377 -145.203
55.2377 -145.203
55.2377 -145.203
55.2377 -145.203
55.2377 -145.203
52.892 -145.203
52.8037 -145.203
55.2377 -145.203
55.2377 -145.203
55.2377 -145.203
55.2377 -145.203
55.9386 -145.203
54.0135 -145.203
54.8683 -145.203
55.2377 -145.203
55.2377 -145.203
55.2377 -145.203
55.2377 -145.203
55.2377 -145.203
55.2377 -145.203
55.2377 -145.203
53.8654 -145.203
54.4335 -145.203
55.2377 -145.203
55.2377 -145.203
55.2377 -145.203
55.2377 -145.203
55.2377 -145.203
55.2377 -145.203
55.2377 -145.203
55.2377 -145.203
55.2377 -145.203
55.2377 -145.203
55.2377 -145.203
55.2377 -145.203
55.2377 -145.203
55.2377 -145.203
55.2377 -145.203
55.2377 -145.203
55.2377 -145.203
55.2377 -145.203
55.2377 -145.203
55.2377 -145.203
55.2377 -145.203
55.2377 -145.203
55.2377 -145.203
55.2377 -145.203
55.2377 -145.203
55.2377 -145.203
55.2377 -145.203
55.2377 -145.203
55.2377 -145.203
55.2377 -145.203
55.2377 -145.203
55.2377 -145.203
55.2377 -145.203
55.2377 -145.203
55.2377 -145.203
55.2377 -145.203
55.2377 -145.203
55.2377 -145.203
55.2377 -145.203
55.2377 -145.203
55.2377 -145.203
55.2377 -145.203
55.2377 -145.203
55.2377 -145.203
55.2377 -145.203
55.2377 -145.203
55.2377 -145.203
55.2377 -145.203
55.2377 -145.203
55.2377 -145.203
55.2377 -145.203
55.2377 -145.203
55.2377 -145.203
55.2377 -145.203
55.2377 -145.203
55.2377 -145.203
55.2377 -145.203
55.2377 -145.203
55.2377 -145.203
55.2377 -145.203
55.2377 -145.203
53.9867 -145.203
54.1856 -145.203
52.8595 -145.203
55.2377 -145.203
55.2377 -145.203
55.2377 -145.203
55.2377 -145.203
55.2377 -145.203
55.2377 -145.203
55.2377 -145.203
55.2377 -145.203
55.2377 -145.203
55.2377 -145.203
55.2377 -145.203
55.2377 -145.203
55.2377 -145.203
55.2377 -145.203
55.2377 -145.203
55.2377 -145.203
55.2377 -145.203
55.2377 -145.203
55.2377 -145.203
55.2377 -145.203
55.2377 -145.203
55.2377 -145.203
55.2377 -145.203
55.2377 -145.203
55.2377 -145.203
55.2377 -145.203
55.2377 -145.203
55.2377 -145.203
